[10Jan2026 02:46:13.379] [main/INFO] [cpw.mods.modlauncher.Launcher/MODLAUNCHER]: ModLauncher running: args [--launchTarget, forgeserver, --fml.forgeVersion, 47.3.7, --fml.mcVersion, 1.20.1, --fml.forgeGroup, net.minecraftforge, --fml.mcpVersion, 20230612.114412, nogui]
[10Jan2026 02:46:13.383] [main/INFO] [cpw.mods.modlauncher.Launcher/MODLAUNCHER]: ModLauncher 10.0.9+10.0.9+main.dcd20f30 starting: java version 17.0.17 by Ubuntu; OS Linux arch amd64 version 6.8.0-1030-azure
[10Jan2026 02:46:13.420] [main/DEBUG] [cpw.mods.modlauncher.LaunchServiceHandler/MODLAUNCHER]: Found launch services [fmlclientdev,forgeclient,minecraft,forgegametestserverdev,fmlserveruserdev,fmlclient,fmldatauserdev,forgeserverdev,forgeserveruserdev,forgeclientdev,forgeclientuserdev,forgeserver,forgedatadev,fmlserver,fmlclientuserdev,fmlserverdev,forgedatauserdev,testharness,forgegametestserveruserdev]
[10Jan2026 02:46:13.438] [main/DEBUG] [cpw.mods.modlauncher.NameMappingServiceHandler/MODLAUNCHER]: Found naming services : [srgtomcp]
[10Jan2026 02:46:13.453] [main/DEBUG] [cpw.mods.modlauncher.LaunchPluginHandler/MODLAUNCHER]: Found launch plugins: [mixin,eventbus,slf4jfixer,object_holder_definalize,runtime_enum_extender,capability_token_subclass,accesstransformer,runtimedistcleaner]
[10Jan2026 02:46:13.468] [main/DEBUG] [cpw.mods.modlauncher.TransformationServicesHandler/MODLAUNCHER]: Discovering transformation services
[10Jan2026 02:46:13.475] [main/DEBUG] [net.minecraftforge.fml.loading.FMLPaths/CORE]: Path GAMEDIR is /workspaces/Servy/servidor_minecraft
[10Jan2026 02:46:13.475] [main/DEBUG] [net.minecraftforge.fml.loading.FMLPaths/CORE]: Path MODSDIR is /workspaces/Servy/servidor_minecraft/mods
[10Jan2026 02:46:13.476] [main/DEBUG] [net.minecraftforge.fml.loading.FMLPaths/CORE]: Path CONFIGDIR is /workspaces/Servy/servidor_minecraft/config
[10Jan2026 02:46:13.476] [main/DEBUG] [net.minecraftforge.fml.loading.FMLPaths/CORE]: Path FMLCONFIG is /workspaces/Servy/servidor_minecraft/config/fml.toml
[10Jan2026 02:46:14.257] [main/DEBUG] [cpw.mods.modlauncher.TransformationServicesHandler/MODLAUNCHER]: Found additional transformation services from discovery services: 
[10Jan2026 02:46:14.263] [main/INFO] [net.minecraftforge.fml.loading.ImmediateWindowHandler/]: ImmediateWindowProvider not loading because launch target is forgeserver
[10Jan2026 02:46:14.271] [main/DEBUG] [cpw.mods.modlauncher.TransformationServicesHandler/MODLAUNCHER]: Found transformer services : [mixin,fml]
[10Jan2026 02:46:14.271] [main/DEBUG] [cpw.mods.modlauncher.TransformationServicesHandler/MODLAUNCHER]: Transformation services loading
[10Jan2026 02:46:14.272] [main/DEBUG] [cpw.mods.modlauncher.TransformationServiceDecorator/MODLAUNCHER]: Loading service mixin
[10Jan2026 02:46:14.272] [main/DEBUG] [cpw.mods.modlauncher.TransformationServiceDecorator/MODLAUNCHER]: Loaded service mixin
[10Jan2026 02:46:14.272] [main/DEBUG] [cpw.mods.modlauncher.TransformationServiceDecorator/MODLAUNCHER]: Loading service fml
[10Jan2026 02:46:14.273] [main/DEBUG] [net.minecraftforge.fml.loading.LauncherVersion/CORE]: Found FMLLauncher version 1.0
[10Jan2026 02:46:14.273] [main/DEBUG] [net.minecraftforge.fml.loading.FMLLoader/CORE]: FML 1.0 loading
[10Jan2026 02:46:14.273] [main/DEBUG] [net.minecraftforge.fml.loading.FMLLoader/CORE]: FML found ModLauncher version : 10.0.9+10.0.9+main.dcd20f30
[10Jan2026 02:46:14.274] [main/DEBUG] [net.minecraftforge.fml.loading.FMLLoader/CORE]: FML found AccessTransformer version : 8.0.4+66+master.c09db6d7
[10Jan2026 02:46:14.274] [main/DEBUG] [net.minecraftforge.fml.loading.FMLLoader/CORE]: FML found EventBus version : 6.0.5+6.0.5+master.eb8e549b
[10Jan2026 02:46:14.275] [main/DEBUG] [net.minecraftforge.fml.loading.FMLLoader/CORE]: Found Runtime Dist Cleaner
[10Jan2026 02:46:14.276] [main/DEBUG] [net.minecraftforge.fml.loading.FMLLoader/CORE]: FML found CoreMod version : 5.1.6
[10Jan2026 02:46:14.276] [main/DEBUG] [net.minecraftforge.fml.loading.FMLLoader/CORE]: Found ForgeSPI package implementation version 7.0.1+7.0.1+master.d2b38bf6
[10Jan2026 02:46:14.277] [main/DEBUG] [net.minecraftforge.fml.loading.FMLLoader/CORE]: Found ForgeSPI package specification 5
[10Jan2026 02:46:14.277] [main/DEBUG] [cpw.mods.modlauncher.TransformationServiceDecorator/MODLAUNCHER]: Loaded service fml
[10Jan2026 02:46:14.278] [main/DEBUG] [cpw.mods.modlauncher.TransformationServicesHandler/MODLAUNCHER]: Configuring option handling for services
[10Jan2026 02:46:14.284] [main/DEBUG] [cpw.mods.modlauncher.TransformationServicesHandler/MODLAUNCHER]: Transformation services initializing
[10Jan2026 02:46:14.285] [main/DEBUG] [cpw.mods.modlauncher.TransformationServiceDecorator/MODLAUNCHER]: Initializing transformation service mixin
[10Jan2026 02:46:14.299] [main/DEBUG] [mixin/]: MixinService [ModLauncher] was successfully booted in cpw.mods.cl.ModuleClassLoader@44c8afef
[10Jan2026 02:46:14.317] [main/INFO] [mixin/]: SpongePowered MIXIN Subsystem Version=0.8.5 Source=union:/workspaces/Servy/servidor_minecraft/libraries/org/spongepowered/mixin/0.8.5/mixin-0.8.5.jar%2363!/ Service=ModLauncher Env=SERVER
[10Jan2026 02:46:14.322] [main/DEBUG] [mixin/]: Initialising Mixin Platform Manager
[10Jan2026 02:46:14.322] [main/DEBUG] [mixin/]: Adding mixin platform agents for container ModLauncher Root Container(ModLauncher:4f56a0a2)
[10Jan2026 02:46:14.323] [main/DEBUG] [mixin/]: Instancing new MixinPlatformAgentMinecraftForge for ModLauncher Root Container(ModLauncher:4f56a0a2)
[10Jan2026 02:46:14.323] [main/DEBUG] [mixin/]: MixinPlatformAgentMinecraftForge rejected container ModLauncher Root Container(ModLauncher:4f56a0a2)
[10Jan2026 02:46:14.324] [main/DEBUG] [mixin/]: Instancing new MixinPlatformAgentDefault for ModLauncher Root Container(ModLauncher:4f56a0a2)
[10Jan2026 02:46:14.324] [main/DEBUG] [mixin/]: MixinPlatformAgentDefault accepted container ModLauncher Root Container(ModLauncher:4f56a0a2)
[10Jan2026 02:46:14.328] [main/DEBUG] [cpw.mods.modlauncher.TransformationServiceDecorator/MODLAUNCHER]: Initialized transformation service mixin
[10Jan2026 02:46:14.328] [main/DEBUG] [cpw.mods.modlauncher.TransformationServiceDecorator/MODLAUNCHER]: Initializing transformation service fml
[10Jan2026 02:46:14.328] [main/DEBUG] [net.minecraftforge.fml.loading.FMLServiceProvider/CORE]: Setting up basic FML game directories
[10Jan2026 02:46:14.328] [main/DEBUG] [net.minecraftforge.fml.loading.FMLPaths/CORE]: Path GAMEDIR is /workspaces/Servy/servidor_minecraft
[10Jan2026 02:46:14.328] [main/DEBUG] [net.minecraftforge.fml.loading.FMLPaths/CORE]: Path MODSDIR is /workspaces/Servy/servidor_minecraft/mods
[10Jan2026 02:46:14.329] [main/DEBUG] [net.minecraftforge.fml.loading.FMLPaths/CORE]: Path CONFIGDIR is /workspaces/Servy/servidor_minecraft/config
[10Jan2026 02:46:14.329] [main/DEBUG] [net.minecraftforge.fml.loading.FMLPaths/CORE]: Path FMLCONFIG is /workspaces/Servy/servidor_minecraft/config/fml.toml
[10Jan2026 02:46:14.329] [main/DEBUG] [net.minecraftforge.fml.loading.FMLServiceProvider/CORE]: Loading configuration
[10Jan2026 02:46:14.331] [main/DEBUG] [net.minecraftforge.fml.loading.FMLServiceProvider/CORE]: Preparing ModFile
[10Jan2026 02:46:14.334] [main/DEBUG] [net.minecraftforge.fml.loading.FMLServiceProvider/CORE]: Preparing launch handler
[10Jan2026 02:46:14.335] [main/DEBUG] [net.minecraftforge.fml.loading.FMLLoader/CORE]: Using forgeserver as launch service
[10Jan2026 02:46:14.349] [main/DEBUG] [net.minecraftforge.fml.loading.FMLLoader/CORE]: Received command line version data  : VersionInfo[forgeVersion=47.3.7, mcVersion=1.20.1, mcpVersion=20230612.114412, forgeGroup=net.minecraftforge]
[10Jan2026 02:46:14.350] [main/DEBUG] [cpw.mods.modlauncher.TransformationServiceDecorator/MODLAUNCHER]: Initialized transformation service fml
[10Jan2026 02:46:14.351] [main/DEBUG] [cpw.mods.modlauncher.NameMappingServiceHandler/MODLAUNCHER]: Current naming domain is 'srg'
[10Jan2026 02:46:14.351] [main/DEBUG] [cpw.mods.modlauncher.NameMappingServiceHandler/MODLAUNCHER]: Identified name mapping providers {}
[10Jan2026 02:46:14.351] [main/DEBUG] [cpw.mods.modlauncher.TransformationServicesHandler/MODLAUNCHER]: Transformation services begin scanning
[10Jan2026 02:46:14.352] [main/DEBUG] [cpw.mods.modlauncher.TransformationServiceDecorator/MODLAUNCHER]: Beginning scan trigger - transformation service mixin
[10Jan2026 02:46:14.352] [main/DEBUG] [cpw.mods.modlauncher.TransformationServiceDecorator/MODLAUNCHER]: End scan trigger - transformation service mixin
[10Jan2026 02:46:14.353] [main/DEBUG] [cpw.mods.modlauncher.TransformationServiceDecorator/MODLAUNCHER]: Beginning scan trigger - transformation service fml
[10Jan2026 02:46:14.353] [main/DEBUG] [net.minecraftforge.fml.loading.FMLServiceProvider/CORE]: Initiating mod scan
[10Jan2026 02:46:14.361] [main/DEBUG] [net.minecraftforge.fml.loading.moddiscovery.ModListHandler/CORE]: Found mod coordinates from lists: []
[10Jan2026 02:46:14.364] [main/DEBUG] [net.minecraftforge.fml.loading.moddiscovery.ModDiscoverer/CORE]: Found Mod Locators : (mods folder:null),(maven libs:null),(exploded directory:null),(minecraft:null),(userdev classpath:null)
[10Jan2026 02:46:14.365] [main/DEBUG] [net.minecraftforge.fml.loading.moddiscovery.ModDiscoverer/CORE]: Found Dependency Locators : (JarInJar:null)
[10Jan2026 02:46:14.374] [main/DEBUG] [net.minecraftforge.fml.loading.moddiscovery.ModFileParser/LOADING]: Considering mod file candidate /workspaces/Servy/servidor_minecraft/mods/[1.20.1] SecurityCraft v1.10.1.jar
[10Jan2026 02:46:14.415] [main/DEBUG] [net.minecraftforge.fml.loading.moddiscovery.ModFileInfo/LOADING]: Found valid mod file [1.20.1] SecurityCraft v1.10.1.jar with {securitycraft} mods - versions {1.10.1}
[10Jan2026 02:46:14.417] [main/DEBUG] [net.minecraftforge.fml.loading.moddiscovery.ModFileParser/LOADING]: Considering mod file candidate /workspaces/Servy/servidor_minecraft/mods/alexsmobs-1.22.9.jar
[10Jan2026 02:46:14.419] [main/DEBUG] [net.minecraftforge.fml.loading.moddiscovery.ModFileInfo/LOADING]: Found valid mod file alexsmobs-1.22.9.jar with {alexsmobs} mods - versions {1.22.9}
[10Jan2026 02:46:14.419] [main/DEBUG] [net.minecraftforge.fml.loading.moddiscovery.ModFileParser/LOADING]: Considering mod file candidate /workspaces/Servy/servidor_minecraft/mods/architectury-9.2.14-forge (1).jar
[10Jan2026 02:46:14.421] [main/DEBUG] [net.minecraftforge.fml.loading.moddiscovery.ModFileInfo/LOADING]: Found valid mod file architectury-9.2.14-forge (1).jar with {architectury} mods - versions {9.2.14}
[10Jan2026 02:46:14.421] [main/DEBUG] [net.minecraftforge.fml.loading.moddiscovery.ModFileParser/LOADING]: Considering mod file candidate /workspaces/Servy/servidor_minecraft/mods/architectury-9.2.14-forge.jar
[10Jan2026 02:46:14.422] [main/DEBUG] [net.minecraftforge.fml.loading.moddiscovery.ModFileInfo/LOADING]: Found valid mod file architectury-9.2.14-forge.jar with {architectury} mods - versions {9.2.14}
[10Jan2026 02:46:14.423] [main/DEBUG] [net.minecraftforge.fml.loading.moddiscovery.ModFileParser/LOADING]: Considering mod file candidate /workspaces/Servy/servidor_minecraft/mods/artifacts-forge-9.5.16.jar
[10Jan2026 02:46:14.425] [main/DEBUG] [net.minecraftforge.fml.loading.moddiscovery.ModFileInfo/LOADING]: Found valid mod file artifacts-forge-9.5.16.jar with {artifacts} mods - versions {9.5.16}
[10Jan2026 02:46:14.426] [main/DEBUG] [net.minecraftforge.fml.loading.moddiscovery.ModFileParser/LOADING]: Considering mod file candidate /workspaces/Servy/servidor_minecraft/mods/balm-forge-1.20.1-7.3.37-all.jar
[10Jan2026 02:46:14.428] [main/DEBUG] [net.minecraftforge.fml.loading.moddiscovery.ModFileInfo/LOADING]: Found valid mod file balm-forge-1.20.1-7.3.37-all.jar with {balm} mods - versions {7.3.37}
[10Jan2026 02:46:14.428] [main/DEBUG] [net.minecraftforge.fml.loading.moddiscovery.ModFileParser/LOADING]: Considering mod file candidate /workspaces/Servy/servidor_minecraft/mods/beautifiedchatserver-1.20.1-2.7.jar
[10Jan2026 02:46:14.430] [main/DEBUG] [net.minecraftforge.fml.loading.moddiscovery.ModFileInfo/LOADING]: Found valid mod file beautifiedchatserver-1.20.1-2.7.jar with {beautifiedchatserver} mods - versions {2.7}
[10Jan2026 02:46:14.430] [main/DEBUG] [net.minecraftforge.fml.loading.moddiscovery.ModFileParser/LOADING]: Considering mod file candidate /workspaces/Servy/servidor_minecraft/mods/BetterPingDisplay-1.20.1-1.1.jar
[10Jan2026 02:46:14.432] [main/DEBUG] [net.minecraftforge.fml.loading.moddiscovery.ModFileInfo/LOADING]: Found valid mod file BetterPingDisplay-1.20.1-1.1.jar with {betterpingdisplay} mods - versions {1.1}
[10Jan2026 02:46:14.435] [main/DEBUG] [net.minecraftforge.fml.loading.moddiscovery.ModFileParser/LOADING]: Considering mod file candidate /workspaces/Servy/servidor_minecraft/mods/born_in_chaos_[Forge]1.20.1_1.7.3.jar
[10Jan2026 02:46:14.436] [main/DEBUG] [net.minecraftforge.fml.loading.moddiscovery.ModFileInfo/LOADING]: Found valid mod file born_in_chaos_[Forge]1.20.1_1.7.3.jar with {born_in_chaos_v1} mods - versions {1.7.3}
[10Jan2026 02:46:14.437] [main/DEBUG] [net.minecraftforge.fml.loading.moddiscovery.ModFileParser/LOADING]: Considering mod file candidate /workspaces/Servy/servidor_minecraft/mods/borninconfiguration-3.1.2-all.jar
[10Jan2026 02:46:14.438] [main/DEBUG] [net.minecraftforge.fml.loading.moddiscovery.ModFileInfo/LOADING]: Found valid mod file borninconfiguration-3.1.2-all.jar with {borninconfiguration} mods - versions {3.1.2}
[10Jan2026 02:46:14.439] [main/DEBUG] [net.minecraftforge.fml.loading.moddiscovery.ModFileParser/LOADING]: Considering mod file candidate /workspaces/Servy/servidor_minecraft/mods/Chunky-1.3.146.jar
[10Jan2026 02:46:14.440] [main/DEBUG] [net.minecraftforge.fml.loading.moddiscovery.ModFileInfo/LOADING]: Found valid mod file Chunky-1.3.146.jar with {chunky} mods - versions {1.3.146}
[10Jan2026 02:46:14.441] [main/DEBUG] [net.minecraftforge.fml.loading.moddiscovery.ModFileParser/LOADING]: Considering mod file candidate /workspaces/Servy/servidor_minecraft/mods/citadel-2.6.2-1.20.1.jar
[10Jan2026 02:46:14.442] [main/DEBUG] [net.minecraftforge.fml.loading.moddiscovery.ModFileInfo/LOADING]: Found valid mod file citadel-2.6.2-1.20.1.jar with {citadel} mods - versions {2.6.2}
[10Jan2026 02:46:14.443] [main/DEBUG] [net.minecraftforge.fml.loading.moddiscovery.ModFileParser/LOADING]: Considering mod file candidate /workspaces/Servy/servidor_minecraft/mods/cloth-config-11.1.136-forge.jar
[10Jan2026 02:46:14.444] [main/DEBUG] [net.minecraftforge.fml.loading.moddiscovery.ModFileInfo/LOADING]: Found valid mod file cloth-config-11.1.136-forge.jar with {cloth_config} mods - versions {11.1.136}
[10Jan2026 02:46:14.445] [main/DEBUG] [net.minecraftforge.fml.loading.moddiscovery.ModFileParser/LOADING]: Considering mod file candidate /workspaces/Servy/servidor_minecraft/mods/Clumps-forge-1.20.1-12.0.0.4.jar
[10Jan2026 02:46:14.446] [main/DEBUG] [net.minecraftforge.fml.loading.moddiscovery.ModFileInfo/LOADING]: Found valid mod file Clumps-forge-1.20.1-12.0.0.4.jar with {clumps} mods - versions {12.0.0.4}
[10Jan2026 02:46:14.446] [main/DEBUG] [net.minecraftforge.fml.loading.moddiscovery.ModFileParser/LOADING]: Considering mod file candidate /workspaces/Servy/servidor_minecraft/mods/collective-1.20.1-8.13.jar
[10Jan2026 02:46:14.447] [main/DEBUG] [net.minecraftforge.fml.loading.moddiscovery.ModFileInfo/LOADING]: Found valid mod file collective-1.20.1-8.13.jar with {collective} mods - versions {8.13}
[10Jan2026 02:46:14.449] [main/DEBUG] [net.minecraftforge.fml.loading.moddiscovery.ModFileParser/LOADING]: Considering mod file candidate /workspaces/Servy/servidor_minecraft/mods/CraftTweaker-forge-1.20.1-14.0.59.jar
[10Jan2026 02:46:14.450] [main/DEBUG] [net.minecraftforge.fml.loading.moddiscovery.ModFileInfo/LOADING]: Found valid mod file CraftTweaker-forge-1.20.1-14.0.59.jar with {crafttweaker} mods - versions {14.0.59}
[10Jan2026 02:46:14.451] [main/DEBUG] [net.minecraftforge.fml.loading.moddiscovery.ModFileParser/LOADING]: Considering mod file candidate /workspaces/Servy/servidor_minecraft/mods/CreativeCore_FORGE_v2.12.32_mc1.20.1.jar
[10Jan2026 02:46:14.451] [main/DEBUG] [net.minecraftforge.fml.loading.moddiscovery.ModFileInfo/LOADING]: Found valid mod file CreativeCore_FORGE_v2.12.32_mc1.20.1.jar with {creativecore} mods - versions {2.12.32}
[10Jan2026 02:46:14.452] [main/DEBUG] [net.minecraftforge.fml.loading.moddiscovery.ModFileParser/LOADING]: Considering mod file candidate /workspaces/Servy/servidor_minecraft/mods/curios-forge-5.14.1+1.20.1.jar
[10Jan2026 02:46:14.453] [main/DEBUG] [net.minecraftforge.fml.loading.moddiscovery.ModFileInfo/LOADING]: Found valid mod file curios-forge-5.14.1+1.20.1.jar with {curios} mods - versions {5.14.1+1.20.1}
[10Jan2026 02:46:14.455] [main/DEBUG] [net.minecraftforge.fml.loading.moddiscovery.ModFileParser/LOADING]: Considering mod file candidate /workspaces/Servy/servidor_minecraft/mods/embeddium-0.3.31+mc1.20.1.jar
[10Jan2026 02:46:14.456] [main/DEBUG] [net.minecraftforge.fml.loading.moddiscovery.ModFileInfo/LOADING]: Found valid mod file embeddium-0.3.31+mc1.20.1.jar with {embeddium,rubidium} mods - versions {0.3.31+mc1.20.1,0.7.1}
[10Jan2026 02:46:14.459] [main/DEBUG] [net.minecraftforge.fml.loading.moddiscovery.ModFileParser/LOADING]: Considering mod file candidate /workspaces/Servy/servidor_minecraft/mods/ferritecore-6.0.1-forge.jar
[10Jan2026 02:46:14.460] [main/DEBUG] [net.minecraftforge.fml.loading.moddiscovery.ModFileInfo/LOADING]: Found valid mod file ferritecore-6.0.1-forge.jar with {ferritecore} mods - versions {6.0.1}
[10Jan2026 02:46:14.463] [main/DEBUG] [net.minecraftforge.fml.loading.moddiscovery.ModFileParser/LOADING]: Considering mod file candidate /workspaces/Servy/servidor_minecraft/mods/fossil-forge-1.20.1-9.3.0.2.jar
[10Jan2026 02:46:14.465] [main/DEBUG] [net.minecraftforge.fml.loading.moddiscovery.ModFileInfo/LOADING]: Found valid mod file fossil-forge-1.20.1-9.3.0.2.jar with {fossil} mods - versions {9.3.0.2}
[10Jan2026 02:46:14.466] [main/DEBUG] [net.minecraftforge.fml.loading.moddiscovery.ModFileParser/LOADING]: Considering mod file candidate /workspaces/Servy/servidor_minecraft/mods/geckolib-forge-1.20.1-4.8.2.jar
[10Jan2026 02:46:14.466] [main/DEBUG] [net.minecraftforge.fml.loading.moddiscovery.ModFileInfo/LOADING]: Found valid mod file geckolib-forge-1.20.1-4.8.2.jar with {geckolib} mods - versions {4.8.2}
[10Jan2026 02:46:14.467] [main/DEBUG] [net.minecraftforge.fml.loading.moddiscovery.ModFileParser/LOADING]: Considering mod file candidate /workspaces/Servy/servidor_minecraft/mods/interaction_boxes-0.693.jar
[10Jan2026 02:46:14.468] [main/DEBUG] [net.minecraftforge.fml.loading.moddiscovery.ModFileInfo/LOADING]: Found valid mod file interaction_boxes-0.693.jar with {interaction_boxes} mods - versions {0.693}
[10Jan2026 02:46:14.468] [main/DEBUG] [net.minecraftforge.fml.loading.moddiscovery.ModFileParser/LOADING]: Considering mod file candidate /workspaces/Servy/servidor_minecraft/mods/Jade-1.20.1-Forge-11.13.2.jar
[10Jan2026 02:46:14.469] [main/DEBUG] [net.minecraftforge.fml.loading.moddiscovery.ModFileInfo/LOADING]: Found valid mod file Jade-1.20.1-Forge-11.13.2.jar with {jade} mods - versions {11.13.2+forge}
[10Jan2026 02:46:14.470] [main/DEBUG] [net.minecraftforge.fml.loading.moddiscovery.ModFileParser/LOADING]: Considering mod file candidate /workspaces/Servy/servidor_minecraft/mods/jei-1.20.1-forge-15.20.0.112.jar
[10Jan2026 02:46:14.471] [main/DEBUG] [net.minecraftforge.fml.loading.moddiscovery.ModFileInfo/LOADING]: Found valid mod file jei-1.20.1-forge-15.20.0.112.jar with {jei} mods - versions {15.20.0.112}
[10Jan2026 02:46:14.522] [main/DEBUG] [net.minecraftforge.fml.loading.moddiscovery.ModFileParser/LOADING]: Considering mod file candidate /workspaces/Servy/servidor_minecraft/mods/Mantle-1.20.1-1.11.79.jar
[10Jan2026 02:46:14.523] [main/DEBUG] [net.minecraftforge.fml.loading.moddiscovery.ModFileInfo/LOADING]: Found valid mod file Mantle-1.20.1-1.11.79.jar with {mantle} mods - versions {1.11.79}
[10Jan2026 02:46:14.525] [main/DEBUG] [net.minecraftforge.fml.loading.moddiscovery.ModFileParser/LOADING]: Considering mod file candidate /workspaces/Servy/servidor_minecraft/mods/MobLassos-v8.0.1-1.20.1-Forge.jar
[10Jan2026 02:46:14.525] [main/DEBUG] [net.minecraftforge.fml.loading.moddiscovery.ModFileInfo/LOADING]: Found valid mod file MobLassos-v8.0.1-1.20.1-Forge.jar with {moblassos} mods - versions {8.0.1}
[10Jan2026 02:46:14.526] [main/DEBUG] [net.minecraftforge.fml.loading.moddiscovery.ModFileParser/LOADING]: Considering mod file candidate /workspaces/Servy/servidor_minecraft/mods/modernfix-forge-5.25.1+mc1.20.1.jar
[10Jan2026 02:46:14.527] [main/DEBUG] [net.minecraftforge.fml.loading.moddiscovery.ModFileInfo/LOADING]: Found valid mod file modernfix-forge-5.25.1+mc1.20.1.jar with {modernfix} mods - versions {5.25.1+mc1.20.1}
[10Jan2026 02:46:14.528] [main/DEBUG] [net.minecraftforge.fml.loading.moddiscovery.ModFileParser/LOADING]: Considering mod file candidate /workspaces/Servy/servidor_minecraft/mods/morehitboxes-forge-1.20.1-1.9.2.jar
[10Jan2026 02:46:14.528] [main/DEBUG] [net.minecraftforge.fml.loading.moddiscovery.ModFileInfo/LOADING]: Found valid mod file morehitboxes-forge-1.20.1-1.9.2.jar with {morehitboxes} mods - versions {1.9.2}
[10Jan2026 02:46:14.529] [main/DEBUG] [net.minecraftforge.fml.loading.moddiscovery.ModFileParser/LOADING]: Considering mod file candidate /workspaces/Servy/servidor_minecraft/mods/MouseTweaks-forge-mc1.20.1-2.25.1.jar
[10Jan2026 02:46:14.529] [main/DEBUG] [net.minecraftforge.fml.loading.moddiscovery.ModFileInfo/LOADING]: Found valid mod file MouseTweaks-forge-mc1.20.1-2.25.1.jar with {mousetweaks} mods - versions {2.25.1}
[10Jan2026 02:46:14.530] [main/DEBUG] [net.minecraftforge.fml.loading.moddiscovery.ModFileParser/LOADING]: Considering mod file candidate /workspaces/Servy/servidor_minecraft/mods/observable-4.4.1.jar
[10Jan2026 02:46:14.531] [main/DEBUG] [net.minecraftforge.fml.loading.moddiscovery.ModFileInfo/LOADING]: Found valid mod file observable-4.4.1.jar with {observable} mods - versions {4.4.1}
[10Jan2026 02:46:14.533] [main/DEBUG] [net.minecraftforge.fml.loading.moddiscovery.ModFileParser/LOADING]: Considering mod file candidate /workspaces/Servy/servidor_minecraft/mods/PickUpNotifier-v8.0.0-1.20.1-Forge.jar
[10Jan2026 02:46:14.533] [main/DEBUG] [net.minecraftforge.fml.loading.moddiscovery.ModFileInfo/LOADING]: Found valid mod file PickUpNotifier-v8.0.0-1.20.1-Forge.jar with {pickupnotifier} mods - versions {8.0.0}
[10Jan2026 02:46:14.534] [main/DEBUG] [net.minecraftforge.fml.loading.moddiscovery.ModFileParser/LOADING]: Considering mod file candidate /workspaces/Servy/servidor_minecraft/mods/PlayerRevive_FORGE_v2.0.31_mc1.20.1.jar
[10Jan2026 02:46:14.535] [main/DEBUG] [net.minecraftforge.fml.loading.moddiscovery.ModFileInfo/LOADING]: Found valid mod file PlayerRevive_FORGE_v2.0.31_mc1.20.1.jar with {playerrevive} mods - versions {2.0.31}
[10Jan2026 02:46:14.546] [main/DEBUG] [net.minecraftforge.fml.loading.moddiscovery.ModFileParser/LOADING]: Considering mod file candidate /workspaces/Servy/servidor_minecraft/mods/PuzzlesLib-v8.1.33-1.20.1-Forge.jar
[10Jan2026 02:46:14.547] [main/DEBUG] [net.minecraftforge.fml.loading.moddiscovery.ModFileInfo/LOADING]: Found valid mod file PuzzlesLib-v8.1.33-1.20.1-Forge.jar with {puzzleslib} mods - versions {8.1.33}
[10Jan2026 02:46:14.547] [main/DEBUG] [net.minecraftforge.fml.loading.moddiscovery.ModFileParser/LOADING]: Considering mod file candidate /workspaces/Servy/servidor_minecraft/mods/reap-1.20.1-1.0.2.jar
[10Jan2026 02:46:14.548] [main/DEBUG] [net.minecraftforge.fml.loading.moddiscovery.ModFileInfo/LOADING]: Found valid mod file reap-1.20.1-1.0.2.jar with {reap} mods - versions {1.20.1-1.0.2}
[10Jan2026 02:46:14.549] [main/DEBUG] [net.minecraftforge.fml.loading.moddiscovery.ModFileParser/LOADING]: Considering mod file candidate /workspaces/Servy/servidor_minecraft/mods/spark-1.10.53-forge.jar
[10Jan2026 02:46:14.549] [main/DEBUG] [net.minecraftforge.fml.loading.moddiscovery.ModFileInfo/LOADING]: Found valid mod file spark-1.10.53-forge.jar with {spark} mods - versions {1.10.53}
[10Jan2026 02:46:14.550] [main/DEBUG] [net.minecraftforge.fml.loading.moddiscovery.ModFileParser/LOADING]: Considering mod file candidate /workspaces/Servy/servidor_minecraft/mods/tbsfbsp-0.74.jar
[10Jan2026 02:46:14.551] [main/DEBUG] [net.minecraftforge.fml.loading.moddiscovery.ModFileInfo/LOADING]: Found valid mod file tbsfbsp-0.74.jar with {tbsfbsp} mods - versions {0.74}
[10Jan2026 02:46:14.565] [main/DEBUG] [net.minecraftforge.fml.loading.moddiscovery.ModFileParser/LOADING]: Considering mod file candidate /workspaces/Servy/servidor_minecraft/mods/TConstruct-1.20.1-3.10.2.92.jar
[10Jan2026 02:46:14.566] [main/DEBUG] [net.minecraftforge.fml.loading.moddiscovery.ModFileInfo/LOADING]: Found valid mod file TConstruct-1.20.1-3.10.2.92.jar with {tconstruct} mods - versions {3.10.2.92}
[10Jan2026 02:46:14.567] [main/DEBUG] [net.minecraftforge.fml.loading.moddiscovery.ModFileParser/LOADING]: Considering mod file candidate /workspaces/Servy/servidor_minecraft/mods/TerraBlender-forge-1.20.1-3.0.1.10.jar
[10Jan2026 02:46:14.567] [main/DEBUG] [net.minecraftforge.fml.loading.moddiscovery.ModFileInfo/LOADING]: Found valid mod file TerraBlender-forge-1.20.1-3.0.1.10.jar with {terrablender} mods - versions {3.0.1.10}
[10Jan2026 02:46:14.568] [main/DEBUG] [net.minecraftforge.fml.loading.moddiscovery.ModFileParser/LOADING]: Considering mod file candidate /workspaces/Servy/servidor_minecraft/mods/The_Graveyard_3.1_(FORGE)_for_1.20.1.jar
[10Jan2026 02:46:14.569] [main/DEBUG] [net.minecraftforge.fml.loading.moddiscovery.ModFileInfo/LOADING]: Found valid mod file The_Graveyard_3.1_(FORGE)_for_1.20.1.jar with {graveyard} mods - versions {3.1}
[10Jan2026 02:46:14.574] [main/DEBUG] [net.minecraftforge.fml.loading.moddiscovery.ModFileParser/LOADING]: Considering mod file candidate /workspaces/Servy/servidor_minecraft/mods/tl_skin_cape_forge_1.20-1.38.jar
[10Jan2026 02:46:14.574] [main/DEBUG] [net.minecraftforge.fml.loading.moddiscovery.ModFileInfo/LOADING]: Found valid mod file tl_skin_cape_forge_1.20-1.38.jar with {tlskincape} mods - versions {1.38}
[10Jan2026 02:46:14.576] [main/DEBUG] [net.minecraftforge.fml.loading.moddiscovery.ModFileParser/LOADING]: Considering mod file candidate /workspaces/Servy/servidor_minecraft/mods/tombstone-1.20.1-9.0.9.jar
[10Jan2026 02:46:14.576] [main/DEBUG] [net.minecraftforge.fml.loading.moddiscovery.ModFileInfo/LOADING]: Found valid mod file tombstone-1.20.1-9.0.9.jar with {tombstone} mods - versions {9.0.9}
[10Jan2026 02:46:14.577] [main/DEBUG] [net.minecraftforge.fml.loading.moddiscovery.ModFileParser/LOADING]: Considering mod file candidate /workspaces/Servy/servidor_minecraft/mods/travelersbackpack-forge-1.20.1-9.1.46.jar
[10Jan2026 02:46:14.578] [main/DEBUG] [net.minecraftforge.fml.loading.moddiscovery.ModFileInfo/LOADING]: Found valid mod file travelersbackpack-forge-1.20.1-9.1.46.jar with {travelersbackpack} mods - versions {9.1.46}
[10Jan2026 02:46:14.579] [main/DEBUG] [net.minecraftforge.fml.loading.moddiscovery.ModFileParser/LOADING]: Considering mod file candidate /workspaces/Servy/servidor_minecraft/mods/TreeChop-1.20.1-forge-0.19.0-fixed.jar
[10Jan2026 02:46:14.579] [main/DEBUG] [net.minecraftforge.fml.loading.moddiscovery.ModFileInfo/LOADING]: Found valid mod file TreeChop-1.20.1-forge-0.19.0-fixed.jar with {treechop} mods - versions {0.19.0}
[10Jan2026 02:46:14.583] [main/DEBUG] [net.minecraftforge.fml.loading.moddiscovery.ModFileParser/LOADING]: Considering mod file candidate /workspaces/Servy/servidor_minecraft/mods/twilightforest-1.20.1-4.3.2508-universal.jar
[10Jan2026 02:46:14.584] [main/DEBUG] [net.minecraftforge.fml.loading.moddiscovery.ModFileInfo/LOADING]: Found valid mod file twilightforest-1.20.1-4.3.2508-universal.jar with {twilightforest} mods - versions {4.3.2508}
[10Jan2026 02:46:14.585] [main/DEBUG] [net.minecraftforge.fml.loading.moddiscovery.ModFileParser/LOADING]: Considering mod file candidate /workspaces/Servy/servidor_minecraft/mods/uniquedungeons-0.70.5-74.2.0.jar
[10Jan2026 02:46:14.585] [main/DEBUG] [net.minecraftforge.fml.loading.moddiscovery.ModFileInfo/LOADING]: Found valid mod file uniquedungeons-0.70.5-74.2.0.jar with {uniquedungeons} mods - versions {0.70.5}
[10Jan2026 02:46:14.586] [main/DEBUG] [net.minecraftforge.fml.loading.moddiscovery.ModFileParser/LOADING]: Considering mod file candidate /workspaces/Servy/servidor_minecraft/mods/Uppers-1.0.1.jar
[10Jan2026 02:46:14.586] [main/DEBUG] [net.minecraftforge.fml.loading.moddiscovery.ModFileInfo/LOADING]: Found valid mod file Uppers-1.0.1.jar with {uppers} mods - versions {1.0.1}
[10Jan2026 02:46:14.587] [main/DEBUG] [net.minecraftforge.fml.loading.moddiscovery.ModFileParser/LOADING]: Considering mod file candidate /workspaces/Servy/servidor_minecraft/mods/waystones-forge-1.20.1-14.1.17.jar
[10Jan2026 02:46:14.587] [main/DEBUG] [net.minecraftforge.fml.loading.moddiscovery.ModFileInfo/LOADING]: Found valid mod file waystones-forge-1.20.1-14.1.17.jar with {waystones} mods - versions {14.1.17}
[10Jan2026 02:46:14.588] [main/DEBUG] [net.minecraftforge.fml.loading.moddiscovery.ModFileParser/LOADING]: Considering mod file candidate /workspaces/Servy/servidor_minecraft/mods/Xaeros_Minimap_25.2.10_Forge_1.20.jar
[10Jan2026 02:46:14.589] [main/DEBUG] [net.minecraftforge.fml.loading.moddiscovery.ModFileInfo/LOADING]: Found valid mod file Xaeros_Minimap_25.2.10_Forge_1.20.jar with {xaerominimap} mods - versions {25.2.10}
[10Jan2026 02:46:14.590] [main/DEBUG] [net.minecraftforge.fml.loading.moddiscovery.ModFileParser/LOADING]: Considering mod file candidate /workspaces/Servy/servidor_minecraft/mods/XaerosWorldMap_1.39.12_Forge_1.20.jar
[10Jan2026 02:46:14.590] [main/DEBUG] [net.minecraftforge.fml.loading.moddiscovery.ModFileInfo/LOADING]: Found valid mod file XaerosWorldMap_1.39.12_Forge_1.20.jar with {xaeroworldmap} mods - versions {1.39.12}
[10Jan2026 02:46:14.667] [main/DEBUG] [net.minecraftforge.fml.loading.moddiscovery.ModFileInfo/LOADING]: Found valid mod file server-1.20.1-20230612.114412-srg.jar with {minecraft} mods - versions {1.20.1}
[10Jan2026 02:46:14.669] [main/DEBUG] [net.minecraftforge.fml.loading.moddiscovery.ModFileParser/LOADING]: Considering mod file candidate /workspaces/Servy/servidor_minecraft/libraries/net/minecraftforge/fmlcore/1.20.1-47.3.7/fmlcore-1.20.1-47.3.7.jar
[10Jan2026 02:46:14.669] [main/WARN] [net.minecraftforge.fml.loading.moddiscovery.ModFileParser/LOADING]: Mod file /workspaces/Servy/servidor_minecraft/libraries/net/minecraftforge/fmlcore/1.20.1-47.3.7/fmlcore-1.20.1-47.3.7.jar is missing mods.toml file
[10Jan2026 02:46:14.670] [main/DEBUG] [net.minecraftforge.fml.loading.moddiscovery.ModFileParser/LOADING]: Considering mod file candidate /workspaces/Servy/servidor_minecraft/libraries/net/minecraftforge/javafmllanguage/1.20.1-47.3.7/javafmllanguage-1.20.1-47.3.7.jar
[10Jan2026 02:46:14.670] [main/WARN] [net.minecraftforge.fml.loading.moddiscovery.ModFileParser/LOADING]: Mod file /workspaces/Servy/servidor_minecraft/libraries/net/minecraftforge/javafmllanguage/1.20.1-47.3.7/javafmllanguage-1.20.1-47.3.7.jar is missing mods.toml file
[10Jan2026 02:46:14.671] [main/DEBUG] [net.minecraftforge.fml.loading.moddiscovery.ModFileParser/LOADING]: Considering mod file candidate /workspaces/Servy/servidor_minecraft/libraries/net/minecraftforge/lowcodelanguage/1.20.1-47.3.7/lowcodelanguage-1.20.1-47.3.7.jar
[10Jan2026 02:46:14.671] [main/WARN] [net.minecraftforge.fml.loading.moddiscovery.ModFileParser/LOADING]: Mod file /workspaces/Servy/servidor_minecraft/libraries/net/minecraftforge/lowcodelanguage/1.20.1-47.3.7/lowcodelanguage-1.20.1-47.3.7.jar is missing mods.toml file
[10Jan2026 02:46:14.672] [main/DEBUG] [net.minecraftforge.fml.loading.moddiscovery.ModFileParser/LOADING]: Considering mod file candidate /workspaces/Servy/servidor_minecraft/libraries/net/minecraftforge/mclanguage/1.20.1-47.3.7/mclanguage-1.20.1-47.3.7.jar
[10Jan2026 02:46:14.672] [main/WARN] [net.minecraftforge.fml.loading.moddiscovery.ModFileParser/LOADING]: Mod file /workspaces/Servy/servidor_minecraft/libraries/net/minecraftforge/mclanguage/1.20.1-47.3.7/mclanguage-1.20.1-47.3.7.jar is missing mods.toml file
[10Jan2026 02:46:14.718] [main/DEBUG] [net.minecraftforge.fml.loading.moddiscovery.ModFileParser/LOADING]: Considering mod file candidate /workspaces/Servy/servidor_minecraft/libraries/net/minecraftforge/forge/1.20.1-47.3.7/forge-1.20.1-47.3.7-universal.jar
[10Jan2026 02:46:14.719] [main/DEBUG] [net.minecraftforge.fml.loading.moddiscovery.ModFileInfo/LOADING]: Found valid mod file forge-1.20.1-47.3.7-universal.jar with {forge} mods - versions {47.3.7}
[10Jan2026 02:46:14.726] [main/DEBUG] [net.minecraftforge.fml.loading.UniqueModListBuilder/]: Found 2 mods for first modid architectury, selecting most recent based on version data
[10Jan2026 02:46:14.727] [main/DEBUG] [net.minecraftforge.fml.loading.UniqueModListBuilder/]: Selected file architectury-9.2.14-forge (1).jar for modid architectury with version 9.2.14
[10Jan2026 02:46:14.733] [main/DEBUG] [net.minecraftforge.fml.loading.moddiscovery.AbstractJarFileDependencyLocator/]: Failed to load resource META-INF/jarjar/metadata.json from uniquedungeons-0.70.5-74.2.0.jar, it does not contain dependency information.
[10Jan2026 02:46:14.733] [main/DEBUG] [net.minecraftforge.fml.loading.moddiscovery.AbstractJarFileDependencyLocator/]: Failed to load resource META-INF/jarjar/metadata.json from TreeChop-1.20.1-forge-0.19.0-fixed.jar, it does not contain dependency information.
[10Jan2026 02:46:14.733] [main/DEBUG] [net.minecraftforge.fml.loading.moddiscovery.AbstractJarFileDependencyLocator/]: Failed to load resource META-INF/jarjar/metadata.json from alexsmobs-1.22.9.jar, it does not contain dependency information.
[10Jan2026 02:46:14.733] [main/DEBUG] [net.minecraftforge.fml.loading.moddiscovery.AbstractJarFileDependencyLocator/]: Failed to load resource META-INF/jarjar/metadata.json from jei-1.20.1-forge-15.20.0.112.jar, it does not contain dependency information.
[10Jan2026 02:46:14.733] [main/DEBUG] [net.minecraftforge.fml.loading.moddiscovery.AbstractJarFileDependencyLocator/]: Failed to load resource META-INF/jarjar/metadata.json from The_Graveyard_3.1_(FORGE)_for_1.20.1.jar, it does not contain dependency information.
[10Jan2026 02:46:14.734] [main/DEBUG] [net.minecraftforge.fml.loading.moddiscovery.AbstractJarFileDependencyLocator/]: Failed to load resource META-INF/jarjar/metadata.json from Uppers-1.0.1.jar, it does not contain dependency information.
[10Jan2026 02:46:14.734] [main/DEBUG] [net.minecraftforge.fml.loading.moddiscovery.AbstractJarFileDependencyLocator/]: Failed to load resource META-INF/jarjar/metadata.json from reap-1.20.1-1.0.2.jar, it does not contain dependency information.
[10Jan2026 02:46:14.734] [main/DEBUG] [net.minecraftforge.fml.loading.moddiscovery.AbstractJarFileDependencyLocator/]: Failed to load resource META-INF/jarjar/metadata.json from waystones-forge-1.20.1-14.1.17.jar, it does not contain dependency information.
[10Jan2026 02:46:14.734] [main/DEBUG] [net.minecraftforge.fml.loading.moddiscovery.AbstractJarFileDependencyLocator/]: Failed to load resource META-INF/jarjar/metadata.json from Clumps-forge-1.20.1-12.0.0.4.jar, it does not contain dependency information.
[10Jan2026 02:46:14.734] [main/DEBUG] [net.minecraftforge.fml.loading.moddiscovery.AbstractJarFileDependencyLocator/]: Failed to load resource META-INF/jarjar/metadata.json from XaerosWorldMap_1.39.12_Forge_1.20.jar, it does not contain dependency information.
[10Jan2026 02:46:14.735] [main/DEBUG] [net.minecraftforge.fml.loading.moddiscovery.AbstractJarFileDependencyLocator/]: Failed to load resource META-INF/jarjar/metadata.json from citadel-2.6.2-1.20.1.jar, it does not contain dependency information.
[10Jan2026 02:46:14.735] [main/DEBUG] [net.minecraftforge.fml.loading.moddiscovery.AbstractJarFileDependencyLocator/]: Failed to load resource META-INF/jarjar/metadata.json from travelersbackpack-forge-1.20.1-9.1.46.jar, it does not contain dependency information.
[10Jan2026 02:46:14.735] [main/DEBUG] [net.minecraftforge.fml.loading.moddiscovery.AbstractJarFileDependencyLocator/]: Failed to load resource META-INF/jarjar/metadata.json from beautifiedchatserver-1.20.1-2.7.jar, it does not contain dependency information.
[10Jan2026 02:46:14.735] [main/DEBUG] [net.minecraftforge.fml.loading.moddiscovery.AbstractJarFileDependencyLocator/]: Failed to load resource META-INF/jarjar/metadata.json from interaction_boxes-0.693.jar, it does not contain dependency information.
[10Jan2026 02:46:14.735] [main/DEBUG] [net.minecraftforge.fml.loading.moddiscovery.AbstractJarFileDependencyLocator/]: Failed to load resource META-INF/jarjar/metadata.json from CraftTweaker-forge-1.20.1-14.0.59.jar, it does not contain dependency information.
[10Jan2026 02:46:14.736] [main/DEBUG] [net.minecraftforge.fml.loading.moddiscovery.AbstractJarFileDependencyLocator/]: Failed to load resource META-INF/jarjar/metadata.json from cloth-config-11.1.136-forge.jar, it does not contain dependency information.
[10Jan2026 02:46:14.736] [main/DEBUG] [net.minecraftforge.fml.loading.moddiscovery.AbstractJarFileDependencyLocator/]: Failed to load resource META-INF/jarjar/metadata.json from forge-1.20.1-47.3.7-universal.jar, it does not contain dependency information.
[10Jan2026 02:46:14.736] [main/DEBUG] [net.minecraftforge.fml.loading.moddiscovery.AbstractJarFileDependencyLocator/]: Failed to load resource META-INF/jarjar/metadata.json from twilightforest-1.20.1-4.3.2508-universal.jar, it does not contain dependency information.
[10Jan2026 02:46:14.736] [main/DEBUG] [net.minecraftforge.fml.loading.moddiscovery.AbstractJarFileDependencyLocator/]: Failed to load resource META-INF/jarjar/metadata.json from tl_skin_cape_forge_1.20-1.38.jar, it does not contain dependency information.
[10Jan2026 02:46:14.736] [main/DEBUG] [net.minecraftforge.fml.loading.moddiscovery.AbstractJarFileDependencyLocator/]: Failed to load resource META-INF/jarjar/metadata.json from BetterPingDisplay-1.20.1-1.1.jar, it does not contain dependency information.
[10Jan2026 02:46:14.737] [main/DEBUG] [net.minecraftforge.fml.loading.moddiscovery.AbstractJarFileDependencyLocator/]: Failed to load resource META-INF/jarjar/metadata.json from server-1.20.1-20230612.114412-srg.jar, it does not contain dependency information.
[10Jan2026 02:46:14.737] [main/DEBUG] [net.minecraftforge.fml.loading.moddiscovery.AbstractJarFileDependencyLocator/]: Failed to load resource META-INF/jarjar/metadata.json from TConstruct-1.20.1-3.10.2.92.jar, it does not contain dependency information.
[10Jan2026 02:46:14.737] [main/DEBUG] [net.minecraftforge.fml.loading.moddiscovery.AbstractJarFileDependencyLocator/]: Failed to load resource META-INF/jarjar/metadata.json from TerraBlender-forge-1.20.1-3.0.1.10.jar, it does not contain dependency information.
[10Jan2026 02:46:14.737] [main/DEBUG] [net.minecraftforge.fml.loading.moddiscovery.AbstractJarFileDependencyLocator/]: Failed to load resource META-INF/jarjar/metadata.json from MouseTweaks-forge-mc1.20.1-2.25.1.jar, it does not contain dependency information.
[10Jan2026 02:46:14.737] [main/DEBUG] [net.minecraftforge.fml.loading.moddiscovery.AbstractJarFileDependencyLocator/]: Failed to load resource META-INF/jarjar/metadata.json from Jade-1.20.1-Forge-11.13.2.jar, it does not contain dependency information.
[10Jan2026 02:46:14.737] [main/DEBUG] [net.minecraftforge.fml.loading.moddiscovery.AbstractJarFileDependencyLocator/]: Failed to load resource META-INF/jarjar/metadata.json from tbsfbsp-0.74.jar, it does not contain dependency information.
[10Jan2026 02:46:14.737] [main/DEBUG] [net.minecraftforge.fml.loading.moddiscovery.AbstractJarFileDependencyLocator/]: Failed to load resource META-INF/jarjar/metadata.json from CreativeCore_FORGE_v2.12.32_mc1.20.1.jar, it does not contain dependency information.
[10Jan2026 02:46:14.738] [main/DEBUG] [net.minecraftforge.fml.loading.moddiscovery.AbstractJarFileDependencyLocator/]: Failed to load resource META-INF/jarjar/metadata.json from Chunky-1.3.146.jar, it does not contain dependency information.
[10Jan2026 02:46:14.738] [main/DEBUG] [net.minecraftforge.fml.loading.moddiscovery.AbstractJarFileDependencyLocator/]: Failed to load resource META-INF/jarjar/metadata.json from born_in_chaos_[Forge]1.20.1_1.7.3.jar, it does not contain dependency information.
[10Jan2026 02:46:14.738] [main/DEBUG] [net.minecraftforge.fml.loading.moddiscovery.AbstractJarFileDependencyLocator/]: Failed to load resource META-INF/jarjar/metadata.json from spark-1.10.53-forge.jar, it does not contain dependency information.
[10Jan2026 02:46:14.738] [main/DEBUG] [net.minecraftforge.fml.loading.moddiscovery.AbstractJarFileDependencyLocator/]: Failed to load resource META-INF/jarjar/metadata.json from curios-forge-5.14.1+1.20.1.jar, it does not contain dependency information.
[10Jan2026 02:46:14.738] [main/DEBUG] [net.minecraftforge.fml.loading.moddiscovery.AbstractJarFileDependencyLocator/]: Failed to load resource META-INF/jarjar/metadata.json from Mantle-1.20.1-1.11.79.jar, it does not contain dependency information.
[10Jan2026 02:46:14.738] [main/DEBUG] [net.minecraftforge.fml.loading.moddiscovery.AbstractJarFileDependencyLocator/]: Failed to load resource META-INF/jarjar/metadata.json from Xaeros_Minimap_25.2.10_Forge_1.20.jar, it does not contain dependency information.
[10Jan2026 02:46:14.738] [main/DEBUG] [net.minecraftforge.fml.loading.moddiscovery.AbstractJarFileDependencyLocator/]: Failed to load resource META-INF/jarjar/metadata.json from collective-1.20.1-8.13.jar, it does not contain dependency information.
[10Jan2026 02:46:14.739] [main/DEBUG] [net.minecraftforge.fml.loading.moddiscovery.AbstractJarFileDependencyLocator/]: Failed to load resource META-INF/jarjar/metadata.json from [1.20.1] SecurityCraft v1.10.1.jar, it does not contain dependency information.
[10Jan2026 02:46:14.739] [main/DEBUG] [net.minecraftforge.fml.loading.moddiscovery.AbstractJarFileDependencyLocator/]: Failed to load resource META-INF/jarjar/metadata.json from tombstone-1.20.1-9.0.9.jar, it does not contain dependency information.
[10Jan2026 02:46:14.739] [main/DEBUG] [net.minecraftforge.fml.loading.moddiscovery.AbstractJarFileDependencyLocator/]: Failed to load resource META-INF/jarjar/metadata.json from architectury-9.2.14-forge (1).jar, it does not contain dependency information.
[10Jan2026 02:46:14.739] [main/DEBUG] [net.minecraftforge.fml.loading.moddiscovery.AbstractJarFileDependencyLocator/]: Failed to load resource META-INF/jarjar/metadata.json from ferritecore-6.0.1-forge.jar, it does not contain dependency information.
[10Jan2026 02:46:14.739] [main/DEBUG] [net.minecraftforge.fml.loading.moddiscovery.AbstractJarFileDependencyLocator/]: Failed to load resource META-INF/jarjar/metadata.json from observable-4.4.1.jar, it does not contain dependency information.
[10Jan2026 02:46:14.739] [main/DEBUG] [net.minecraftforge.fml.loading.moddiscovery.AbstractJarFileDependencyLocator/]: Failed to load resource META-INF/jarjar/metadata.json from PlayerRevive_FORGE_v2.0.31_mc1.20.1.jar, it does not contain dependency information.
[10Jan2026 02:46:14.740] [main/DEBUG] [net.minecraftforge.fml.loading.moddiscovery.AbstractJarFileDependencyLocator/]: Failed to load resource META-INF/jarjar/metadata.json from mclanguage-1.20.1-47.3.7.jar, it does not contain dependency information.
[10Jan2026 02:46:14.740] [main/DEBUG] [net.minecraftforge.fml.loading.moddiscovery.AbstractJarFileDependencyLocator/]: Failed to load resource META-INF/jarjar/metadata.json from javafmllanguage-1.20.1-47.3.7.jar, it does not contain dependency information.
[10Jan2026 02:46:14.740] [main/DEBUG] [net.minecraftforge.fml.loading.moddiscovery.AbstractJarFileDependencyLocator/]: Failed to load resource META-INF/jarjar/metadata.json from fmlcore-1.20.1-47.3.7.jar, it does not contain dependency information.
[10Jan2026 02:46:14.740] [main/DEBUG] [net.minecraftforge.fml.loading.moddiscovery.AbstractJarFileDependencyLocator/]: Failed to load resource META-INF/jarjar/metadata.json from lowcodelanguage-1.20.1-47.3.7.jar, it does not contain dependency information.
[10Jan2026 02:46:14.782] [main/DEBUG] [net.minecraftforge.fml.loading.moddiscovery.ModFileParser/LOADING]: Considering mod file candidate 
[10Jan2026 02:46:14.782] [main/DEBUG] [net.minecraftforge.fml.loading.moddiscovery.ModFileInfo/LOADING]: Found valid mod file mixinextras-forge-0.4.1.jar with {mixinextras} mods - versions {0.4.1}
[10Jan2026 02:46:14.784] [main/DEBUG] [net.minecraftforge.fml.loading.moddiscovery.ModFileParser/LOADING]: Considering mod file candidate 
[10Jan2026 02:46:14.785] [main/DEBUG] [net.minecraftforge.fml.loading.moddiscovery.ModFileInfo/LOADING]: Found valid mod file mixinextras-forge-0.5.0-beta.5.jar with {mixinextras} mods - versions {0.5.0-beta.5}
[10Jan2026 02:46:14.786] [main/DEBUG] [net.minecraftforge.fml.loading.moddiscovery.ModFileParser/LOADING]: Considering mod file candidate 
[10Jan2026 02:46:14.787] [main/DEBUG] [net.minecraftforge.fml.loading.moddiscovery.ModFileInfo/LOADING]: Found valid mod file kuma-api-forge-20.1.12+1.20.1.jar with {kuma_api} mods - versions {20.1.12}
[10Jan2026 02:46:14.788] [main/DEBUG] [net.minecraftforge.fml.loading.moddiscovery.ModFileParser/LOADING]: Considering mod file candidate 
[10Jan2026 02:46:14.789] [main/DEBUG] [net.minecraftforge.fml.loading.moddiscovery.ModFileInfo/LOADING]: Found valid mod file mixinextras-forge-0.4.1.jar with {mixinextras} mods - versions {0.4.1}
[10Jan2026 02:46:14.790] [main/DEBUG] [net.minecraftforge.fml.loading.moddiscovery.ModFileParser/LOADING]: Considering mod file candidate 
[10Jan2026 02:46:14.791] [main/DEBUG] [net.minecraftforge.fml.loading.moddiscovery.ModFileInfo/LOADING]: Found valid mod file mixinextras-forge-0.3.5.jar with {mixinextras} mods - versions {0.3.5}
[10Jan2026 02:46:14.792] [main/DEBUG] [net.minecraftforge.fml.loading.moddiscovery.ModFileParser/LOADING]: Considering mod file candidate 
[10Jan2026 02:46:14.793] [main/DEBUG] [net.minecraftforge.fml.loading.moddiscovery.ModFileInfo/LOADING]: Found valid mod file puzzlesaccessapi-forge-20.1.1.jar with {puzzlesaccessapi} mods - versions {20.1.1}
[10Jan2026 02:46:14.794] [main/DEBUG] [net.minecraftforge.fml.loading.moddiscovery.ModFileParser/LOADING]: Considering mod file candidate 
[10Jan2026 02:46:14.795] [main/DEBUG] [net.minecraftforge.fml.loading.moddiscovery.ModFileInfo/LOADING]: Found valid mod file mixinextras-forge-0.4.1.jar with {mixinextras} mods - versions {0.4.1}
[10Jan2026 02:46:14.797] [main/DEBUG] [net.minecraftforge.fml.loading.moddiscovery.ModFileParser/LOADING]: Considering mod file candidate 
[10Jan2026 02:46:14.797] [main/DEBUG] [net.minecraftforge.fml.loading.moddiscovery.ModFileInfo/LOADING]: Found valid mod file expandability-forge-9.0.4.jar with {expandability} mods - versions {9.0.4}
[10Jan2026 02:46:14.799] [main/DEBUG] [net.minecraftforge.fml.loading.moddiscovery.ModFileParser/LOADING]: Considering mod file candidate 
[10Jan2026 02:46:14.799] [main/DEBUG] [net.minecraftforge.fml.loading.moddiscovery.ModFileInfo/LOADING]: Found valid mod file mixinextras-forge-0.3.5.jar with {mixinextras} mods - versions {0.3.5}
[10Jan2026 02:46:14.805] [main/DEBUG] [net.minecraftforge.fml.loading.moddiscovery.ModFileParser/LOADING]: Considering mod file candidate 
[10Jan2026 02:46:14.805] [main/DEBUG] [net.minecraftforge.fml.loading.moddiscovery.ModFileInfo/LOADING]: Found valid mod file mixinextras-forge-0.4.1.jar with {mixinextras} mods - versions {0.4.1}
[10Jan2026 02:46:14.811] [main/DEBUG] [net.minecraftforge.fml.loading.moddiscovery.ModFileParser/LOADING]: Considering mod file candidate 
[10Jan2026 02:46:14.812] [main/DEBUG] [net.minecraftforge.fml.loading.moddiscovery.ModFileInfo/LOADING]: Found valid mod file kffmod-4.11.0.jar with {kotlinforforge} mods - versions {4.11.0}
[10Jan2026 02:46:14.837] [main/DEBUG] [net.minecraftforge.fml.loading.moddiscovery.AbstractJarFileDependencyLocator/]: Failed to load resource META-INF/jarjar/metadata.json from kuma-api-forge-20.1.12+1.20.1.jar, it does not contain dependency information.
[10Jan2026 02:46:14.846] [main/DEBUG] [net.minecraftforge.fml.loading.moddiscovery.AbstractJarFileDependencyLocator/]: Failed to load resource META-INF/jarjar/metadata.json from puzzlesaccessapi-forge-20.1.1.jar, it does not contain dependency information.
[10Jan2026 02:46:14.856] [main/DEBUG] [net.minecraftforge.fml.loading.moddiscovery.AbstractJarFileDependencyLocator/]: Failed to load resource META-INF/jarjar/metadata.json from mclib-20.jar, it does not contain dependency information.
[10Jan2026 02:46:14.862] [main/DEBUG] [net.minecraftforge.fml.loading.moddiscovery.AbstractJarFileDependencyLocator/]: Failed to load resource META-INF/jarjar/metadata.json from kfflang-4.11.0.jar, it does not contain dependency information.
[10Jan2026 02:46:14.862] [main/DEBUG] [net.minecraftforge.fml.loading.moddiscovery.AbstractJarFileDependencyLocator/]: Failed to load resource META-INF/jarjar/metadata.json from kfflib-4.11.0.jar, it does not contain dependency information.
[10Jan2026 02:46:14.862] [main/DEBUG] [net.minecraftforge.fml.loading.moddiscovery.AbstractJarFileDependencyLocator/]: Failed to load resource META-INF/jarjar/metadata.json from kffmod-4.11.0.jar, it does not contain dependency information.
[10Jan2026 02:46:14.863] [main/DEBUG] [net.minecraftforge.fml.loading.moddiscovery.AbstractJarFileDependencyLocator/]: Failed to load resource META-INF/jarjar/metadata.json from MixinExtras-0.4.1.jar, it does not contain dependency information.
[10Jan2026 02:46:14.863] [main/DEBUG] [net.minecraftforge.fml.loading.moddiscovery.AbstractJarFileDependencyLocator/]: Failed to load resource META-INF/jarjar/metadata.json from MixinExtras-0.5.0-beta.5.jar, it does not contain dependency information.
[10Jan2026 02:46:14.863] [main/DEBUG] [net.minecraftforge.fml.loading.moddiscovery.AbstractJarFileDependencyLocator/]: Failed to load resource META-INF/jarjar/metadata.json from MixinExtras-0.4.1.jar, it does not contain dependency information.
[10Jan2026 02:46:14.863] [main/DEBUG] [net.minecraftforge.fml.loading.moddiscovery.AbstractJarFileDependencyLocator/]: Failed to load resource META-INF/jarjar/metadata.json from MixinExtras-0.3.5.jar, it does not contain dependency information.
[10Jan2026 02:46:14.863] [main/DEBUG] [net.minecraftforge.fml.loading.moddiscovery.AbstractJarFileDependencyLocator/]: Failed to load resource META-INF/jarjar/metadata.json from MixinExtras-0.4.1.jar, it does not contain dependency information.
[10Jan2026 02:46:14.863] [main/DEBUG] [net.minecraftforge.fml.loading.moddiscovery.AbstractJarFileDependencyLocator/]: Failed to load resource META-INF/jarjar/metadata.json from MixinExtras-0.1.1.jar, it does not contain dependency information.
[10Jan2026 02:46:14.863] [main/DEBUG] [net.minecraftforge.fml.loading.moddiscovery.AbstractJarFileDependencyLocator/]: Failed to load resource META-INF/jarjar/metadata.json from MixinExtras-0.3.5.jar, it does not contain dependency information.
[10Jan2026 02:46:14.864] [main/DEBUG] [net.minecraftforge.fml.loading.moddiscovery.AbstractJarFileDependencyLocator/]: Failed to load resource META-INF/jarjar/metadata.json from MixinExtras-0.4.1.jar, it does not contain dependency information.
[10Jan2026 02:46:14.890] [main/DEBUG] [net.minecraftforge.fml.loading.moddiscovery.ModFileParser/LOADING]: Considering mod file candidate 
[10Jan2026 02:46:14.890] [main/DEBUG] [net.minecraftforge.fml.loading.moddiscovery.ModFileInfo/LOADING]: Found valid mod file puzzlesaccessapi-forge-20.1.1.jar with {puzzlesaccessapi} mods - versions {20.1.1}
[10Jan2026 02:46:14.906] [main/DEBUG] [net.minecraftforge.fml.loading.moddiscovery.ModFileParser/LOADING]: Considering mod file candidate 
[10Jan2026 02:46:14.907] [main/DEBUG] [net.minecraftforge.fml.loading.moddiscovery.ModFileInfo/LOADING]: Found valid mod file mixinextras-forge-0.5.0-beta.5.jar with {mixinextras} mods - versions {0.5.0-beta.5}
[10Jan2026 02:46:14.908] [main/DEBUG] [net.minecraftforge.fml.loading.moddiscovery.ModFileParser/LOADING]: Considering mod file candidate 
[10Jan2026 02:46:14.908] [main/DEBUG] [net.minecraftforge.fml.loading.moddiscovery.ModFileInfo/LOADING]: Found valid mod file kffmod-4.11.0.jar with {kotlinforforge} mods - versions {4.11.0}
[10Jan2026 02:46:14.910] [main/DEBUG] [net.minecraftforge.fml.loading.moddiscovery.ModFileParser/LOADING]: Considering mod file candidate 
[10Jan2026 02:46:14.910] [main/DEBUG] [net.minecraftforge.fml.loading.moddiscovery.ModFileInfo/LOADING]: Found valid mod file expandability-forge-9.0.4.jar with {expandability} mods - versions {9.0.4}
[10Jan2026 02:46:14.913] [main/DEBUG] [net.minecraftforge.fml.loading.moddiscovery.ModFileParser/LOADING]: Considering mod file candidate 
[10Jan2026 02:46:14.913] [main/DEBUG] [net.minecraftforge.fml.loading.moddiscovery.ModFileInfo/LOADING]: Found valid mod file kuma-api-forge-20.1.12+1.20.1.jar with {kuma_api} mods - versions {20.1.12}
[10Jan2026 02:46:14.915] [main/INFO] [net.minecraftforge.fml.loading.moddiscovery.JarInJarDependencyLocator/]: Found 9 dependencies adding them to mods collection
[10Jan2026 02:46:14.917] [main/DEBUG] [net.minecraftforge.fml.loading.moddiscovery.ModFileParser/LOADING]: Considering mod file candidate /workspaces/Servy/servidor_minecraft/mods/TreeChop-1.20.1-forge-0.19.0-fixed.jar
[10Jan2026 02:46:14.917] [main/DEBUG] [net.minecraftforge.fml.loading.moddiscovery.ModFileInfo/LOADING]: Found valid mod file TreeChop-1.20.1-forge-0.19.0-fixed.jar with {treechop} mods - versions {0.19.0}
[10Jan2026 02:46:14.920] [main/DEBUG] [net.minecraftforge.fml.loading.moddiscovery.ModFile/LOADING]: Loading mod file /workspaces/Servy/servidor_minecraft/mods/TreeChop-1.20.1-forge-0.19.0-fixed.jar with languages [LanguageSpec[languageName=javafml, acceptedVersions=[32,)]]
[10Jan2026 02:46:14.921] [main/DEBUG] [net.minecraftforge.fml.loading.moddiscovery.ModFileParser/LOADING]: Considering mod file candidate /workspaces/Servy/servidor_minecraft/mods/uniquedungeons-0.70.5-74.2.0.jar
[10Jan2026 02:46:14.921] [main/DEBUG] [net.minecraftforge.fml.loading.moddiscovery.ModFileInfo/LOADING]: Found valid mod file uniquedungeons-0.70.5-74.2.0.jar with {uniquedungeons} mods - versions {0.70.5}
[10Jan2026 02:46:14.921] [main/DEBUG] [net.minecraftforge.fml.loading.moddiscovery.ModFile/LOADING]: Loading mod file /workspaces/Servy/servidor_minecraft/mods/uniquedungeons-0.70.5-74.2.0.jar with languages [LanguageSpec[languageName=javafml, acceptedVersions=[36,)]]
[10Jan2026 02:46:14.921] [main/DEBUG] [net.minecraftforge.fml.loading.moddiscovery.ModFileParser/LOADING]: Considering mod file candidate 
[10Jan2026 02:46:14.922] [main/DEBUG] [net.minecraftforge.fml.loading.moddiscovery.ModFileInfo/LOADING]: Found valid mod file kuma-api-forge-20.1.12+1.20.1.jar with {kuma_api} mods - versions {20.1.12}
[10Jan2026 02:46:14.922] [main/DEBUG] [net.minecraftforge.fml.loading.moddiscovery.ModFile/LOADING]: Loading mod file  with languages [LanguageSpec[languageName=javafml, acceptedVersions=[47,)]]
[10Jan2026 02:46:14.922] [main/DEBUG] [net.minecraftforge.fml.loading.moddiscovery.ModFileParser/LOADING]: Considering mod file candidate /workspaces/Servy/servidor_minecraft/mods/alexsmobs-1.22.9.jar
[10Jan2026 02:46:14.923] [main/DEBUG] [net.minecraftforge.fml.loading.moddiscovery.ModFileInfo/LOADING]: Found valid mod file alexsmobs-1.22.9.jar with {alexsmobs} mods - versions {1.22.9}
[10Jan2026 02:46:14.923] [main/DEBUG] [net.minecraftforge.fml.loading.moddiscovery.ModFile/LOADING]: Loading mod file /workspaces/Servy/servidor_minecraft/mods/alexsmobs-1.22.9.jar with languages [LanguageSpec[languageName=javafml, acceptedVersions=[46,)]]
[10Jan2026 02:46:14.923] [main/DEBUG] [net.minecraftforge.fml.loading.moddiscovery.ModFileParser/LOADING]: Considering mod file candidate /workspaces/Servy/servidor_minecraft/mods/geckolib-forge-1.20.1-4.8.2.jar
[10Jan2026 02:46:14.923] [main/DEBUG] [net.minecraftforge.fml.loading.moddiscovery.ModFileInfo/LOADING]: Found valid mod file geckolib-forge-1.20.1-4.8.2.jar with {geckolib} mods - versions {4.8.2}
[10Jan2026 02:46:14.924] [main/DEBUG] [net.minecraftforge.fml.loading.moddiscovery.ModFile/LOADING]: Loading mod file /workspaces/Servy/servidor_minecraft/mods/geckolib-forge-1.20.1-4.8.2.jar with languages [LanguageSpec[languageName=javafml, acceptedVersions=[47,)]]
[10Jan2026 02:46:14.924] [main/DEBUG] [net.minecraftforge.fml.loading.moddiscovery.ModFileParser/LOADING]: Considering mod file candidate /workspaces/Servy/servidor_minecraft/mods/jei-1.20.1-forge-15.20.0.112.jar
[10Jan2026 02:46:14.924] [main/DEBUG] [net.minecraftforge.fml.loading.moddiscovery.ModFileInfo/LOADING]: Found valid mod file jei-1.20.1-forge-15.20.0.112.jar with {jei} mods - versions {15.20.0.112}
[10Jan2026 02:46:14.924] [main/DEBUG] [net.minecraftforge.fml.loading.moddiscovery.ModFile/LOADING]: Loading mod file /workspaces/Servy/servidor_minecraft/mods/jei-1.20.1-forge-15.20.0.112.jar with languages [LanguageSpec[languageName=javafml, acceptedVersions=[47,)]]
[10Jan2026 02:46:14.925] [main/DEBUG] [net.minecraftforge.fml.loading.moddiscovery.ModFileParser/LOADING]: Considering mod file candidate /workspaces/Servy/servidor_minecraft/mods/The_Graveyard_3.1_(FORGE)_for_1.20.1.jar
[10Jan2026 02:46:14.925] [main/DEBUG] [net.minecraftforge.fml.loading.moddiscovery.ModFileInfo/LOADING]: Found valid mod file The_Graveyard_3.1_(FORGE)_for_1.20.1.jar with {graveyard} mods - versions {3.1}
[10Jan2026 02:46:14.925] [main/DEBUG] [net.minecraftforge.fml.loading.moddiscovery.ModFile/LOADING]: Loading mod file /workspaces/Servy/servidor_minecraft/mods/The_Graveyard_3.1_(FORGE)_for_1.20.1.jar with languages [LanguageSpec[languageName=javafml, acceptedVersions=[37,)]]
[10Jan2026 02:46:14.925] [main/DEBUG] [net.minecraftforge.fml.loading.moddiscovery.ModFileParser/LOADING]: Considering mod file candidate /workspaces/Servy/servidor_minecraft/mods/Uppers-1.0.1.jar
[10Jan2026 02:46:14.926] [main/DEBUG] [net.minecraftforge.fml.loading.moddiscovery.ModFileInfo/LOADING]: Found valid mod file Uppers-1.0.1.jar with {uppers} mods - versions {1.0.1}
[10Jan2026 02:46:14.926] [main/DEBUG] [net.minecraftforge.fml.loading.moddiscovery.ModFile/LOADING]: Loading mod file /workspaces/Servy/servidor_minecraft/mods/Uppers-1.0.1.jar with languages [LanguageSpec[languageName=javafml, acceptedVersions=[44,)]]
[10Jan2026 02:46:14.926] [main/DEBUG] [net.minecraftforge.fml.loading.moddiscovery.ModFileParser/LOADING]: Considering mod file candidate /workspaces/Servy/servidor_minecraft/mods/reap-1.20.1-1.0.2.jar
[10Jan2026 02:46:14.926] [main/DEBUG] [net.minecraftforge.fml.loading.moddiscovery.ModFileInfo/LOADING]: Found valid mod file reap-1.20.1-1.0.2.jar with {reap} mods - versions {1.20.1-1.0.2}
[10Jan2026 02:46:14.926] [main/DEBUG] [net.minecraftforge.fml.loading.moddiscovery.ModFile/LOADING]: Loading mod file /workspaces/Servy/servidor_minecraft/mods/reap-1.20.1-1.0.2.jar with languages [LanguageSpec[languageName=javafml, acceptedVersions=[47,)]]
[10Jan2026 02:46:14.927] [main/DEBUG] [net.minecraftforge.fml.loading.moddiscovery.ModFileParser/LOADING]: Considering mod file candidate /workspaces/Servy/servidor_minecraft/mods/waystones-forge-1.20.1-14.1.17.jar
[10Jan2026 02:46:14.927] [main/DEBUG] [net.minecraftforge.fml.loading.moddiscovery.ModFileInfo/LOADING]: Found valid mod file waystones-forge-1.20.1-14.1.17.jar with {waystones} mods - versions {14.1.17}
[10Jan2026 02:46:14.927] [main/DEBUG] [net.minecraftforge.fml.loading.moddiscovery.ModFile/LOADING]: Loading mod file /workspaces/Servy/servidor_minecraft/mods/waystones-forge-1.20.1-14.1.17.jar with languages [LanguageSpec[languageName=javafml, acceptedVersions=[46,)]]
[10Jan2026 02:46:14.927] [main/DEBUG] [net.minecraftforge.fml.loading.moddiscovery.ModFileParser/LOADING]: Considering mod file candidate /workspaces/Servy/servidor_minecraft/mods/Clumps-forge-1.20.1-12.0.0.4.jar
[10Jan2026 02:46:14.928] [main/DEBUG] [net.minecraftforge.fml.loading.moddiscovery.ModFileInfo/LOADING]: Found valid mod file Clumps-forge-1.20.1-12.0.0.4.jar with {clumps} mods - versions {12.0.0.4}
[10Jan2026 02:46:14.928] [main/DEBUG] [net.minecraftforge.fml.loading.moddiscovery.ModFile/LOADING]: Loading mod file /workspaces/Servy/servidor_minecraft/mods/Clumps-forge-1.20.1-12.0.0.4.jar with languages [LanguageSpec[languageName=javafml, acceptedVersions=[41,)]]
[10Jan2026 02:46:14.928] [main/DEBUG] [net.minecraftforge.fml.loading.moddiscovery.ModFileParser/LOADING]: Considering mod file candidate /workspaces/Servy/servidor_minecraft/mods/XaerosWorldMap_1.39.12_Forge_1.20.jar
[10Jan2026 02:46:14.929] [main/DEBUG] [net.minecraftforge.fml.loading.moddiscovery.ModFileInfo/LOADING]: Found valid mod file XaerosWorldMap_1.39.12_Forge_1.20.jar with {xaeroworldmap} mods - versions {1.39.12}
[10Jan2026 02:46:14.929] [main/DEBUG] [net.minecraftforge.fml.loading.moddiscovery.ModFile/LOADING]: Loading mod file /workspaces/Servy/servidor_minecraft/mods/XaerosWorldMap_1.39.12_Forge_1.20.jar with languages [LanguageSpec[languageName=javafml, acceptedVersions=[46,48)]]
[10Jan2026 02:46:14.931] [main/DEBUG] [net.minecraftforge.fml.loading.moddiscovery.ModFileParser/LOADING]: Found coremod xaeroworldmap_core with Javascript path META-INF/xaeroworldmap_core.js
[10Jan2026 02:46:14.931] [main/DEBUG] [net.minecraftforge.fml.loading.moddiscovery.ModFile/LOADING]: Found coremod META-INF/xaeroworldmap_core.js
[10Jan2026 02:46:14.931] [main/DEBUG] [net.minecraftforge.fml.loading.moddiscovery.ModFileParser/LOADING]: Considering mod file candidate /workspaces/Servy/servidor_minecraft/mods/citadel-2.6.2-1.20.1.jar
[10Jan2026 02:46:14.932] [main/DEBUG] [net.minecraftforge.fml.loading.moddiscovery.ModFileInfo/LOADING]: Found valid mod file citadel-2.6.2-1.20.1.jar with {citadel} mods - versions {2.6.2}
[10Jan2026 02:46:14.932] [main/DEBUG] [net.minecraftforge.fml.loading.moddiscovery.ModFile/LOADING]: Loading mod file /workspaces/Servy/servidor_minecraft/mods/citadel-2.6.2-1.20.1.jar with languages [LanguageSpec[languageName=javafml, acceptedVersions=[47,)]]
[10Jan2026 02:46:14.932] [main/DEBUG] [net.minecraftforge.fml.loading.moddiscovery.ModFileParser/LOADING]: Considering mod file candidate /workspaces/Servy/servidor_minecraft/mods/modernfix-forge-5.25.1+mc1.20.1.jar
[10Jan2026 02:46:14.933] [main/DEBUG] [net.minecraftforge.fml.loading.moddiscovery.ModFileInfo/LOADING]: Found valid mod file modernfix-forge-5.25.1+mc1.20.1.jar with {modernfix} mods - versions {5.25.1+mc1.20.1}
[10Jan2026 02:46:14.933] [main/DEBUG] [net.minecraftforge.fml.loading.moddiscovery.ModFile/LOADING]: Loading mod file /workspaces/Servy/servidor_minecraft/mods/modernfix-forge-5.25.1+mc1.20.1.jar with languages [LanguageSpec[languageName=javafml, acceptedVersions=[46,)]]
[10Jan2026 02:46:14.933] [main/DEBUG] [net.minecraftforge.fml.loading.moddiscovery.ModFileParser/LOADING]: Considering mod file candidate /workspaces/Servy/servidor_minecraft/mods/artifacts-forge-9.5.16.jar
[10Jan2026 02:46:14.933] [main/DEBUG] [net.minecraftforge.fml.loading.moddiscovery.ModFileInfo/LOADING]: Found valid mod file artifacts-forge-9.5.16.jar with {artifacts} mods - versions {9.5.16}
[10Jan2026 02:46:14.933] [main/DEBUG] [net.minecraftforge.fml.loading.moddiscovery.ModFile/LOADING]: Loading mod file /workspaces/Servy/servidor_minecraft/mods/artifacts-forge-9.5.16.jar with languages [LanguageSpec[languageName=javafml, acceptedVersions=[47,)]]
[10Jan2026 02:46:14.934] [main/DEBUG] [net.minecraftforge.fml.loading.moddiscovery.ModFileParser/LOADING]: Considering mod file candidate /workspaces/Servy/servidor_minecraft/mods/travelersbackpack-forge-1.20.1-9.1.46.jar
[10Jan2026 02:46:14.934] [main/DEBUG] [net.minecraftforge.fml.loading.moddiscovery.ModFileInfo/LOADING]: Found valid mod file travelersbackpack-forge-1.20.1-9.1.46.jar with {travelersbackpack} mods - versions {9.1.46}
[10Jan2026 02:46:14.934] [main/DEBUG] [net.minecraftforge.fml.loading.moddiscovery.ModFile/LOADING]: Loading mod file /workspaces/Servy/servidor_minecraft/mods/travelersbackpack-forge-1.20.1-9.1.46.jar with languages [LanguageSpec[languageName=javafml, acceptedVersions=[46,)]]
[10Jan2026 02:46:14.935] [main/DEBUG] [net.minecraftforge.fml.loading.moddiscovery.ModFileParser/LOADING]: Considering mod file candidate /workspaces/Servy/servidor_minecraft/mods/beautifiedchatserver-1.20.1-2.7.jar
[10Jan2026 02:46:14.935] [main/DEBUG] [net.minecraftforge.fml.loading.moddiscovery.ModFileInfo/LOADING]: Found valid mod file beautifiedchatserver-1.20.1-2.7.jar with {beautifiedchatserver} mods - versions {2.7}
[10Jan2026 02:46:14.935] [main/DEBUG] [net.minecraftforge.fml.loading.moddiscovery.ModFile/LOADING]: Loading mod file /workspaces/Servy/servidor_minecraft/mods/beautifiedchatserver-1.20.1-2.7.jar with languages [LanguageSpec[languageName=javafml, acceptedVersions=*]]
[10Jan2026 02:46:14.935] [main/DEBUG] [net.minecraftforge.fml.loading.moddiscovery.ModFileParser/LOADING]: Considering mod file candidate /workspaces/Servy/servidor_minecraft/mods/fossil-forge-1.20.1-9.3.0.2.jar
[10Jan2026 02:46:14.936] [main/DEBUG] [net.minecraftforge.fml.loading.moddiscovery.ModFileInfo/LOADING]: Found valid mod file fossil-forge-1.20.1-9.3.0.2.jar with {fossil} mods - versions {9.3.0.2}
[10Jan2026 02:46:14.936] [main/DEBUG] [net.minecraftforge.fml.loading.moddiscovery.ModFile/LOADING]: Loading mod file /workspaces/Servy/servidor_minecraft/mods/fossil-forge-1.20.1-9.3.0.2.jar with languages [LanguageSpec[languageName=javafml, acceptedVersions=[47,)]]
[10Jan2026 02:46:14.937] [main/DEBUG] [net.minecraftforge.fml.loading.moddiscovery.ModFileParser/LOADING]: Considering mod file candidate /workspaces/Servy/servidor_minecraft/mods/PickUpNotifier-v8.0.0-1.20.1-Forge.jar
[10Jan2026 02:46:14.937] [main/DEBUG] [net.minecraftforge.fml.loading.moddiscovery.ModFileInfo/LOADING]: Found valid mod file PickUpNotifier-v8.0.0-1.20.1-Forge.jar with {pickupnotifier} mods - versions {8.0.0}
[10Jan2026 02:46:14.937] [main/DEBUG] [net.minecraftforge.fml.loading.moddiscovery.ModFile/LOADING]: Loading mod file /workspaces/Servy/servidor_minecraft/mods/PickUpNotifier-v8.0.0-1.20.1-Forge.jar with languages [LanguageSpec[languageName=javafml, acceptedVersions=[47,)]]
[10Jan2026 02:46:14.938] [main/DEBUG] [net.minecraftforge.fml.loading.moddiscovery.ModFileParser/LOADING]: Considering mod file candidate /workspaces/Servy/servidor_minecraft/mods/balm-forge-1.20.1-7.3.37-all.jar
[10Jan2026 02:46:14.938] [main/DEBUG] [net.minecraftforge.fml.loading.moddiscovery.ModFileInfo/LOADING]: Found valid mod file balm-forge-1.20.1-7.3.37-all.jar with {balm} mods - versions {7.3.37}
[10Jan2026 02:46:14.938] [main/DEBUG] [net.minecraftforge.fml.loading.moddiscovery.ModFile/LOADING]: Loading mod file /workspaces/Servy/servidor_minecraft/mods/balm-forge-1.20.1-7.3.37-all.jar with languages [LanguageSpec[languageName=javafml, acceptedVersions=[46,)]]
[10Jan2026 02:46:14.938] [main/DEBUG] [net.minecraftforge.fml.loading.moddiscovery.ModFileParser/LOADING]: Considering mod file candidate /workspaces/Servy/servidor_minecraft/mods/morehitboxes-forge-1.20.1-1.9.2.jar
[10Jan2026 02:46:14.939] [main/DEBUG] [net.minecraftforge.fml.loading.moddiscovery.ModFileInfo/LOADING]: Found valid mod file morehitboxes-forge-1.20.1-1.9.2.jar with {morehitboxes} mods - versions {1.9.2}
[10Jan2026 02:46:14.939] [main/DEBUG] [net.minecraftforge.fml.loading.moddiscovery.ModFile/LOADING]: Loading mod file /workspaces/Servy/servidor_minecraft/mods/morehitboxes-forge-1.20.1-1.9.2.jar with languages [LanguageSpec[languageName=javafml, acceptedVersions=[47,)]]
[10Jan2026 02:46:14.939] [main/DEBUG] [net.minecraftforge.fml.loading.moddiscovery.ModFileParser/LOADING]: Considering mod file candidate /workspaces/Servy/servidor_minecraft/mods/CraftTweaker-forge-1.20.1-14.0.59.jar
[10Jan2026 02:46:14.940] [main/DEBUG] [net.minecraftforge.fml.loading.moddiscovery.ModFileInfo/LOADING]: Found valid mod file CraftTweaker-forge-1.20.1-14.0.59.jar with {crafttweaker} mods - versions {14.0.59}
[10Jan2026 02:46:14.940] [main/DEBUG] [net.minecraftforge.fml.loading.moddiscovery.ModFile/LOADING]: Loading mod file /workspaces/Servy/servidor_minecraft/mods/CraftTweaker-forge-1.20.1-14.0.59.jar with languages [LanguageSpec[languageName=javafml, acceptedVersions=[39,)]]
[10Jan2026 02:46:14.940] [main/DEBUG] [net.minecraftforge.fml.loading.moddiscovery.ModFileParser/LOADING]: Considering mod file candidate /workspaces/Servy/servidor_minecraft/mods/interaction_boxes-0.693.jar
[10Jan2026 02:46:14.940] [main/DEBUG] [net.minecraftforge.fml.loading.moddiscovery.ModFileInfo/LOADING]: Found valid mod file interaction_boxes-0.693.jar with {interaction_boxes} mods - versions {0.693}
[10Jan2026 02:46:14.941] [main/DEBUG] [net.minecraftforge.fml.loading.moddiscovery.ModFile/LOADING]: Loading mod file /workspaces/Servy/servidor_minecraft/mods/interaction_boxes-0.693.jar with languages [LanguageSpec[languageName=javafml, acceptedVersions=[36,)]]
[10Jan2026 02:46:14.941] [main/DEBUG] [net.minecraftforge.fml.loading.moddiscovery.ModFileParser/LOADING]: Considering mod file candidate 
[10Jan2026 02:46:14.941] [main/DEBUG] [net.minecraftforge.fml.loading.moddiscovery.ModFileInfo/LOADING]: Found valid mod file puzzlesaccessapi-forge-20.1.1.jar with {puzzlesaccessapi} mods - versions {20.1.1}
[10Jan2026 02:46:14.941] [main/DEBUG] [net.minecraftforge.fml.loading.moddiscovery.ModFile/LOADING]: Loading mod file  with languages [LanguageSpec[languageName=javafml, acceptedVersions=*]]
[10Jan2026 02:46:14.942] [main/DEBUG] [net.minecraftforge.fml.loading.moddiscovery.ModFileParser/LOADING]: Considering mod file candidate /workspaces/Servy/servidor_minecraft/mods/cloth-config-11.1.136-forge.jar
[10Jan2026 02:46:14.942] [main/DEBUG] [net.minecraftforge.fml.loading.moddiscovery.ModFileInfo/LOADING]: Found valid mod file cloth-config-11.1.136-forge.jar with {cloth_config} mods - versions {11.1.136}
[10Jan2026 02:46:14.942] [main/DEBUG] [net.minecraftforge.fml.loading.moddiscovery.ModFile/LOADING]: Loading mod file /workspaces/Servy/servidor_minecraft/mods/cloth-config-11.1.136-forge.jar with languages [LanguageSpec[languageName=javafml, acceptedVersions=[34,)]]
[10Jan2026 02:46:14.942] [main/DEBUG] [net.minecraftforge.fml.loading.moddiscovery.ModFileParser/LOADING]: Considering mod file candidate /workspaces/Servy/servidor_minecraft/libraries/net/minecraftforge/forge/1.20.1-47.3.7/forge-1.20.1-47.3.7-universal.jar
[10Jan2026 02:46:14.943] [main/DEBUG] [net.minecraftforge.fml.loading.moddiscovery.ModFileInfo/LOADING]: Found valid mod file forge-1.20.1-47.3.7-universal.jar with {forge} mods - versions {47.3.7}
[10Jan2026 02:46:14.943] [main/DEBUG] [net.minecraftforge.fml.loading.moddiscovery.ModFile/LOADING]: Loading mod file /workspaces/Servy/servidor_minecraft/libraries/net/minecraftforge/forge/1.20.1-47.3.7/forge-1.20.1-47.3.7-universal.jar with languages [LanguageSpec[languageName=javafml, acceptedVersions=[24,]]]
[10Jan2026 02:46:14.943] [main/DEBUG] [net.minecraftforge.fml.loading.moddiscovery.ModFileParser/LOADING]: Found coremod field_to_method with Javascript path coremods/field_to_method.js
[10Jan2026 02:46:14.943] [main/DEBUG] [net.minecraftforge.fml.loading.moddiscovery.ModFileParser/LOADING]: Found coremod field_to_instanceof with Javascript path coremods/field_to_instanceof.js
[10Jan2026 02:46:14.943] [main/DEBUG] [net.minecraftforge.fml.loading.moddiscovery.ModFileParser/LOADING]: Found coremod add_bouncer_method with Javascript path coremods/add_bouncer_method.js
[10Jan2026 02:46:14.943] [main/DEBUG] [net.minecraftforge.fml.loading.moddiscovery.ModFileParser/LOADING]: Found coremod method_redirector with Javascript path coremods/method_redirector.js
[10Jan2026 02:46:14.943] [main/DEBUG] [net.minecraftforge.fml.loading.moddiscovery.ModFile/LOADING]: Found coremod coremods/field_to_method.js
[10Jan2026 02:46:14.943] [main/DEBUG] [net.minecraftforge.fml.loading.moddiscovery.ModFile/LOADING]: Found coremod coremods/field_to_instanceof.js
[10Jan2026 02:46:14.943] [main/DEBUG] [net.minecraftforge.fml.loading.moddiscovery.ModFile/LOADING]: Found coremod coremods/add_bouncer_method.js
[10Jan2026 02:46:14.943] [main/DEBUG] [net.minecraftforge.fml.loading.moddiscovery.ModFile/LOADING]: Found coremod coremods/method_redirector.js
[10Jan2026 02:46:14.944] [main/DEBUG] [net.minecraftforge.fml.loading.moddiscovery.ModFileParser/LOADING]: Considering mod file candidate /workspaces/Servy/servidor_minecraft/mods/tl_skin_cape_forge_1.20-1.38.jar
[10Jan2026 02:46:14.944] [main/DEBUG] [net.minecraftforge.fml.loading.moddiscovery.ModFileInfo/LOADING]: Found valid mod file tl_skin_cape_forge_1.20-1.38.jar with {tlskincape} mods - versions {1.38}
[10Jan2026 02:46:14.944] [main/DEBUG] [net.minecraftforge.fml.loading.moddiscovery.ModFile/LOADING]: Loading mod file /workspaces/Servy/servidor_minecraft/mods/tl_skin_cape_forge_1.20-1.38.jar with languages [LanguageSpec[languageName=javafml, acceptedVersions=[25,)]]
[10Jan2026 02:46:14.945] [main/DEBUG] [net.minecraftforge.fml.loading.moddiscovery.ModFileParser/LOADING]: Considering mod file candidate /workspaces/Servy/servidor_minecraft/mods/twilightforest-1.20.1-4.3.2508-universal.jar
[10Jan2026 02:46:14.945] [main/DEBUG] [net.minecraftforge.fml.loading.moddiscovery.ModFileInfo/LOADING]: Found valid mod file twilightforest-1.20.1-4.3.2508-universal.jar with {twilightforest} mods - versions {4.3.2508}
[10Jan2026 02:46:14.946] [main/DEBUG] [net.minecraftforge.fml.loading.moddiscovery.ModFile/LOADING]: Loading mod file /workspaces/Servy/servidor_minecraft/mods/twilightforest-1.20.1-4.3.2508-universal.jar with languages [LanguageSpec[languageName=javafml, acceptedVersions=[47,)]]
[10Jan2026 02:46:14.946] [main/DEBUG] [net.minecraftforge.fml.loading.moddiscovery.ModFileParser/LOADING]: Found coremod seed with Javascript path META-INF/asm/seed.js
[10Jan2026 02:46:14.947] [main/DEBUG] [net.minecraftforge.fml.loading.moddiscovery.ModFileParser/LOADING]: Found coremod maprendercontext with Javascript path META-INF/asm/maprendercontext.js
[10Jan2026 02:46:14.947] [main/DEBUG] [net.minecraftforge.fml.loading.moddiscovery.ModFileParser/LOADING]: Found coremod music with Javascript path META-INF/asm/music.js
[10Jan2026 02:46:14.949] [main/DEBUG] [net.minecraftforge.fml.loading.moddiscovery.ModFileParser/LOADING]: Found coremod multipart with Javascript path META-INF/asm/multipart.js
[10Jan2026 02:46:14.949] [main/DEBUG] [net.minecraftforge.fml.loading.moddiscovery.ModFileParser/LOADING]: Found coremod foliage with Javascript path META-INF/asm/foliage.js
[10Jan2026 02:46:14.949] [main/DEBUG] [net.minecraftforge.fml.loading.moddiscovery.ModFileParser/LOADING]: Found coremod mount with Javascript path META-INF/asm/mount.js
[10Jan2026 02:46:14.949] [main/DEBUG] [net.minecraftforge.fml.loading.moddiscovery.ModFileParser/LOADING]: Found coremod book with Javascript path META-INF/asm/book.js
[10Jan2026 02:46:14.950] [main/DEBUG] [net.minecraftforge.fml.loading.moddiscovery.ModFileParser/LOADING]: Found coremod conquered with Javascript path META-INF/asm/conquered.js
[10Jan2026 02:46:14.950] [main/DEBUG] [net.minecraftforge.fml.loading.moddiscovery.ModFileParser/LOADING]: Found coremod reach with Javascript path META-INF/asm/reach.js
[10Jan2026 02:46:14.950] [main/DEBUG] [net.minecraftforge.fml.loading.moddiscovery.ModFileParser/LOADING]: Found coremod shroom with Javascript path META-INF/asm/shroom.js
[10Jan2026 02:46:14.950] [main/DEBUG] [net.minecraftforge.fml.loading.moddiscovery.ModFileParser/LOADING]: Found coremod cloud with Javascript path META-INF/asm/cloud.js
[10Jan2026 02:46:14.950] [main/DEBUG] [net.minecraftforge.fml.loading.moddiscovery.ModFileParser/LOADING]: Found coremod lead with Javascript path META-INF/asm/lead.js
[10Jan2026 02:46:14.950] [main/DEBUG] [net.minecraftforge.fml.loading.moddiscovery.ModFile/LOADING]: Found coremod META-INF/asm/seed.js
[10Jan2026 02:46:14.950] [main/DEBUG] [net.minecraftforge.fml.loading.moddiscovery.ModFile/LOADING]: Found coremod META-INF/asm/maprendercontext.js
[10Jan2026 02:46:14.950] [main/DEBUG] [net.minecraftforge.fml.loading.moddiscovery.ModFile/LOADING]: Found coremod META-INF/asm/music.js
[10Jan2026 02:46:14.950] [main/DEBUG] [net.minecraftforge.fml.loading.moddiscovery.ModFile/LOADING]: Found coremod META-INF/asm/multipart.js
[10Jan2026 02:46:14.951] [main/DEBUG] [net.minecraftforge.fml.loading.moddiscovery.ModFile/LOADING]: Found coremod META-INF/asm/foliage.js
[10Jan2026 02:46:14.951] [main/DEBUG] [net.minecraftforge.fml.loading.moddiscovery.ModFile/LOADING]: Found coremod META-INF/asm/mount.js
[10Jan2026 02:46:14.951] [main/DEBUG] [net.minecraftforge.fml.loading.moddiscovery.ModFile/LOADING]: Found coremod META-INF/asm/book.js
[10Jan2026 02:46:14.951] [main/DEBUG] [net.minecraftforge.fml.loading.moddiscovery.ModFile/LOADING]: Found coremod META-INF/asm/conquered.js
[10Jan2026 02:46:14.952] [main/DEBUG] [net.minecraftforge.fml.loading.moddiscovery.ModFile/LOADING]: Found coremod META-INF/asm/reach.js
[10Jan2026 02:46:14.953] [main/DEBUG] [net.minecraftforge.fml.loading.moddiscovery.ModFile/LOADING]: Found coremod META-INF/asm/shroom.js
[10Jan2026 02:46:14.954] [main/DEBUG] [net.minecraftforge.fml.loading.moddiscovery.ModFile/LOADING]: Found coremod META-INF/asm/cloud.js
[10Jan2026 02:46:14.954] [main/DEBUG] [net.minecraftforge.fml.loading.moddiscovery.ModFile/LOADING]: Found coremod META-INF/asm/lead.js
[10Jan2026 02:46:14.954] [main/DEBUG] [net.minecraftforge.fml.loading.moddiscovery.ModFileParser/LOADING]: Considering mod file candidate /workspaces/Servy/servidor_minecraft/mods/embeddium-0.3.31+mc1.20.1.jar
[10Jan2026 02:46:14.955] [main/DEBUG] [net.minecraftforge.fml.loading.moddiscovery.ModFileInfo/LOADING]: Found valid mod file embeddium-0.3.31+mc1.20.1.jar with {embeddium,rubidium} mods - versions {0.3.31+mc1.20.1,0.7.1}
[10Jan2026 02:46:14.955] [main/DEBUG] [net.minecraftforge.fml.loading.moddiscovery.ModFile/LOADING]: Loading mod file /workspaces/Servy/servidor_minecraft/mods/embeddium-0.3.31+mc1.20.1.jar with languages [LanguageSpec[languageName=javafml, acceptedVersions=[47,)]]
[10Jan2026 02:46:14.955] [main/DEBUG] [net.minecraftforge.fml.loading.moddiscovery.ModFileParser/LOADING]: Considering mod file candidate /workspaces/Servy/servidor_minecraft/mods/BetterPingDisplay-1.20.1-1.1.jar
[10Jan2026 02:46:14.957] [main/DEBUG] [net.minecraftforge.fml.loading.moddiscovery.ModFileInfo/LOADING]: Found valid mod file BetterPingDisplay-1.20.1-1.1.jar with {betterpingdisplay} mods - versions {1.1}
[10Jan2026 02:46:14.957] [main/DEBUG] [net.minecraftforge.fml.loading.moddiscovery.ModFile/LOADING]: Loading mod file /workspaces/Servy/servidor_minecraft/mods/BetterPingDisplay-1.20.1-1.1.jar with languages [LanguageSpec[languageName=javafml, acceptedVersions=[47,)]]
[10Jan2026 02:46:14.957] [main/DEBUG] [net.minecraftforge.fml.loading.moddiscovery.ModFileParser/LOADING]: Considering mod file candidate /workspaces/Servy/servidor_minecraft/mods/TConstruct-1.20.1-3.10.2.92.jar
[10Jan2026 02:46:14.958] [main/DEBUG] [net.minecraftforge.fml.loading.moddiscovery.ModFileInfo/LOADING]: Found valid mod file TConstruct-1.20.1-3.10.2.92.jar with {tconstruct} mods - versions {3.10.2.92}
[10Jan2026 02:46:14.958] [main/DEBUG] [net.minecraftforge.fml.loading.moddiscovery.ModFile/LOADING]: Loading mod file /workspaces/Servy/servidor_minecraft/mods/TConstruct-1.20.1-3.10.2.92.jar with languages [LanguageSpec[languageName=javafml, acceptedVersions=*]]
[10Jan2026 02:46:14.958] [main/DEBUG] [net.minecraftforge.fml.loading.moddiscovery.ModFileInfo/LOADING]: Found valid mod file server-1.20.1-20230612.114412-srg.jar with {minecraft} mods - versions {1.20.1}
[10Jan2026 02:46:14.962] [main/DEBUG] [net.minecraftforge.fml.loading.moddiscovery.ModFile/LOADING]: Loading mod file /workspaces/Servy/servidor_minecraft/libraries/net/minecraft/server/1.20.1-20230612.114412/server-1.20.1-20230612.114412-srg.jar with languages [LanguageSpec[languageName=minecraft, acceptedVersions=1]]
[10Jan2026 02:46:14.962] [main/DEBUG] [net.minecraftforge.fml.loading.moddiscovery.ModFileParser/LOADING]: Considering mod file candidate /workspaces/Servy/servidor_minecraft/mods/borninconfiguration-3.1.2-all.jar
[10Jan2026 02:46:14.963] [main/DEBUG] [net.minecraftforge.fml.loading.moddiscovery.ModFileInfo/LOADING]: Found valid mod file borninconfiguration-3.1.2-all.jar with {borninconfiguration} mods - versions {3.1.2}
[10Jan2026 02:46:14.963] [main/DEBUG] [net.minecraftforge.fml.loading.moddiscovery.ModFile/LOADING]: Loading mod file /workspaces/Servy/servidor_minecraft/mods/borninconfiguration-3.1.2-all.jar with languages [LanguageSpec[languageName=javafml, acceptedVersions=[47,)]]
[10Jan2026 02:46:14.963] [main/DEBUG] [net.minecraftforge.fml.loading.moddiscovery.ModFileParser/LOADING]: Considering mod file candidate /workspaces/Servy/servidor_minecraft/mods/TerraBlender-forge-1.20.1-3.0.1.10.jar
[10Jan2026 02:46:14.963] [main/DEBUG] [net.minecraftforge.fml.loading.moddiscovery.ModFileInfo/LOADING]: Found valid mod file TerraBlender-forge-1.20.1-3.0.1.10.jar with {terrablender} mods - versions {3.0.1.10}
[10Jan2026 02:46:14.964] [main/DEBUG] [net.minecraftforge.fml.loading.moddiscovery.ModFile/LOADING]: Loading mod file /workspaces/Servy/servidor_minecraft/mods/TerraBlender-forge-1.20.1-3.0.1.10.jar with languages [LanguageSpec[languageName=javafml, acceptedVersions=[47,)]]
[10Jan2026 02:46:14.964] [main/DEBUG] [net.minecraftforge.fml.loading.moddiscovery.ModFileParser/LOADING]: Considering mod file candidate /workspaces/Servy/servidor_minecraft/mods/MouseTweaks-forge-mc1.20.1-2.25.1.jar
[10Jan2026 02:46:14.964] [main/DEBUG] [net.minecraftforge.fml.loading.moddiscovery.ModFileInfo/LOADING]: Found valid mod file MouseTweaks-forge-mc1.20.1-2.25.1.jar with {mousetweaks} mods - versions {2.25.1}
[10Jan2026 02:46:14.964] [main/DEBUG] [net.minecraftforge.fml.loading.moddiscovery.ModFile/LOADING]: Loading mod file /workspaces/Servy/servidor_minecraft/mods/MouseTweaks-forge-mc1.20.1-2.25.1.jar with languages [LanguageSpec[languageName=javafml, acceptedVersions=[46,)]]
[10Jan2026 02:46:14.964] [main/DEBUG] [net.minecraftforge.fml.loading.moddiscovery.ModFileParser/LOADING]: Considering mod file candidate /workspaces/Servy/servidor_minecraft/mods/Jade-1.20.1-Forge-11.13.2.jar
[10Jan2026 02:46:14.965] [main/DEBUG] [net.minecraftforge.fml.loading.moddiscovery.ModFileInfo/LOADING]: Found valid mod file Jade-1.20.1-Forge-11.13.2.jar with {jade} mods - versions {11.13.2+forge}
[10Jan2026 02:46:14.965] [main/DEBUG] [net.minecraftforge.fml.loading.moddiscovery.ModFile/LOADING]: Loading mod file /workspaces/Servy/servidor_minecraft/mods/Jade-1.20.1-Forge-11.13.2.jar with languages [LanguageSpec[languageName=javafml, acceptedVersions=[46,)]]
[10Jan2026 02:46:14.965] [main/DEBUG] [net.minecraftforge.fml.loading.moddiscovery.ModFileParser/LOADING]: Considering mod file candidate /workspaces/Servy/servidor_minecraft/mods/Chunky-1.3.146.jar
[10Jan2026 02:46:14.965] [main/DEBUG] [net.minecraftforge.fml.loading.moddiscovery.ModFileInfo/LOADING]: Found valid mod file Chunky-1.3.146.jar with {chunky} mods - versions {1.3.146}
[10Jan2026 02:46:14.965] [main/DEBUG] [net.minecraftforge.fml.loading.moddiscovery.ModFile/LOADING]: Loading mod file /workspaces/Servy/servidor_minecraft/mods/Chunky-1.3.146.jar with languages [LanguageSpec[languageName=javafml, acceptedVersions=[38,)]]
[10Jan2026 02:46:14.969] [main/DEBUG] [net.minecraftforge.fml.loading.moddiscovery.ModFileParser/LOADING]: Considering mod file candidate /workspaces/Servy/servidor_minecraft/mods/CreativeCore_FORGE_v2.12.32_mc1.20.1.jar
[10Jan2026 02:46:14.969] [main/DEBUG] [net.minecraftforge.fml.loading.moddiscovery.ModFileInfo/LOADING]: Found valid mod file CreativeCore_FORGE_v2.12.32_mc1.20.1.jar with {creativecore} mods - versions {2.12.32}
[10Jan2026 02:46:14.970] [main/DEBUG] [net.minecraftforge.fml.loading.moddiscovery.ModFile/LOADING]: Loading mod file /workspaces/Servy/servidor_minecraft/mods/CreativeCore_FORGE_v2.12.32_mc1.20.1.jar with languages [LanguageSpec[languageName=javafml, acceptedVersions=[46,)]]
[10Jan2026 02:46:14.972] [main/DEBUG] [net.minecraftforge.fml.loading.moddiscovery.ModFileParser/LOADING]: Considering mod file candidate /workspaces/Servy/servidor_minecraft/mods/tbsfbsp-0.74.jar
[10Jan2026 02:46:14.972] [main/DEBUG] [net.minecraftforge.fml.loading.moddiscovery.ModFileInfo/LOADING]: Found valid mod file tbsfbsp-0.74.jar with {tbsfbsp} mods - versions {0.74}
[10Jan2026 02:46:14.973] [main/DEBUG] [net.minecraftforge.fml.loading.moddiscovery.ModFile/LOADING]: Loading mod file /workspaces/Servy/servidor_minecraft/mods/tbsfbsp-0.74.jar with languages [LanguageSpec[languageName=javafml, acceptedVersions=[36,)]]
[10Jan2026 02:46:14.973] [main/DEBUG] [net.minecraftforge.fml.loading.moddiscovery.ModFileParser/LOADING]: Considering mod file candidate /workspaces/Servy/servidor_minecraft/mods/born_in_chaos_[Forge]1.20.1_1.7.3.jar
[10Jan2026 02:46:14.974] [main/DEBUG] [net.minecraftforge.fml.loading.moddiscovery.ModFileInfo/LOADING]: Found valid mod file born_in_chaos_[Forge]1.20.1_1.7.3.jar with {born_in_chaos_v1} mods - versions {1.7.3}
[10Jan2026 02:46:14.974] [main/DEBUG] [net.minecraftforge.fml.loading.moddiscovery.ModFile/LOADING]: Loading mod file /workspaces/Servy/servidor_minecraft/mods/born_in_chaos_[Forge]1.20.1_1.7.3.jar with languages [LanguageSpec[languageName=javafml, acceptedVersions=[47,)]]
[10Jan2026 02:46:14.974] [main/DEBUG] [net.minecraftforge.fml.loading.moddiscovery.ModFileParser/LOADING]: Considering mod file candidate 
[10Jan2026 02:46:14.974] [main/DEBUG] [net.minecraftforge.fml.loading.moddiscovery.ModFileInfo/LOADING]: Found valid mod file kffmod-4.11.0.jar with {kotlinforforge} mods - versions {4.11.0}
[10Jan2026 02:46:14.975] [main/DEBUG] [net.minecraftforge.fml.loading.moddiscovery.ModFile/LOADING]: Loading mod file  with languages [LanguageSpec[languageName=kotlinforforge, acceptedVersions=[4,)]]
[10Jan2026 02:46:14.975] [main/DEBUG] [net.minecraftforge.fml.loading.moddiscovery.ModFileParser/LOADING]: Considering mod file candidate /workspaces/Servy/servidor_minecraft/mods/spark-1.10.53-forge.jar
[10Jan2026 02:46:14.975] [main/DEBUG] [net.minecraftforge.fml.loading.moddiscovery.ModFileInfo/LOADING]: Found valid mod file spark-1.10.53-forge.jar with {spark} mods - versions {1.10.53}
[10Jan2026 02:46:14.975] [main/DEBUG] [net.minecraftforge.fml.loading.moddiscovery.ModFile/LOADING]: Loading mod file /workspaces/Servy/servidor_minecraft/mods/spark-1.10.53-forge.jar with languages [LanguageSpec[languageName=javafml, acceptedVersions=[34,)]]
[10Jan2026 02:46:14.975] [main/DEBUG] [net.minecraftforge.fml.loading.moddiscovery.ModFileParser/LOADING]: Considering mod file candidate /workspaces/Servy/servidor_minecraft/mods/curios-forge-5.14.1+1.20.1.jar
[10Jan2026 02:46:14.976] [main/DEBUG] [net.minecraftforge.fml.loading.moddiscovery.ModFileInfo/LOADING]: Found valid mod file curios-forge-5.14.1+1.20.1.jar with {curios} mods - versions {5.14.1+1.20.1}
[10Jan2026 02:46:14.976] [main/DEBUG] [net.minecraftforge.fml.loading.moddiscovery.ModFile/LOADING]: Loading mod file /workspaces/Servy/servidor_minecraft/mods/curios-forge-5.14.1+1.20.1.jar with languages [LanguageSpec[languageName=javafml, acceptedVersions=[41,)]]
[10Jan2026 02:46:14.976] [main/DEBUG] [net.minecraftforge.fml.loading.moddiscovery.ModFileParser/LOADING]: Considering mod file candidate /workspaces/Servy/servidor_minecraft/mods/Mantle-1.20.1-1.11.79.jar
[10Jan2026 02:46:14.976] [main/DEBUG] [net.minecraftforge.fml.loading.moddiscovery.ModFileInfo/LOADING]: Found valid mod file Mantle-1.20.1-1.11.79.jar with {mantle} mods - versions {1.11.79}
[10Jan2026 02:46:14.976] [main/DEBUG] [net.minecraftforge.fml.loading.moddiscovery.ModFile/LOADING]: Loading mod file /workspaces/Servy/servidor_minecraft/mods/Mantle-1.20.1-1.11.79.jar with languages [LanguageSpec[languageName=javafml, acceptedVersions=*]]
[10Jan2026 02:46:14.977] [main/DEBUG] [net.minecraftforge.fml.loading.moddiscovery.ModFileParser/LOADING]: Considering mod file candidate /workspaces/Servy/servidor_minecraft/mods/Xaeros_Minimap_25.2.10_Forge_1.20.jar
[10Jan2026 02:46:14.977] [main/DEBUG] [net.minecraftforge.fml.loading.moddiscovery.ModFileInfo/LOADING]: Found valid mod file Xaeros_Minimap_25.2.10_Forge_1.20.jar with {xaerominimap} mods - versions {25.2.10}
[10Jan2026 02:46:14.977] [main/DEBUG] [net.minecraftforge.fml.loading.moddiscovery.ModFile/LOADING]: Loading mod file /workspaces/Servy/servidor_minecraft/mods/Xaeros_Minimap_25.2.10_Forge_1.20.jar with languages [LanguageSpec[languageName=javafml, acceptedVersions=[46,48)]]
[10Jan2026 02:46:14.978] [main/DEBUG] [net.minecraftforge.fml.loading.moddiscovery.ModFileParser/LOADING]: Found coremod xaerohud_core with Javascript path META-INF/xaerohud_core.js
[10Jan2026 02:46:14.978] [main/DEBUG] [net.minecraftforge.fml.loading.moddiscovery.ModFile/LOADING]: Found coremod META-INF/xaerohud_core.js
[10Jan2026 02:46:14.978] [main/DEBUG] [net.minecraftforge.fml.loading.moddiscovery.ModFileParser/LOADING]: Considering mod file candidate /workspaces/Servy/servidor_minecraft/mods/collective-1.20.1-8.13.jar
[10Jan2026 02:46:14.978] [main/DEBUG] [net.minecraftforge.fml.loading.moddiscovery.ModFileInfo/LOADING]: Found valid mod file collective-1.20.1-8.13.jar with {collective} mods - versions {8.13}
[10Jan2026 02:46:14.978] [main/DEBUG] [net.minecraftforge.fml.loading.moddiscovery.ModFile/LOADING]: Loading mod file /workspaces/Servy/servidor_minecraft/mods/collective-1.20.1-8.13.jar with languages [LanguageSpec[languageName=javafml, acceptedVersions=*]]
[10Jan2026 02:46:14.978] [main/DEBUG] [net.minecraftforge.fml.loading.moddiscovery.ModFileParser/LOADING]: Considering mod file candidate /workspaces/Servy/servidor_minecraft/mods/[1.20.1] SecurityCraft v1.10.1.jar
[10Jan2026 02:46:14.979] [main/DEBUG] [net.minecraftforge.fml.loading.moddiscovery.ModFileInfo/LOADING]: Found valid mod file [1.20.1] SecurityCraft v1.10.1.jar with {securitycraft} mods - versions {1.10.1}
[10Jan2026 02:46:14.979] [main/DEBUG] [net.minecraftforge.fml.loading.moddiscovery.ModFile/LOADING]: Loading mod file /workspaces/Servy/servidor_minecraft/mods/[1.20.1] SecurityCraft v1.10.1.jar with languages [LanguageSpec[languageName=javafml, acceptedVersions=[46,)]]
[10Jan2026 02:46:14.979] [main/DEBUG] [net.minecraftforge.fml.loading.moddiscovery.ModFileParser/LOADING]: Considering mod file candidate /workspaces/Servy/servidor_minecraft/mods/tombstone-1.20.1-9.0.9.jar
[10Jan2026 02:46:14.980] [main/DEBUG] [net.minecraftforge.fml.loading.moddiscovery.ModFileInfo/LOADING]: Found valid mod file tombstone-1.20.1-9.0.9.jar with {tombstone} mods - versions {9.0.9}
[10Jan2026 02:46:14.980] [main/DEBUG] [net.minecraftforge.fml.loading.moddiscovery.ModFile/LOADING]: Loading mod file /workspaces/Servy/servidor_minecraft/mods/tombstone-1.20.1-9.0.9.jar with languages [LanguageSpec[languageName=javafml, acceptedVersions=[46,)]]
[10Jan2026 02:46:14.980] [main/DEBUG] [net.minecraftforge.fml.loading.moddiscovery.ModFileParser/LOADING]: Considering mod file candidate /workspaces/Servy/servidor_minecraft/mods/architectury-9.2.14-forge (1).jar
[10Jan2026 02:46:14.980] [main/DEBUG] [net.minecraftforge.fml.loading.moddiscovery.ModFileInfo/LOADING]: Found valid mod file architectury-9.2.14-forge (1).jar with {architectury} mods - versions {9.2.14}
[10Jan2026 02:46:14.980] [main/DEBUG] [net.minecraftforge.fml.loading.moddiscovery.ModFile/LOADING]: Loading mod file /workspaces/Servy/servidor_minecraft/mods/architectury-9.2.14-forge (1).jar with languages [LanguageSpec[languageName=javafml, acceptedVersions=[46,)]]
[10Jan2026 02:46:14.980] [main/DEBUG] [net.minecraftforge.fml.loading.moddiscovery.ModFileParser/LOADING]: Considering mod file candidate /workspaces/Servy/servidor_minecraft/mods/ferritecore-6.0.1-forge.jar
[10Jan2026 02:46:14.981] [main/DEBUG] [net.minecraftforge.fml.loading.moddiscovery.ModFileInfo/LOADING]: Found valid mod file ferritecore-6.0.1-forge.jar with {ferritecore} mods - versions {6.0.1}
[10Jan2026 02:46:14.981] [main/DEBUG] [net.minecraftforge.fml.loading.moddiscovery.ModFile/LOADING]: Loading mod file /workspaces/Servy/servidor_minecraft/mods/ferritecore-6.0.1-forge.jar with languages [LanguageSpec[languageName=javafml, acceptedVersions=[28,)]]
[10Jan2026 02:46:14.981] [main/DEBUG] [net.minecraftforge.fml.loading.moddiscovery.ModFileParser/LOADING]: Considering mod file candidate /workspaces/Servy/servidor_minecraft/mods/PuzzlesLib-v8.1.33-1.20.1-Forge.jar
[10Jan2026 02:46:14.982] [main/DEBUG] [net.minecraftforge.fml.loading.moddiscovery.ModFileInfo/LOADING]: Found valid mod file PuzzlesLib-v8.1.33-1.20.1-Forge.jar with {puzzleslib} mods - versions {8.1.33}
[10Jan2026 02:46:14.982] [main/DEBUG] [net.minecraftforge.fml.loading.moddiscovery.ModFile/LOADING]: Loading mod file /workspaces/Servy/servidor_minecraft/mods/PuzzlesLib-v8.1.33-1.20.1-Forge.jar with languages [LanguageSpec[languageName=javafml, acceptedVersions=[47,)]]
[10Jan2026 02:46:14.982] [main/DEBUG] [net.minecraftforge.fml.loading.moddiscovery.ModFileParser/LOADING]: Considering mod file candidate 
[10Jan2026 02:46:14.982] [main/DEBUG] [net.minecraftforge.fml.loading.moddiscovery.ModFileInfo/LOADING]: Found valid mod file expandability-forge-9.0.4.jar with {expandability} mods - versions {9.0.4}
[10Jan2026 02:46:14.982] [main/DEBUG] [net.minecraftforge.fml.loading.moddiscovery.ModFile/LOADING]: Loading mod file  with languages [LanguageSpec[languageName=javafml, acceptedVersions=[46,)]]
[10Jan2026 02:46:14.983] [main/DEBUG] [net.minecraftforge.fml.loading.moddiscovery.ModFileParser/LOADING]: Considering mod file candidate /workspaces/Servy/servidor_minecraft/mods/observable-4.4.1.jar
[10Jan2026 02:46:14.983] [main/DEBUG] [net.minecraftforge.fml.loading.moddiscovery.ModFileInfo/LOADING]: Found valid mod file observable-4.4.1.jar with {observable} mods - versions {4.4.1}
[10Jan2026 02:46:14.983] [main/DEBUG] [net.minecraftforge.fml.loading.moddiscovery.ModFile/LOADING]: Loading mod file /workspaces/Servy/servidor_minecraft/mods/observable-4.4.1.jar with languages [LanguageSpec[languageName=javafml, acceptedVersions=[35,)]]
[10Jan2026 02:46:14.983] [main/DEBUG] [net.minecraftforge.fml.loading.moddiscovery.ModFileParser/LOADING]: Considering mod file candidate /workspaces/Servy/servidor_minecraft/mods/MobLassos-v8.0.1-1.20.1-Forge.jar
[10Jan2026 02:46:14.984] [main/DEBUG] [net.minecraftforge.fml.loading.moddiscovery.ModFileInfo/LOADING]: Found valid mod file MobLassos-v8.0.1-1.20.1-Forge.jar with {moblassos} mods - versions {8.0.1}
[10Jan2026 02:46:14.984] [main/DEBUG] [net.minecraftforge.fml.loading.moddiscovery.ModFile/LOADING]: Loading mod file /workspaces/Servy/servidor_minecraft/mods/MobLassos-v8.0.1-1.20.1-Forge.jar with languages [LanguageSpec[languageName=javafml, acceptedVersions=[47,)]]
[10Jan2026 02:46:14.984] [main/DEBUG] [net.minecraftforge.fml.loading.moddiscovery.ModFileParser/LOADING]: Considering mod file candidate /workspaces/Servy/servidor_minecraft/mods/PlayerRevive_FORGE_v2.0.31_mc1.20.1.jar
[10Jan2026 02:46:14.984] [main/DEBUG] [net.minecraftforge.fml.loading.moddiscovery.ModFileInfo/LOADING]: Found valid mod file PlayerRevive_FORGE_v2.0.31_mc1.20.1.jar with {playerrevive} mods - versions {2.0.31}
[10Jan2026 02:46:14.985] [main/DEBUG] [net.minecraftforge.fml.loading.moddiscovery.ModFile/LOADING]: Loading mod file /workspaces/Servy/servidor_minecraft/mods/PlayerRevive_FORGE_v2.0.31_mc1.20.1.jar with languages [LanguageSpec[languageName=javafml, acceptedVersions=[46,)]]
[10Jan2026 02:46:14.985] [main/DEBUG] [net.minecraftforge.fml.loading.moddiscovery.ModFile/LOADING]: Loading mod file  with languages []
[10Jan2026 02:46:14.985] [main/DEBUG] [net.minecraftforge.fml.loading.moddiscovery.ModFileParser/LOADING]: Considering mod file candidate 
[10Jan2026 02:46:14.985] [main/DEBUG] [net.minecraftforge.fml.loading.moddiscovery.ModFileInfo/LOADING]: Found valid mod file mixinextras-forge-0.5.0-beta.5.jar with {mixinextras} mods - versions {0.5.0-beta.5}
[10Jan2026 02:46:14.985] [main/DEBUG] [net.minecraftforge.fml.loading.moddiscovery.ModFile/LOADING]: Loading mod file  with languages [LanguageSpec[languageName=javafml, acceptedVersions=*]]
[10Jan2026 02:46:14.985] [main/DEBUG] [net.minecraftforge.fml.loading.moddiscovery.ModFile/LOADING]: Loading mod file  with languages []
[10Jan2026 02:46:14.986] [main/DEBUG] [net.minecraftforge.fml.loading.moddiscovery.ModFile/LOADING]: Loading mod file  with languages []
[10Jan2026 02:46:14.986] [main/DEBUG] [net.minecraftforge.fml.loading.moddiscovery.ModFile/LOADING]: Loading mod file  with languages []
[10Jan2026 02:46:14.986] [main/DEBUG] [net.minecraftforge.fml.loading.moddiscovery.ModFileParser/LOADING]: Considering mod file candidate 
[10Jan2026 02:46:14.986] [main/DEBUG] [net.minecraftforge.fml.loading.moddiscovery.ModFileInfo/LOADING]: Found valid mod file mixinextras-forge-0.5.0-beta.5.jar with {mixinextras} mods - versions {0.5.0-beta.5}
[10Jan2026 02:46:14.986] [main/DEBUG] [net.minecraftforge.fml.loading.moddiscovery.ModFile/LOADING]: Loading mod file  with languages [LanguageSpec[languageName=javafml, acceptedVersions=*]]
[10Jan2026 02:46:14.986] [main/DEBUG] [net.minecraftforge.fml.loading.moddiscovery.ModFile/LOADING]: Loading mod file  with languages []
[10Jan2026 02:46:14.986] [main/DEBUG] [net.minecraftforge.fml.loading.moddiscovery.ModFile/LOADING]: Loading mod file  with languages []
[10Jan2026 02:46:14.987] [main/DEBUG] [cpw.mods.modlauncher.TransformationServiceDecorator/MODLAUNCHER]: End scan trigger - transformation service fml
[10Jan2026 02:46:15.027] [main/DEBUG] [net.minecraftforge.fml.loading.LanguageLoadingProvider/CORE]: Found 4 language providers
[10Jan2026 02:46:15.028] [main/DEBUG] [net.minecraftforge.fml.loading.LanguageLoadingProvider/CORE]: Found language provider minecraft, version 1.0
[10Jan2026 02:46:15.029] [main/DEBUG] [net.minecraftforge.fml.loading.LanguageLoadingProvider/CORE]: Found language provider kotlinforforge, version 4.11.0
[10Jan2026 02:46:15.029] [main/DEBUG] [net.minecraftforge.fml.loading.LanguageLoadingProvider/CORE]: Found language provider javafml, version 47
[10Jan2026 02:46:15.029] [main/DEBUG] [net.minecraftforge.fml.loading.LanguageLoadingProvider/CORE]: Found language provider lowcodefml, version 47
[10Jan2026 02:46:15.034] [main/DEBUG] [net.minecraftforge.fml.loading.UniqueModListBuilder/]: Found 2 mods for first modid mclib, selecting most recent based on version data
[10Jan2026 02:46:15.034] [main/DEBUG] [net.minecraftforge.fml.loading.UniqueModListBuilder/]: Selected file mclib-20.jar for modid mclib with version 0.0NONE
[10Jan2026 02:46:15.034] [main/DEBUG] [net.minecraftforge.fml.loading.UniqueModListBuilder/]: Found 2 mods for first modid mixinextras, selecting most recent based on version data
[10Jan2026 02:46:15.034] [main/DEBUG] [net.minecraftforge.fml.loading.UniqueModListBuilder/]: Selected file mixinextras-forge-0.5.0-beta.5.jar for modid mixinextras with version 0.5.0-beta.5
[10Jan2026 02:46:15.034] [main/DEBUG] [net.minecraftforge.fml.loading.UniqueModListBuilder/]: Found 2 mods for first modid MixinExtras.beta._5, selecting most recent based on version data
[10Jan2026 02:46:15.034] [main/DEBUG] [net.minecraftforge.fml.loading.UniqueModListBuilder/]: Selected file MixinExtras-0.5.0-beta.5.jar for modid MixinExtras.beta._5 with version 0.0NONE
[10Jan2026 02:46:15.034] [main/DEBUG] [net.minecraftforge.fml.loading.UniqueModListBuilder/]: Found 2 mods for first modid thedarkcolour.kotlinforforge.kfflib, selecting most recent based on version data
[10Jan2026 02:46:15.035] [main/DEBUG] [net.minecraftforge.fml.loading.UniqueModListBuilder/]: Selected file kfflib-4.11.0.jar for modid thedarkcolour.kotlinforforge.kfflib with version 4.11.0
[10Jan2026 02:46:15.036] [main/DEBUG] [net.minecraftforge.fml.loading.ModSorter/]: Configured system mods: [minecraft, forge]
[10Jan2026 02:46:15.037] [main/DEBUG] [net.minecraftforge.fml.loading.ModSorter/]: Found system mod: minecraft
[10Jan2026 02:46:15.037] [main/DEBUG] [net.minecraftforge.fml.loading.ModSorter/]: Found system mod: forge
[10Jan2026 02:46:15.040] [main/DEBUG] [net.minecraftforge.fml.loading.ModSorter/LOADING]: Found 119 mod requirements (106 mandatory, 13 optional)
[10Jan2026 02:46:15.041] [main/DEBUG] [net.minecraftforge.fml.loading.ModSorter/LOADING]: Found 0 mod requirements missing (0 mandatory, 0 optional)
[10Jan2026 02:46:15.623] [main/DEBUG] [cpw.mods.modlauncher.TransformationServicesHandler/MODLAUNCHER]: Transformation services loading transformers
[10Jan2026 02:46:15.623] [main/DEBUG] [cpw.mods.modlauncher.TransformationServiceDecorator/MODLAUNCHER]: Initializing transformers for transformation service mixin
[10Jan2026 02:46:15.624] [main/DEBUG] [cpw.mods.modlauncher.TransformationServiceDecorator/MODLAUNCHER]: Initialized transformers for transformation service mixin
[10Jan2026 02:46:15.624] [main/DEBUG] [cpw.mods.modlauncher.TransformationServiceDecorator/MODLAUNCHER]: Initializing transformers for transformation service fml
[10Jan2026 02:46:15.624] [main/DEBUG] [net.minecraftforge.fml.loading.FMLServiceProvider/CORE]: Loading coremod transformers
[10Jan2026 02:46:15.624] [main/DEBUG] [net.minecraftforge.coremod.CoreModEngine/COREMOD]: Loading CoreMod from META-INF/xaeroworldmap_core.js
[10Jan2026 02:46:15.920] [main/DEBUG] [net.minecraftforge.coremod.CoreModEngine/COREMOD]: CoreMod loaded successfully
[10Jan2026 02:46:15.924] [main/DEBUG] [net.minecraftforge.coremod.CoreModEngine/COREMOD]: Loading CoreMod from coremods/field_to_method.js
[10Jan2026 02:46:15.975] [main/DEBUG] [net.minecraftforge.coremod.CoreModEngine/COREMOD]: CoreMod loaded successfully
[10Jan2026 02:46:15.975] [main/DEBUG] [net.minecraftforge.coremod.CoreModEngine/COREMOD]: Loading CoreMod from coremods/field_to_instanceof.js
[10Jan2026 02:46:16.050] [main/DEBUG] [net.minecraftforge.coremod.CoreModEngine/COREMOD]: CoreMod loaded successfully
[10Jan2026 02:46:16.050] [main/DEBUG] [net.minecraftforge.coremod.CoreModEngine/COREMOD]: Loading CoreMod from coremods/add_bouncer_method.js
[10Jan2026 02:46:16.094] [main/DEBUG] [net.minecraftforge.coremod.CoreModEngine/COREMOD]: CoreMod loaded successfully
[10Jan2026 02:46:16.095] [main/DEBUG] [net.minecraftforge.coremod.CoreModEngine/COREMOD]: Loading CoreMod from coremods/method_redirector.js
[10Jan2026 02:46:16.189] [main/DEBUG] [net.minecraftforge.coremod.CoreModEngine/COREMOD]: CoreMod loaded successfully
[10Jan2026 02:46:16.191] [main/DEBUG] [net.minecraftforge.coremod.CoreModEngine/COREMOD]: Loading CoreMod from META-INF/asm/seed.js
[10Jan2026 02:46:16.212] [main/DEBUG] [net.minecraftforge.coremod.CoreModEngine/COREMOD]: CoreMod loaded successfully
[10Jan2026 02:46:16.212] [main/DEBUG] [net.minecraftforge.coremod.CoreModEngine/COREMOD]: Loading CoreMod from META-INF/asm/maprendercontext.js
[10Jan2026 02:46:16.260] [main/DEBUG] [net.minecraftforge.coremod.CoreModEngine/COREMOD]: CoreMod loaded successfully
[10Jan2026 02:46:16.260] [main/DEBUG] [net.minecraftforge.coremod.CoreModEngine/COREMOD]: Loading CoreMod from META-INF/asm/music.js
[10Jan2026 02:46:16.275] [main/DEBUG] [net.minecraftforge.coremod.CoreModEngine/COREMOD]: CoreMod loaded successfully
[10Jan2026 02:46:16.275] [main/DEBUG] [net.minecraftforge.coremod.CoreModEngine/COREMOD]: Loading CoreMod from META-INF/asm/multipart.js
[10Jan2026 02:46:16.307] [main/DEBUG] [net.minecraftforge.coremod.CoreModEngine/COREMOD]: CoreMod loaded successfully
[10Jan2026 02:46:16.308] [main/DEBUG] [net.minecraftforge.coremod.CoreModEngine/COREMOD]: Loading CoreMod from META-INF/asm/foliage.js
[10Jan2026 02:46:16.326] [main/DEBUG] [net.minecraftforge.coremod.CoreModEngine/COREMOD]: CoreMod loaded successfully
[10Jan2026 02:46:16.326] [main/DEBUG] [net.minecraftforge.coremod.CoreModEngine/COREMOD]: Loading CoreMod from META-INF/asm/mount.js
[10Jan2026 02:46:16.342] [main/DEBUG] [net.minecraftforge.coremod.CoreModEngine/COREMOD]: CoreMod loaded successfully
[10Jan2026 02:46:16.343] [main/DEBUG] [net.minecraftforge.coremod.CoreModEngine/COREMOD]: Loading CoreMod from META-INF/asm/book.js
[10Jan2026 02:46:16.357] [main/DEBUG] [net.minecraftforge.coremod.CoreModEngine/COREMOD]: CoreMod loaded successfully
[10Jan2026 02:46:16.358] [main/DEBUG] [net.minecraftforge.coremod.CoreModEngine/COREMOD]: Loading CoreMod from META-INF/asm/conquered.js
[10Jan2026 02:46:16.375] [main/DEBUG] [net.minecraftforge.coremod.CoreModEngine/COREMOD]: CoreMod loaded successfully
[10Jan2026 02:46:16.375] [main/DEBUG] [net.minecraftforge.coremod.CoreModEngine/COREMOD]: Loading CoreMod from META-INF/asm/reach.js
[10Jan2026 02:46:16.401] [main/DEBUG] [net.minecraftforge.coremod.CoreModEngine/COREMOD]: CoreMod loaded successfully
[10Jan2026 02:46:16.401] [main/DEBUG] [net.minecraftforge.coremod.CoreModEngine/COREMOD]: Loading CoreMod from META-INF/asm/shroom.js
[10Jan2026 02:46:16.413] [main/DEBUG] [net.minecraftforge.coremod.CoreModEngine/COREMOD]: CoreMod loaded successfully
[10Jan2026 02:46:16.413] [main/DEBUG] [net.minecraftforge.coremod.CoreModEngine/COREMOD]: Loading CoreMod from META-INF/asm/cloud.js
[10Jan2026 02:46:16.426] [main/DEBUG] [net.minecraftforge.coremod.CoreModEngine/COREMOD]: CoreMod loaded successfully
[10Jan2026 02:46:16.426] [main/DEBUG] [net.minecraftforge.coremod.CoreModEngine/COREMOD]: Loading CoreMod from META-INF/asm/lead.js
[10Jan2026 02:46:16.441] [main/DEBUG] [net.minecraftforge.coremod.CoreModEngine/COREMOD]: CoreMod loaded successfully
[10Jan2026 02:46:16.442] [main/DEBUG] [net.minecraftforge.coremod.CoreModEngine/COREMOD]: Loading CoreMod from META-INF/xaerohud_core.js
[10Jan2026 02:46:16.507] [main/DEBUG] [net.minecraftforge.coremod.CoreModEngine/COREMOD]: CoreMod loaded successfully
[10Jan2026 02:46:16.528] [main/DEBUG] [cpw.mods.modlauncher.TransformStore/MODLAUNCHER]: Adding transformer net.minecraftforge.coremod.transformer.CoreModMethodTransformer@20cdb152 to Target : METHOD {Lnet/minecraft/world/level/levelgen/WorldOptions;} {<init>} {(JZZLjava/util/Optional;)V}
[10Jan2026 02:46:16.529] [main/DEBUG] [cpw.mods.modlauncher.TransformStore/MODLAUNCHER]: Adding transformer net.minecraftforge.coremod.transformer.CoreModMethodTransformer@62d40e31 to Target : METHOD {Lnet/minecraft/client/gui/MapRenderer$MapInstance;} {m_93291_} {(Lcom/mojang/blaze3d/vertex/PoseStack;Lnet/minecraft/client/renderer/MultiBufferSource;ZI)V}
[10Jan2026 02:46:16.529] [main/DEBUG] [cpw.mods.modlauncher.TransformStore/MODLAUNCHER]: Adding transformer net.minecraftforge.coremod.transformer.CoreModMethodTransformer@650aa077 to Target : METHOD {Lnet/minecraft/client/renderer/ItemInHandRenderer;} {m_109371_} {(Lnet/minecraft/client/player/AbstractClientPlayer;FFLnet/minecraft/world/InteractionHand;FLnet/minecraft/world/item/ItemStack;FLcom/mojang/blaze3d/vertex/PoseStack;Lnet/minecraft/client/renderer/MultiBufferSource;I)V}
[10Jan2026 02:46:16.529] [main/DEBUG] [cpw.mods.modlauncher.TransformStore/MODLAUNCHER]: Adding transformer net.minecraftforge.coremod.transformer.CoreModMethodTransformer@7ce29a2d to Target : METHOD {Lnet/minecraft/world/entity/decoration/ItemFrame;} {m_218868_} {()Ljava/util/OptionalInt;}
[10Jan2026 02:46:16.530] [main/DEBUG] [cpw.mods.modlauncher.TransformStore/MODLAUNCHER]: Adding transformer net.minecraftforge.coremod.transformer.CoreModMethodTransformer@457a5b2d to Target : METHOD {Lnet/minecraft/client/renderer/ItemInHandRenderer;} {m_109366_} {(Lcom/mojang/blaze3d/vertex/PoseStack;Lnet/minecraft/client/renderer/MultiBufferSource;ILnet/minecraft/world/item/ItemStack;)V}
[10Jan2026 02:46:16.530] [main/DEBUG] [cpw.mods.modlauncher.TransformStore/MODLAUNCHER]: Adding transformer net.minecraftforge.coremod.transformer.CoreModMethodTransformer@79d7035 to Target : METHOD {Lnet/minecraft/world/item/MapItem;} {m_7373_} {(Lnet/minecraft/world/item/ItemStack;Lnet/minecraft/world/level/Level;Ljava/util/List;Lnet/minecraft/world/item/TooltipFlag;)V}
[10Jan2026 02:46:16.530] [main/DEBUG] [cpw.mods.modlauncher.TransformStore/MODLAUNCHER]: Adding transformer net.minecraftforge.coremod.transformer.CoreModMethodTransformer@372461a9 to Target : METHOD {Lnet/minecraft/client/sounds/MusicManager;} {m_120183_} {()V}
[10Jan2026 02:46:16.530] [main/DEBUG] [cpw.mods.modlauncher.TransformStore/MODLAUNCHER]: Adding transformer net.minecraftforge.coremod.transformer.CoreModMethodTransformer@5fffb692 to Target : METHOD {Lnet/minecraft/server/level/ServerEntity;} {m_8543_} {()V}
[10Jan2026 02:46:16.532] [main/DEBUG] [cpw.mods.modlauncher.TransformStore/MODLAUNCHER]: Adding transformer net.minecraftforge.coremod.transformer.CoreModMethodTransformer@48cb2d73 to Target : METHOD {Lnet/minecraft/client/renderer/entity/EntityRenderDispatcher;} {m_6213_} {(Lnet/minecraft/server/packs/resources/ResourceManager;)V}
[10Jan2026 02:46:16.532] [main/DEBUG] [cpw.mods.modlauncher.TransformStore/MODLAUNCHER]: Adding transformer net.minecraftforge.coremod.transformer.CoreModMethodTransformer@243bf087 to Target : METHOD {Lnet/minecraft/client/renderer/entity/EntityRenderDispatcher;} {m_114382_} {(Lnet/minecraft/world/entity/Entity;)Lnet/minecraft/client/renderer/entity/EntityRenderer;}
[10Jan2026 02:46:16.532] [main/DEBUG] [cpw.mods.modlauncher.TransformStore/MODLAUNCHER]: Adding transformer net.minecraftforge.coremod.transformer.CoreModMethodTransformer@3086f480 to Target : METHOD {Lnet/minecraft/client/renderer/LevelRenderer;} {m_109599_} {(Lcom/mojang/blaze3d/vertex/PoseStack;FJZLnet/minecraft/client/Camera;Lnet/minecraft/client/renderer/GameRenderer;Lnet/minecraft/client/renderer/LightTexture;Lorg/joml/Matrix4f;)V}
[10Jan2026 02:46:16.533] [main/DEBUG] [cpw.mods.modlauncher.TransformStore/MODLAUNCHER]: Adding transformer net.minecraftforge.coremod.transformer.CoreModMethodTransformer@126f8f24 to Target : METHOD {Lnet/minecraft/client/renderer/BiomeColors;} {m_108807_} {(Lnet/minecraft/world/level/biome/Biome;DD)I}
[10Jan2026 02:46:16.533] [main/DEBUG] [cpw.mods.modlauncher.TransformStore/MODLAUNCHER]: Adding transformer net.minecraftforge.coremod.transformer.CoreModMethodTransformer@35e98af to Target : METHOD {Lnet/minecraft/client/player/LocalPlayer;} {m_6083_} {()V}
[10Jan2026 02:46:16.533] [main/DEBUG] [cpw.mods.modlauncher.TransformStore/MODLAUNCHER]: Adding transformer net.minecraftforge.coremod.transformer.CoreModMethodTransformer@781aff8b to Target : METHOD {Lnet/minecraft/world/item/WrittenBookItem;} {m_7626_} {(Lnet/minecraft/world/item/ItemStack;)Lnet/minecraft/network/chat/Component;}
[10Jan2026 02:46:16.533] [main/DEBUG] [cpw.mods.modlauncher.TransformStore/MODLAUNCHER]: Adding transformer net.minecraftforge.coremod.transformer.CoreModMethodTransformer@7fbf26fc to Target : METHOD {Lnet/minecraft/world/level/levelgen/structure/StructureStart;} {m_226857_} {(Lnet/minecraft/world/level/levelgen/structure/pieces/StructurePieceSerializationContext;Lnet/minecraft/nbt/CompoundTag;J)Lnet/minecraft/world/level/levelgen/structure/StructureStart;}
[10Jan2026 02:46:16.533] [main/DEBUG] [cpw.mods.modlauncher.TransformStore/MODLAUNCHER]: Adding transformer net.minecraftforge.coremod.transformer.CoreModMethodTransformer@11c78080 to Target : METHOD {Lnet/minecraft/world/item/Item;} {m_41435_} {(Lnet/minecraft/world/level/Level;Lnet/minecraft/world/entity/player/Player;Lnet/minecraft/world/level/ClipContext$Fluid;)Lnet/minecraft/world/phys/BlockHitResult;}
[10Jan2026 02:46:16.533] [main/DEBUG] [cpw.mods.modlauncher.TransformStore/MODLAUNCHER]: Adding transformer net.minecraftforge.coremod.transformer.CoreModMethodTransformer@662be9f7 to Target : METHOD {Lnet/minecraft/world/level/block/MushroomBlock;} {m_7898_} {(Lnet/minecraft/world/level/block/state/BlockState;Lnet/minecraft/world/level/LevelReader;Lnet/minecraft/core/BlockPos;)Z}
[10Jan2026 02:46:16.533] [main/DEBUG] [cpw.mods.modlauncher.TransformStore/MODLAUNCHER]: Adding transformer net.minecraftforge.coremod.transformer.CoreModMethodTransformer@4962b41e to Target : METHOD {Lnet/minecraft/world/level/Level;} {m_46758_} {(Lnet/minecraft/core/BlockPos;)Z}
[10Jan2026 02:46:16.533] [main/DEBUG] [cpw.mods.modlauncher.TransformStore/MODLAUNCHER]: Adding transformer net.minecraftforge.coremod.transformer.CoreModMethodTransformer@4fecf308 to Target : METHOD {Lnet/minecraft/world/entity/decoration/LeashFenceKnotEntity;} {m_7088_} {()Z}
[10Jan2026 02:46:16.533] [main/DEBUG] [cpw.mods.modlauncher.TransformStore/MODLAUNCHER]: Adding transformer net.minecraftforge.coremod.transformer.CoreModMethodTransformer@6282b9f5 to Target : METHOD {Lnet/minecraft/client/ToggleKeyMapping;} {m_90857_} {()Z}
[10Jan2026 02:46:16.534] [main/DEBUG] [cpw.mods.modlauncher.TransformStore/MODLAUNCHER]: Adding transformer net.minecraftforge.coremod.transformer.CoreModClassTransformer@7c11d32 to Target : CLASS {Lnet/minecraft/world/level/biome/Biome;} {} {V}
[10Jan2026 02:46:16.534] [main/DEBUG] [cpw.mods.modlauncher.TransformStore/MODLAUNCHER]: Adding transformer net.minecraftforge.coremod.transformer.CoreModClassTransformer@2f9dda71 to Target : CLASS {Lnet/minecraft/world/level/levelgen/structure/Structure;} {} {V}
[10Jan2026 02:46:16.534] [main/DEBUG] [cpw.mods.modlauncher.TransformStore/MODLAUNCHER]: Adding transformer net.minecraftforge.coremod.transformer.CoreModClassTransformer@58278366 to Target : CLASS {Lnet/minecraft/world/effect/MobEffectInstance;} {} {V}
[10Jan2026 02:46:16.534] [main/DEBUG] [cpw.mods.modlauncher.TransformStore/MODLAUNCHER]: Adding transformer net.minecraftforge.coremod.transformer.CoreModClassTransformer@7f5fcfe9 to Target : CLASS {Lnet/minecraft/world/level/block/LiquidBlock;} {} {V}
[10Jan2026 02:46:16.534] [main/DEBUG] [cpw.mods.modlauncher.TransformStore/MODLAUNCHER]: Adding transformer net.minecraftforge.coremod.transformer.CoreModClassTransformer@707865bd to Target : CLASS {Lnet/minecraft/world/item/BucketItem;} {} {V}
[10Jan2026 02:46:16.534] [main/DEBUG] [cpw.mods.modlauncher.TransformStore/MODLAUNCHER]: Adding transformer net.minecraftforge.coremod.transformer.CoreModClassTransformer@31f77791 to Target : CLASS {Lnet/minecraft/world/level/block/StairBlock;} {} {V}
[10Jan2026 02:46:16.534] [main/DEBUG] [cpw.mods.modlauncher.TransformStore/MODLAUNCHER]: Adding transformer net.minecraftforge.coremod.transformer.CoreModClassTransformer@552fee7a to Target : CLASS {Lnet/minecraft/world/level/block/FlowerPotBlock;} {} {V}
[10Jan2026 02:46:16.534] [main/DEBUG] [cpw.mods.modlauncher.TransformStore/MODLAUNCHER]: Adding transformer net.minecraftforge.coremod.transformer.CoreModClassTransformer@548e43b1 to Target : CLASS {Lnet/minecraft/world/item/ItemStack;} {} {V}
[10Jan2026 02:46:16.535] [main/DEBUG] [cpw.mods.modlauncher.TransformStore/MODLAUNCHER]: Adding transformer net.minecraftforge.coremod.transformer.CoreModClassTransformer@67688110 to Target : CLASS {Lnet/minecraft/network/play/client/CClientSettingsPacket;} {} {V}
[10Jan2026 02:46:16.537] [main/DEBUG] [cpw.mods.modlauncher.TransformStore/MODLAUNCHER]: Adding transformer net.minecraftforge.coremod.transformer.CoreModClassTransformer@6d293993 to Target : CLASS {Lnet/minecraft/world/level/levelgen/structure/structures/OceanMonumentPieces$OceanMonumentPiece;} {} {V}
[10Jan2026 02:46:16.537] [main/DEBUG] [cpw.mods.modlauncher.TransformStore/MODLAUNCHER]: Adding transformer net.minecraftforge.coremod.transformer.CoreModClassTransformer@6d293993 to Target : CLASS {Lnet/minecraft/world/entity/monster/Strider;} {} {V}
[10Jan2026 02:46:16.537] [main/DEBUG] [cpw.mods.modlauncher.TransformStore/MODLAUNCHER]: Adding transformer net.minecraftforge.coremod.transformer.CoreModClassTransformer@6d293993 to Target : CLASS {Lnet/minecraft/world/entity/npc/CatSpawner;} {} {V}
[10Jan2026 02:46:16.537] [main/DEBUG] [cpw.mods.modlauncher.TransformStore/MODLAUNCHER]: Adding transformer net.minecraftforge.coremod.transformer.CoreModClassTransformer@6d293993 to Target : CLASS {Lnet/minecraft/world/entity/monster/ZombieVillager;} {} {V}
[10Jan2026 02:46:16.537] [main/DEBUG] [cpw.mods.modlauncher.TransformStore/MODLAUNCHER]: Adding transformer net.minecraftforge.coremod.transformer.CoreModClassTransformer@6d293993 to Target : CLASS {Lnet/minecraft/world/level/levelgen/structure/structures/OceanRuinPieces$OceanRuinPiece;} {} {V}
[10Jan2026 02:46:16.537] [main/DEBUG] [cpw.mods.modlauncher.TransformStore/MODLAUNCHER]: Adding transformer net.minecraftforge.coremod.transformer.CoreModClassTransformer@6d293993 to Target : CLASS {Lnet/minecraft/server/commands/RaidCommand;} {} {V}
[10Jan2026 02:46:16.538] [main/DEBUG] [cpw.mods.modlauncher.TransformStore/MODLAUNCHER]: Adding transformer net.minecraftforge.coremod.transformer.CoreModClassTransformer@6d293993 to Target : CLASS {Lnet/minecraft/world/level/levelgen/PhantomSpawner;} {} {V}
[10Jan2026 02:46:16.538] [main/DEBUG] [cpw.mods.modlauncher.TransformStore/MODLAUNCHER]: Adding transformer net.minecraftforge.coremod.transformer.CoreModClassTransformer@6d293993 to Target : CLASS {Lnet/minecraft/world/entity/animal/frog/Tadpole;} {} {V}
[10Jan2026 02:46:16.538] [main/DEBUG] [cpw.mods.modlauncher.TransformStore/MODLAUNCHER]: Adding transformer net.minecraftforge.coremod.transformer.CoreModClassTransformer@6d293993 to Target : CLASS {Lnet/minecraft/world/level/levelgen/structure/structures/WoodlandMansionPieces$WoodlandMansionPiece;} {} {V}
[10Jan2026 02:46:16.538] [main/DEBUG] [cpw.mods.modlauncher.TransformStore/MODLAUNCHER]: Adding transformer net.minecraftforge.coremod.transformer.CoreModClassTransformer@6d293993 to Target : CLASS {Lnet/minecraft/world/entity/EntityType;} {} {V}
[10Jan2026 02:46:16.538] [main/DEBUG] [cpw.mods.modlauncher.TransformStore/MODLAUNCHER]: Adding transformer net.minecraftforge.coremod.transformer.CoreModClassTransformer@6d293993 to Target : CLASS {Lnet/minecraft/world/entity/monster/Zombie;} {} {V}
[10Jan2026 02:46:16.538] [main/DEBUG] [cpw.mods.modlauncher.TransformStore/MODLAUNCHER]: Adding transformer net.minecraftforge.coremod.transformer.CoreModClassTransformer@6d293993 to Target : CLASS {Lnet/minecraft/world/entity/ai/village/VillageSiege;} {} {V}
[10Jan2026 02:46:16.538] [main/DEBUG] [cpw.mods.modlauncher.TransformStore/MODLAUNCHER]: Adding transformer net.minecraftforge.coremod.transformer.CoreModClassTransformer@6d293993 to Target : CLASS {Lnet/minecraft/world/entity/monster/Spider;} {} {V}
[10Jan2026 02:46:16.538] [main/DEBUG] [cpw.mods.modlauncher.TransformStore/MODLAUNCHER]: Adding transformer net.minecraftforge.coremod.transformer.CoreModClassTransformer@6d293993 to Target : CLASS {Lnet/minecraft/world/entity/monster/Evoker$EvokerSummonSpellGoal;} {} {V}
[10Jan2026 02:46:16.538] [main/DEBUG] [cpw.mods.modlauncher.TransformStore/MODLAUNCHER]: Adding transformer net.minecraftforge.coremod.transformer.CoreModClassTransformer@6d293993 to Target : CLASS {Lnet/minecraft/world/level/levelgen/PatrolSpawner;} {} {V}
[10Jan2026 02:46:16.538] [main/DEBUG] [cpw.mods.modlauncher.TransformStore/MODLAUNCHER]: Adding transformer net.minecraftforge.coremod.transformer.CoreModClassTransformer@6d293993 to Target : CLASS {Lnet/minecraft/world/entity/raid/Raid;} {} {V}
[10Jan2026 02:46:16.538] [main/DEBUG] [cpw.mods.modlauncher.TransformStore/MODLAUNCHER]: Adding transformer net.minecraftforge.coremod.transformer.CoreModClassTransformer@6d293993 to Target : CLASS {Lnet/minecraft/world/level/levelgen/structure/templatesystem/StructureTemplate;} {} {V}
[10Jan2026 02:46:16.538] [main/DEBUG] [cpw.mods.modlauncher.TransformStore/MODLAUNCHER]: Adding transformer net.minecraftforge.coremod.transformer.CoreModClassTransformer@6d293993 to Target : CLASS {Lnet/minecraft/world/entity/animal/horse/SkeletonTrapGoal;} {} {V}
[10Jan2026 02:46:16.538] [main/DEBUG] [cpw.mods.modlauncher.TransformStore/MODLAUNCHER]: Adding transformer net.minecraftforge.coremod.transformer.CoreModClassTransformer@6d293993 to Target : CLASS {Lnet/minecraft/world/entity/npc/Villager;} {} {V}
[10Jan2026 02:46:16.538] [main/DEBUG] [cpw.mods.modlauncher.TransformStore/MODLAUNCHER]: Adding transformer net.minecraftforge.coremod.transformer.CoreModClassTransformer@6d293993 to Target : CLASS {Lnet/minecraft/world/level/NaturalSpawner;} {} {V}
[10Jan2026 02:46:16.539] [main/DEBUG] [cpw.mods.modlauncher.TransformStore/MODLAUNCHER]: Adding transformer net.minecraftforge.coremod.transformer.CoreModClassTransformer@6d293993 to Target : CLASS {Lnet/minecraft/world/level/levelgen/structure/structures/SwampHutPiece;} {} {V}
[10Jan2026 02:46:16.539] [main/DEBUG] [cpw.mods.modlauncher.TransformStore/MODLAUNCHER]: Adding transformer net.minecraftforge.coremod.transformer.CoreModClassTransformer@6d293993 to Target : CLASS {Lnet/minecraft/server/commands/SummonCommand;} {} {V}
[10Jan2026 02:46:16.539] [main/DEBUG] [cpw.mods.modlauncher.TransformationServiceDecorator/MODLAUNCHER]: Initialized transformers for transformation service fml
[10Jan2026 02:46:17.800] [main/DEBUG] [mixin/]: Processing prepare() for PlatformAgent[MixinPlatformAgentDefault:ModLauncher Root Container(ModLauncher:4f56a0a2)]
[10Jan2026 02:46:17.801] [main/DEBUG] [mixin/]: Processing launch tasks for PlatformAgent[MixinPlatformAgentDefault:ModLauncher Root Container(ModLauncher:4f56a0a2)]
[10Jan2026 02:46:17.801] [main/DEBUG] [mixin/]: Adding mixin platform agents for container SecureJarResource(uniquedungeons)
[10Jan2026 02:46:17.801] [main/DEBUG] [mixin/]: Instancing new MixinPlatformAgentMinecraftForge for SecureJarResource(uniquedungeons)
[10Jan2026 02:46:17.801] [main/DEBUG] [mixin/]: MixinPlatformAgentMinecraftForge rejected container SecureJarResource(uniquedungeons)
[10Jan2026 02:46:17.801] [main/DEBUG] [mixin/]: Instancing new MixinPlatformAgentDefault for SecureJarResource(uniquedungeons)
[10Jan2026 02:46:17.802] [main/DEBUG] [mixin/]: MixinPlatformAgentDefault accepted container SecureJarResource(uniquedungeons)
[10Jan2026 02:46:17.802] [main/DEBUG] [mixin/]: Processing prepare() for PlatformAgent[MixinPlatformAgentDefault:SecureJarResource(uniquedungeons)]
[10Jan2026 02:46:17.802] [main/DEBUG] [mixin/]: Registering mixin config: uniquedungeons.mixin.json
[10Jan2026 02:46:17.820] [main/DEBUG] [mixin/]: Compatibility level JAVA_17 specified by uniquedungeons.mixin.json is higher than the maximum level supported by this version of mixin (JAVA_13).
[10Jan2026 02:46:17.824] [main/INFO] [mixin/]: Compatibility level set to JAVA_17
[10Jan2026 02:46:17.825] [main/DEBUG] [mixin/]: Adding mixin platform agents for container SecureJarResource(treechop)
[10Jan2026 02:46:17.825] [main/DEBUG] [mixin/]: Instancing new MixinPlatformAgentMinecraftForge for SecureJarResource(treechop)
[10Jan2026 02:46:17.825] [main/DEBUG] [mixin/]: MixinPlatformAgentMinecraftForge rejected container SecureJarResource(treechop)
[10Jan2026 02:46:17.825] [main/DEBUG] [mixin/]: Instancing new MixinPlatformAgentDefault for SecureJarResource(treechop)
[10Jan2026 02:46:17.825] [main/DEBUG] [mixin/]: MixinPlatformAgentDefault accepted container SecureJarResource(treechop)
[10Jan2026 02:46:17.825] [main/DEBUG] [mixin/]: Processing prepare() for PlatformAgent[MixinPlatformAgentDefault:SecureJarResource(treechop)]
[10Jan2026 02:46:17.825] [main/DEBUG] [mixin/]: Registering mixin config: treechop.mixins.json
[10Jan2026 02:46:17.827] [main/DEBUG] [mixin/]: Adding mixin platform agents for container SecureJarResource(kuma_api)
[10Jan2026 02:46:17.827] [main/DEBUG] [mixin/]: Instancing new MixinPlatformAgentMinecraftForge for SecureJarResource(kuma_api)
[10Jan2026 02:46:17.827] [main/DEBUG] [mixin/]: MixinPlatformAgentMinecraftForge rejected container SecureJarResource(kuma_api)
[10Jan2026 02:46:17.828] [main/DEBUG] [mixin/]: Instancing new MixinPlatformAgentDefault for SecureJarResource(kuma_api)
[10Jan2026 02:46:17.828] [main/DEBUG] [mixin/]: MixinPlatformAgentDefault accepted container SecureJarResource(kuma_api)
[10Jan2026 02:46:17.831] [main/DEBUG] [mixin/]: Processing prepare() for PlatformAgent[MixinPlatformAgentDefault:SecureJarResource(kuma_api)]
[10Jan2026 02:46:17.831] [main/DEBUG] [mixin/]: Registering mixin config: kuma_api.mixins.json
[10Jan2026 02:46:17.832] [main/DEBUG] [mixin/]: Registering mixin config: kuma_api.forge.mixins.json
[10Jan2026 02:46:17.839] [main/DEBUG] [mixin/]: Adding mixin platform agents for container SecureJarResource(geckolib)
[10Jan2026 02:46:17.839] [main/DEBUG] [mixin/]: Instancing new MixinPlatformAgentMinecraftForge for SecureJarResource(geckolib)
[10Jan2026 02:46:17.839] [main/DEBUG] [mixin/]: MixinPlatformAgentMinecraftForge rejected container SecureJarResource(geckolib)
[10Jan2026 02:46:17.839] [main/DEBUG] [mixin/]: Instancing new MixinPlatformAgentDefault for SecureJarResource(geckolib)
[10Jan2026 02:46:17.839] [main/DEBUG] [mixin/]: MixinPlatformAgentDefault accepted container SecureJarResource(geckolib)
[10Jan2026 02:46:17.840] [main/DEBUG] [mixin/]: Processing prepare() for PlatformAgent[MixinPlatformAgentDefault:SecureJarResource(geckolib)]
[10Jan2026 02:46:17.840] [main/DEBUG] [mixin/]: Registering mixin config: geckolib.mixins.json
[10Jan2026 02:46:17.844] [main/DEBUG] [mixin/]: Adding mixin platform agents for container SecureJarResource(jei)
[10Jan2026 02:46:17.844] [main/DEBUG] [mixin/]: Instancing new MixinPlatformAgentMinecraftForge for SecureJarResource(jei)
[10Jan2026 02:46:17.844] [main/DEBUG] [mixin/]: MixinPlatformAgentMinecraftForge rejected container SecureJarResource(jei)
[10Jan2026 02:46:17.844] [main/DEBUG] [mixin/]: Instancing new MixinPlatformAgentDefault for SecureJarResource(jei)
[10Jan2026 02:46:17.844] [main/DEBUG] [mixin/]: MixinPlatformAgentDefault accepted container SecureJarResource(jei)
[10Jan2026 02:46:17.844] [main/DEBUG] [mixin/]: Processing prepare() for PlatformAgent[MixinPlatformAgentDefault:SecureJarResource(jei)]
[10Jan2026 02:46:17.844] [main/DEBUG] [mixin/]: Adding mixin platform agents for container SecureJarResource(graveyard)
[10Jan2026 02:46:17.844] [main/DEBUG] [mixin/]: Instancing new MixinPlatformAgentMinecraftForge for SecureJarResource(graveyard)
[10Jan2026 02:46:17.844] [main/DEBUG] [mixin/]: MixinPlatformAgentMinecraftForge rejected container SecureJarResource(graveyard)
[10Jan2026 02:46:17.844] [main/DEBUG] [mixin/]: Instancing new MixinPlatformAgentDefault for SecureJarResource(graveyard)
[10Jan2026 02:46:17.844] [main/DEBUG] [mixin/]: MixinPlatformAgentDefault accepted container SecureJarResource(graveyard)
[10Jan2026 02:46:17.844] [main/DEBUG] [mixin/]: Processing prepare() for PlatformAgent[MixinPlatformAgentDefault:SecureJarResource(graveyard)]
[10Jan2026 02:46:17.845] [main/DEBUG] [mixin/]: Registering mixin config: graveyard-common.mixins.json
[10Jan2026 02:46:17.848] [main/DEBUG] [mixin/]: Registering mixin config: graveyard-forge.mixins.json
[10Jan2026 02:46:17.850] [main/DEBUG] [mixin/]: Adding mixin platform agents for container SecureJarResource(uppers)
[10Jan2026 02:46:17.850] [main/DEBUG] [mixin/]: Instancing new MixinPlatformAgentMinecraftForge for SecureJarResource(uppers)
[10Jan2026 02:46:17.850] [main/DEBUG] [mixin/]: MixinPlatformAgentMinecraftForge rejected container SecureJarResource(uppers)
[10Jan2026 02:46:17.850] [main/DEBUG] [mixin/]: Instancing new MixinPlatformAgentDefault for SecureJarResource(uppers)
[10Jan2026 02:46:17.851] [main/DEBUG] [mixin/]: MixinPlatformAgentDefault accepted container SecureJarResource(uppers)
[10Jan2026 02:46:17.851] [main/DEBUG] [mixin/]: Processing prepare() for PlatformAgent[MixinPlatformAgentDefault:SecureJarResource(uppers)]
[10Jan2026 02:46:17.851] [main/DEBUG] [mixin/]: Adding mixin platform agents for container SecureJarResource(reap)
[10Jan2026 02:46:17.851] [main/DEBUG] [mixin/]: Instancing new MixinPlatformAgentMinecraftForge for SecureJarResource(reap)
[10Jan2026 02:46:17.851] [main/DEBUG] [mixin/]: MixinPlatformAgentMinecraftForge rejected container SecureJarResource(reap)
[10Jan2026 02:46:17.851] [main/DEBUG] [mixin/]: Instancing new MixinPlatformAgentDefault for SecureJarResource(reap)
[10Jan2026 02:46:17.851] [main/DEBUG] [mixin/]: MixinPlatformAgentDefault accepted container SecureJarResource(reap)
[10Jan2026 02:46:17.851] [main/DEBUG] [mixin/]: Processing prepare() for PlatformAgent[MixinPlatformAgentDefault:SecureJarResource(reap)]
[10Jan2026 02:46:17.851] [main/DEBUG] [mixin/]: Adding mixin platform agents for container SecureJarResource(waystones)
[10Jan2026 02:46:17.851] [main/DEBUG] [mixin/]: Instancing new MixinPlatformAgentMinecraftForge for SecureJarResource(waystones)
[10Jan2026 02:46:17.851] [main/DEBUG] [mixin/]: MixinPlatformAgentMinecraftForge rejected container SecureJarResource(waystones)
[10Jan2026 02:46:17.851] [main/DEBUG] [mixin/]: Instancing new MixinPlatformAgentDefault for SecureJarResource(waystones)
[10Jan2026 02:46:17.851] [main/DEBUG] [mixin/]: MixinPlatformAgentDefault accepted container SecureJarResource(waystones)
[10Jan2026 02:46:17.851] [main/DEBUG] [mixin/]: Processing prepare() for PlatformAgent[MixinPlatformAgentDefault:SecureJarResource(waystones)]
[10Jan2026 02:46:17.851] [main/DEBUG] [mixin/]: Registering mixin config: waystones.mixins.json
[10Jan2026 02:46:17.856] [main/DEBUG] [mixin/]: Adding mixin platform agents for container SecureJarResource(clumps)
[10Jan2026 02:46:17.856] [main/DEBUG] [mixin/]: Instancing new MixinPlatformAgentMinecraftForge for SecureJarResource(clumps)
[10Jan2026 02:46:17.856] [main/DEBUG] [mixin/]: MixinPlatformAgentMinecraftForge rejected container SecureJarResource(clumps)
[10Jan2026 02:46:17.856] [main/DEBUG] [mixin/]: Instancing new MixinPlatformAgentDefault for SecureJarResource(clumps)
[10Jan2026 02:46:17.856] [main/DEBUG] [mixin/]: MixinPlatformAgentDefault accepted container SecureJarResource(clumps)
[10Jan2026 02:46:17.856] [main/DEBUG] [mixin/]: Processing prepare() for PlatformAgent[MixinPlatformAgentDefault:SecureJarResource(clumps)]
[10Jan2026 02:46:17.856] [main/DEBUG] [mixin/]: Registering mixin config: clumps.mixins.json
[10Jan2026 02:46:17.858] [main/DEBUG] [mixin/]: Adding mixin platform agents for container SecureJarResource(xaeroworldmap)
[10Jan2026 02:46:17.858] [main/DEBUG] [mixin/]: Instancing new MixinPlatformAgentMinecraftForge for SecureJarResource(xaeroworldmap)
[10Jan2026 02:46:17.858] [main/DEBUG] [mixin/]: MixinPlatformAgentMinecraftForge rejected container SecureJarResource(xaeroworldmap)
[10Jan2026 02:46:17.859] [main/DEBUG] [mixin/]: Instancing new MixinPlatformAgentDefault for SecureJarResource(xaeroworldmap)
[10Jan2026 02:46:17.859] [main/DEBUG] [mixin/]: MixinPlatformAgentDefault accepted container SecureJarResource(xaeroworldmap)
[10Jan2026 02:46:17.859] [main/DEBUG] [mixin/]: Processing prepare() for PlatformAgent[MixinPlatformAgentDefault:SecureJarResource(xaeroworldmap)]
[10Jan2026 02:46:17.859] [main/DEBUG] [mixin/]: Registering mixin config: xaeroworldmap.mixins.json
[10Jan2026 02:46:17.862] [main/DEBUG] [mixin/]: Registering mixin config: xaeroworldmap.forge.mixins.json
[10Jan2026 02:46:17.863] [main/DEBUG] [mixin/]: Adding mixin platform agents for container SecureJarResource(modernfix)
[10Jan2026 02:46:17.863] [main/DEBUG] [mixin/]: Instancing new MixinPlatformAgentMinecraftForge for SecureJarResource(modernfix)
[10Jan2026 02:46:17.863] [main/DEBUG] [mixin/]: MixinPlatformAgentMinecraftForge rejected container SecureJarResource(modernfix)
[10Jan2026 02:46:17.864] [main/DEBUG] [mixin/]: Instancing new MixinPlatformAgentDefault for SecureJarResource(modernfix)
[10Jan2026 02:46:17.864] [main/DEBUG] [mixin/]: MixinPlatformAgentDefault accepted container SecureJarResource(modernfix)
[10Jan2026 02:46:17.864] [main/DEBUG] [mixin/]: Processing prepare() for PlatformAgent[MixinPlatformAgentDefault:SecureJarResource(modernfix)]
[10Jan2026 02:46:17.864] [main/DEBUG] [mixin/]: Registering mixin config: modernfix-common.mixins.json
[10Jan2026 02:46:17.868] [main/DEBUG] [mixin/]: Registering mixin config: modernfix-forge.mixins.json
[10Jan2026 02:46:17.870] [main/DEBUG] [mixin/]: Adding mixin platform agents for container SecureJarResource(citadel)
[10Jan2026 02:46:17.870] [main/DEBUG] [mixin/]: Instancing new MixinPlatformAgentMinecraftForge for SecureJarResource(citadel)
[10Jan2026 02:46:17.870] [main/DEBUG] [mixin/]: MixinPlatformAgentMinecraftForge rejected container SecureJarResource(citadel)
[10Jan2026 02:46:17.870] [main/DEBUG] [mixin/]: Instancing new MixinPlatformAgentDefault for SecureJarResource(citadel)
[10Jan2026 02:46:17.870] [main/DEBUG] [mixin/]: MixinPlatformAgentDefault accepted container SecureJarResource(citadel)
[10Jan2026 02:46:17.871] [main/DEBUG] [mixin/]: Processing prepare() for PlatformAgent[MixinPlatformAgentDefault:SecureJarResource(citadel)]
[10Jan2026 02:46:17.871] [main/DEBUG] [mixin/]: Registering mixin config: citadel.mixins.json
[10Jan2026 02:46:17.874] [main/DEBUG] [mixin/]: Adding mixin platform agents for container SecureJarResource(alexsmobs)
[10Jan2026 02:46:17.874] [main/DEBUG] [mixin/]: Instancing new MixinPlatformAgentMinecraftForge for SecureJarResource(alexsmobs)
[10Jan2026 02:46:17.874] [main/DEBUG] [mixin/]: MixinPlatformAgentMinecraftForge rejected container SecureJarResource(alexsmobs)
[10Jan2026 02:46:17.875] [main/DEBUG] [mixin/]: Instancing new MixinPlatformAgentDefault for SecureJarResource(alexsmobs)
[10Jan2026 02:46:17.875] [main/DEBUG] [mixin/]: MixinPlatformAgentDefault accepted container SecureJarResource(alexsmobs)
[10Jan2026 02:46:17.875] [main/DEBUG] [mixin/]: Processing prepare() for PlatformAgent[MixinPlatformAgentDefault:SecureJarResource(alexsmobs)]
[10Jan2026 02:46:17.875] [main/DEBUG] [mixin/]: Registering mixin config: citadel.mixins.json
[10Jan2026 02:46:17.875] [main/DEBUG] [mixin/]: Adding mixin platform agents for container SecureJarResource(travelersbackpack)
[10Jan2026 02:46:17.875] [main/DEBUG] [mixin/]: Instancing new MixinPlatformAgentMinecraftForge for SecureJarResource(travelersbackpack)
[10Jan2026 02:46:17.875] [main/DEBUG] [mixin/]: MixinPlatformAgentMinecraftForge rejected container SecureJarResource(travelersbackpack)
[10Jan2026 02:46:17.875] [main/DEBUG] [mixin/]: Instancing new MixinPlatformAgentDefault for SecureJarResource(travelersbackpack)
[10Jan2026 02:46:17.875] [main/DEBUG] [mixin/]: MixinPlatformAgentDefault accepted container SecureJarResource(travelersbackpack)
[10Jan2026 02:46:17.875] [main/DEBUG] [mixin/]: Processing prepare() for PlatformAgent[MixinPlatformAgentDefault:SecureJarResource(travelersbackpack)]
[10Jan2026 02:46:17.875] [main/DEBUG] [mixin/]: Registering mixin config: mixins.travelersbackpack.json
[10Jan2026 02:46:17.877] [main/DEBUG] [mixin/]: Adding mixin platform agents for container SecureJarResource(artifacts)
[10Jan2026 02:46:17.877] [main/DEBUG] [mixin/]: Instancing new MixinPlatformAgentMinecraftForge for SecureJarResource(artifacts)
[10Jan2026 02:46:17.878] [main/DEBUG] [mixin/]: MixinPlatformAgentMinecraftForge rejected container SecureJarResource(artifacts)
[10Jan2026 02:46:17.878] [main/DEBUG] [mixin/]: Instancing new MixinPlatformAgentDefault for SecureJarResource(artifacts)
[10Jan2026 02:46:17.878] [main/DEBUG] [mixin/]: MixinPlatformAgentDefault accepted container SecureJarResource(artifacts)
[10Jan2026 02:46:17.878] [main/DEBUG] [mixin/]: Processing prepare() for PlatformAgent[MixinPlatformAgentDefault:SecureJarResource(artifacts)]
[10Jan2026 02:46:17.878] [main/DEBUG] [mixin/]: Registering mixin config: mixins.artifacts.common.json
[10Jan2026 02:46:17.880] [main/DEBUG] [mixin/]: Registering mixin config: mixins.artifacts.forge.json
[10Jan2026 02:46:17.882] [main/DEBUG] [mixin/]: Adding mixin platform agents for container SecureJarResource(mixinextras)
[10Jan2026 02:46:17.882] [main/DEBUG] [mixin/]: Instancing new MixinPlatformAgentMinecraftForge for SecureJarResource(mixinextras)
[10Jan2026 02:46:17.882] [main/DEBUG] [mixin/]: MixinPlatformAgentMinecraftForge rejected container SecureJarResource(mixinextras)
[10Jan2026 02:46:17.882] [main/DEBUG] [mixin/]: Instancing new MixinPlatformAgentDefault for SecureJarResource(mixinextras)
[10Jan2026 02:46:17.882] [main/DEBUG] [mixin/]: MixinPlatformAgentDefault accepted container SecureJarResource(mixinextras)
[10Jan2026 02:46:17.883] [main/DEBUG] [mixin/]: Processing prepare() for PlatformAgent[MixinPlatformAgentDefault:SecureJarResource(mixinextras)]
[10Jan2026 02:46:17.883] [main/DEBUG] [mixin/]: Registering mixin config: mixinextras.init.mixins.json
[10Jan2026 02:46:17.885] [main/DEBUG] [mixin/]: Adding mixin platform agents for container SecureJarResource(beautifiedchatserver)
[10Jan2026 02:46:17.885] [main/DEBUG] [mixin/]: Instancing new MixinPlatformAgentMinecraftForge for SecureJarResource(beautifiedchatserver)
[10Jan2026 02:46:17.885] [main/DEBUG] [mixin/]: MixinPlatformAgentMinecraftForge rejected container SecureJarResource(beautifiedchatserver)
[10Jan2026 02:46:17.885] [main/DEBUG] [mixin/]: Instancing new MixinPlatformAgentDefault for SecureJarResource(beautifiedchatserver)
[10Jan2026 02:46:17.885] [main/DEBUG] [mixin/]: MixinPlatformAgentDefault accepted container SecureJarResource(beautifiedchatserver)
[10Jan2026 02:46:17.885] [main/DEBUG] [mixin/]: Processing prepare() for PlatformAgent[MixinPlatformAgentDefault:SecureJarResource(beautifiedchatserver)]
[10Jan2026 02:46:17.886] [main/DEBUG] [mixin/]: Registering mixin config: beautifiedchatserver_forge.mixins.json
[10Jan2026 02:46:17.887] [main/DEBUG] [mixin/]: Adding mixin platform agents for container SecureJarResource(pickupnotifier)
[10Jan2026 02:46:17.887] [main/DEBUG] [mixin/]: Instancing new MixinPlatformAgentMinecraftForge for SecureJarResource(pickupnotifier)
[10Jan2026 02:46:17.887] [main/DEBUG] [mixin/]: MixinPlatformAgentMinecraftForge rejected container SecureJarResource(pickupnotifier)
[10Jan2026 02:46:17.887] [main/DEBUG] [mixin/]: Instancing new MixinPlatformAgentDefault for SecureJarResource(pickupnotifier)
[10Jan2026 02:46:17.887] [main/DEBUG] [mixin/]: MixinPlatformAgentDefault accepted container SecureJarResource(pickupnotifier)
[10Jan2026 02:46:17.887] [main/DEBUG] [mixin/]: Processing prepare() for PlatformAgent[MixinPlatformAgentDefault:SecureJarResource(pickupnotifier)]
[10Jan2026 02:46:17.887] [main/DEBUG] [mixin/]: Registering mixin config: pickupnotifier.common.mixins.json
[10Jan2026 02:46:17.890] [main/DEBUG] [mixin/]: Adding mixin platform agents for container SecureJarResource(morehitboxes)
[10Jan2026 02:46:17.891] [main/DEBUG] [mixin/]: Instancing new MixinPlatformAgentMinecraftForge for SecureJarResource(morehitboxes)
[10Jan2026 02:46:17.891] [main/DEBUG] [mixin/]: MixinPlatformAgentMinecraftForge rejected container SecureJarResource(morehitboxes)
[10Jan2026 02:46:17.891] [main/DEBUG] [mixin/]: Instancing new MixinPlatformAgentDefault for SecureJarResource(morehitboxes)
[10Jan2026 02:46:17.891] [main/DEBUG] [mixin/]: MixinPlatformAgentDefault accepted container SecureJarResource(morehitboxes)
[10Jan2026 02:46:17.891] [main/DEBUG] [mixin/]: Processing prepare() for PlatformAgent[MixinPlatformAgentDefault:SecureJarResource(morehitboxes)]
[10Jan2026 02:46:17.891] [main/DEBUG] [mixin/]: Registering mixin config: morehitboxes.mixins.json
[10Jan2026 02:46:17.892] [main/DEBUG] [mixin/]: Adding mixin platform agents for container SecureJarResource(balm)
[10Jan2026 02:46:17.892] [main/DEBUG] [mixin/]: Instancing new MixinPlatformAgentMinecraftForge for SecureJarResource(balm)
[10Jan2026 02:46:17.892] [main/DEBUG] [mixin/]: MixinPlatformAgentMinecraftForge rejected container SecureJarResource(balm)
[10Jan2026 02:46:17.892] [main/DEBUG] [mixin/]: Instancing new MixinPlatformAgentDefault for SecureJarResource(balm)
[10Jan2026 02:46:17.892] [main/DEBUG] [mixin/]: MixinPlatformAgentDefault accepted container SecureJarResource(balm)
[10Jan2026 02:46:17.892] [main/DEBUG] [mixin/]: Processing prepare() for PlatformAgent[MixinPlatformAgentDefault:SecureJarResource(balm)]
[10Jan2026 02:46:17.892] [main/DEBUG] [mixin/]: Registering mixin config: balm.mixins.json
[10Jan2026 02:46:17.898] [main/DEBUG] [mixin/]: Adding mixin platform agents for container SecureJarResource(interaction_boxes)
[10Jan2026 02:46:17.898] [main/DEBUG] [mixin/]: Instancing new MixinPlatformAgentMinecraftForge for SecureJarResource(interaction_boxes)
[10Jan2026 02:46:17.899] [main/DEBUG] [mixin/]: MixinPlatformAgentMinecraftForge rejected container SecureJarResource(interaction_boxes)
[10Jan2026 02:46:17.899] [main/DEBUG] [mixin/]: Instancing new MixinPlatformAgentDefault for SecureJarResource(interaction_boxes)
[10Jan2026 02:46:17.900] [main/DEBUG] [mixin/]: MixinPlatformAgentDefault accepted container SecureJarResource(interaction_boxes)
[10Jan2026 02:46:17.900] [main/DEBUG] [mixin/]: Processing prepare() for PlatformAgent[MixinPlatformAgentDefault:SecureJarResource(interaction_boxes)]
[10Jan2026 02:46:17.900] [main/DEBUG] [mixin/]: Registering mixin config: interaction_boxes.mixin.json
[10Jan2026 02:46:17.901] [main/DEBUG] [mixin/]: Adding mixin platform agents for container SecureJarResource(crafttweaker)
[10Jan2026 02:46:17.901] [main/DEBUG] [mixin/]: Instancing new MixinPlatformAgentMinecraftForge for SecureJarResource(crafttweaker)
[10Jan2026 02:46:17.902] [main/DEBUG] [mixin/]: MixinPlatformAgentMinecraftForge rejected container SecureJarResource(crafttweaker)
[10Jan2026 02:46:17.902] [main/DEBUG] [mixin/]: Instancing new MixinPlatformAgentDefault for SecureJarResource(crafttweaker)
[10Jan2026 02:46:17.902] [main/DEBUG] [mixin/]: MixinPlatformAgentDefault accepted container SecureJarResource(crafttweaker)
[10Jan2026 02:46:17.902] [main/DEBUG] [mixin/]: Processing prepare() for PlatformAgent[MixinPlatformAgentDefault:SecureJarResource(crafttweaker)]
[10Jan2026 02:46:17.902] [main/DEBUG] [mixin/]: Registering mixin config: crafttweaker.mixins.json
[10Jan2026 02:46:17.903] [main/DEBUG] [mixin/]: Registering mixin config: crafttweaker.forge.mixins.json
[10Jan2026 02:46:17.904] [main/DEBUG] [mixin/]: Adding mixin platform agents for container SecureJarResource(puzzlesaccessapi)
[10Jan2026 02:46:17.906] [main/DEBUG] [mixin/]: Instancing new MixinPlatformAgentMinecraftForge for SecureJarResource(puzzlesaccessapi)
[10Jan2026 02:46:17.906] [main/DEBUG] [mixin/]: MixinPlatformAgentMinecraftForge rejected container SecureJarResource(puzzlesaccessapi)
[10Jan2026 02:46:17.906] [main/DEBUG] [mixin/]: Instancing new MixinPlatformAgentDefault for SecureJarResource(puzzlesaccessapi)
[10Jan2026 02:46:17.906] [main/DEBUG] [mixin/]: MixinPlatformAgentDefault accepted container SecureJarResource(puzzlesaccessapi)
[10Jan2026 02:46:17.906] [main/DEBUG] [mixin/]: Processing prepare() for PlatformAgent[MixinPlatformAgentDefault:SecureJarResource(puzzlesaccessapi)]
[10Jan2026 02:46:17.906] [main/DEBUG] [mixin/]: Registering mixin config: puzzlesaccessapi.common.mixins.json
[10Jan2026 02:46:17.908] [main/DEBUG] [mixin/]: Registering mixin config: puzzlesaccessapi.forge.mixins.json
[10Jan2026 02:46:17.909] [main/DEBUG] [mixin/]: Adding mixin platform agents for container SecureJarResource(cloth_config)
[10Jan2026 02:46:17.910] [main/DEBUG] [mixin/]: Instancing new MixinPlatformAgentMinecraftForge for SecureJarResource(cloth_config)
[10Jan2026 02:46:17.910] [main/DEBUG] [mixin/]: MixinPlatformAgentMinecraftForge rejected container SecureJarResource(cloth_config)
[10Jan2026 02:46:17.910] [main/DEBUG] [mixin/]: Instancing new MixinPlatformAgentDefault for SecureJarResource(cloth_config)
[10Jan2026 02:46:17.910] [main/DEBUG] [mixin/]: MixinPlatformAgentDefault accepted container SecureJarResource(cloth_config)
[10Jan2026 02:46:17.910] [main/DEBUG] [mixin/]: Processing prepare() for PlatformAgent[MixinPlatformAgentDefault:SecureJarResource(cloth_config)]
[10Jan2026 02:46:17.910] [main/DEBUG] [mixin/]: Adding mixin platform agents for container SecureJarResource(forge)
[10Jan2026 02:46:17.910] [main/DEBUG] [mixin/]: Instancing new MixinPlatformAgentMinecraftForge for SecureJarResource(forge)
[10Jan2026 02:46:17.911] [main/DEBUG] [mixin/]: MixinPlatformAgentMinecraftForge rejected container SecureJarResource(forge)
[10Jan2026 02:46:17.911] [main/DEBUG] [mixin/]: Instancing new MixinPlatformAgentDefault for SecureJarResource(forge)
[10Jan2026 02:46:17.911] [main/DEBUG] [mixin/]: MixinPlatformAgentDefault accepted container SecureJarResource(forge)
[10Jan2026 02:46:17.911] [main/DEBUG] [mixin/]: Processing prepare() for PlatformAgent[MixinPlatformAgentDefault:SecureJarResource(forge)]
[10Jan2026 02:46:17.911] [main/DEBUG] [mixin/]: Adding mixin platform agents for container SecureJarResource(twilightforest)
[10Jan2026 02:46:17.911] [main/DEBUG] [mixin/]: Instancing new MixinPlatformAgentMinecraftForge for SecureJarResource(twilightforest)
[10Jan2026 02:46:17.911] [main/DEBUG] [mixin/]: MixinPlatformAgentMinecraftForge rejected container SecureJarResource(twilightforest)
[10Jan2026 02:46:17.911] [main/DEBUG] [mixin/]: Instancing new MixinPlatformAgentDefault for SecureJarResource(twilightforest)
[10Jan2026 02:46:17.911] [main/DEBUG] [mixin/]: MixinPlatformAgentDefault accepted container SecureJarResource(twilightforest)
[10Jan2026 02:46:17.911] [main/DEBUG] [mixin/]: Processing prepare() for PlatformAgent[MixinPlatformAgentDefault:SecureJarResource(twilightforest)]
[10Jan2026 02:46:17.911] [main/DEBUG] [mixin/]: Adding mixin platform agents for container SecureJarResource(tlskincape)
[10Jan2026 02:46:17.912] [main/DEBUG] [mixin/]: Instancing new MixinPlatformAgentMinecraftForge for SecureJarResource(tlskincape)
[10Jan2026 02:46:17.912] [main/DEBUG] [mixin/]: MixinPlatformAgentMinecraftForge rejected container SecureJarResource(tlskincape)
[10Jan2026 02:46:17.912] [main/DEBUG] [mixin/]: Instancing new MixinPlatformAgentDefault for SecureJarResource(tlskincape)
[10Jan2026 02:46:17.912] [main/DEBUG] [mixin/]: MixinPlatformAgentDefault accepted container SecureJarResource(tlskincape)
[10Jan2026 02:46:17.912] [main/DEBUG] [mixin/]: Processing prepare() for PlatformAgent[MixinPlatformAgentDefault:SecureJarResource(tlskincape)]
[10Jan2026 02:46:17.912] [main/DEBUG] [mixin/]: Adding mixin platform agents for container SecureJarResource(embeddium)
[10Jan2026 02:46:17.912] [main/DEBUG] [mixin/]: Instancing new MixinPlatformAgentMinecraftForge for SecureJarResource(embeddium)
[10Jan2026 02:46:17.912] [main/DEBUG] [mixin/]: MixinPlatformAgentMinecraftForge rejected container SecureJarResource(embeddium)
[10Jan2026 02:46:17.912] [main/DEBUG] [mixin/]: Instancing new MixinPlatformAgentDefault for SecureJarResource(embeddium)
[10Jan2026 02:46:17.912] [main/DEBUG] [mixin/]: MixinPlatformAgentDefault accepted container SecureJarResource(embeddium)
[10Jan2026 02:46:17.912] [main/DEBUG] [mixin/]: Processing prepare() for PlatformAgent[MixinPlatformAgentDefault:SecureJarResource(embeddium)]
[10Jan2026 02:46:17.912] [main/DEBUG] [mixin/]: Registering mixin config: embeddium.mixins.json
[10Jan2026 02:46:17.916] [main/DEBUG] [mixin/]: Adding mixin platform agents for container SecureJarResource(betterpingdisplay)
[10Jan2026 02:46:17.916] [main/DEBUG] [mixin/]: Instancing new MixinPlatformAgentMinecraftForge for SecureJarResource(betterpingdisplay)
[10Jan2026 02:46:17.917] [main/DEBUG] [mixin/]: MixinPlatformAgentMinecraftForge rejected container SecureJarResource(betterpingdisplay)
[10Jan2026 02:46:17.917] [main/DEBUG] [mixin/]: Instancing new MixinPlatformAgentDefault for SecureJarResource(betterpingdisplay)
[10Jan2026 02:46:17.917] [main/DEBUG] [mixin/]: MixinPlatformAgentDefault accepted container SecureJarResource(betterpingdisplay)
[10Jan2026 02:46:17.917] [main/DEBUG] [mixin/]: Processing prepare() for PlatformAgent[MixinPlatformAgentDefault:SecureJarResource(betterpingdisplay)]
[10Jan2026 02:46:17.917] [main/DEBUG] [mixin/]: Registering mixin config: betterpingdisplay.mixins.json
[10Jan2026 02:46:17.921] [main/DEBUG] [mixin/]: Compatibility level JAVA_8 specified by betterpingdisplay.mixins.json is lower than the default level supported by the current mixin service (JAVA_16).
[10Jan2026 02:46:17.922] [main/DEBUG] [mixin/]: Adding mixin platform agents for container SecureJarResource(minecraft)
[10Jan2026 02:46:17.922] [main/DEBUG] [mixin/]: Instancing new MixinPlatformAgentMinecraftForge for SecureJarResource(minecraft)
[10Jan2026 02:46:17.922] [main/DEBUG] [mixin/]: MixinPlatformAgentMinecraftForge rejected container SecureJarResource(minecraft)
[10Jan2026 02:46:17.922] [main/DEBUG] [mixin/]: Instancing new MixinPlatformAgentDefault for SecureJarResource(minecraft)
[10Jan2026 02:46:17.922] [main/DEBUG] [mixin/]: MixinPlatformAgentDefault accepted container SecureJarResource(minecraft)
[10Jan2026 02:46:17.922] [main/DEBUG] [mixin/]: Processing prepare() for PlatformAgent[MixinPlatformAgentDefault:SecureJarResource(minecraft)]
[10Jan2026 02:46:17.922] [main/DEBUG] [mixin/]: Adding mixin platform agents for container SecureJarResource(tconstruct)
[10Jan2026 02:46:17.922] [main/DEBUG] [mixin/]: Instancing new MixinPlatformAgentMinecraftForge for SecureJarResource(tconstruct)
[10Jan2026 02:46:17.922] [main/DEBUG] [mixin/]: MixinPlatformAgentMinecraftForge rejected container SecureJarResource(tconstruct)
[10Jan2026 02:46:17.922] [main/DEBUG] [mixin/]: Instancing new MixinPlatformAgentDefault for SecureJarResource(tconstruct)
[10Jan2026 02:46:17.922] [main/DEBUG] [mixin/]: MixinPlatformAgentDefault accepted container SecureJarResource(tconstruct)
[10Jan2026 02:46:17.922] [main/DEBUG] [mixin/]: Processing prepare() for PlatformAgent[MixinPlatformAgentDefault:SecureJarResource(tconstruct)]
[10Jan2026 02:46:17.922] [main/DEBUG] [mixin/]: Adding mixin platform agents for container SecureJarResource(borninconfiguration)
[10Jan2026 02:46:17.923] [main/DEBUG] [mixin/]: Instancing new MixinPlatformAgentMinecraftForge for SecureJarResource(borninconfiguration)
[10Jan2026 02:46:17.923] [main/DEBUG] [mixin/]: MixinPlatformAgentMinecraftForge rejected container SecureJarResource(borninconfiguration)
[10Jan2026 02:46:17.923] [main/DEBUG] [mixin/]: Instancing new MixinPlatformAgentDefault for SecureJarResource(borninconfiguration)
[10Jan2026 02:46:17.923] [main/DEBUG] [mixin/]: MixinPlatformAgentDefault accepted container SecureJarResource(borninconfiguration)
[10Jan2026 02:46:17.923] [main/DEBUG] [mixin/]: Processing prepare() for PlatformAgent[MixinPlatformAgentDefault:SecureJarResource(borninconfiguration)]
[10Jan2026 02:46:17.923] [main/DEBUG] [mixin/]: Registering mixin config: borninconfiguration.mixins.json
[10Jan2026 02:46:17.924] [main/DEBUG] [mixin/]: Compatibility level JAVA_8 specified by borninconfiguration.mixins.json is lower than the default level supported by the current mixin service (JAVA_16).
[10Jan2026 02:46:17.925] [main/DEBUG] [mixin/]: Adding mixin platform agents for container SecureJarResource(terrablender)
[10Jan2026 02:46:17.925] [main/DEBUG] [mixin/]: Instancing new MixinPlatformAgentMinecraftForge for SecureJarResource(terrablender)
[10Jan2026 02:46:17.925] [main/DEBUG] [mixin/]: MixinPlatformAgentMinecraftForge rejected container SecureJarResource(terrablender)
[10Jan2026 02:46:17.925] [main/DEBUG] [mixin/]: Instancing new MixinPlatformAgentDefault for SecureJarResource(terrablender)
[10Jan2026 02:46:17.925] [main/DEBUG] [mixin/]: MixinPlatformAgentDefault accepted container SecureJarResource(terrablender)
[10Jan2026 02:46:17.925] [main/DEBUG] [mixin/]: Processing prepare() for PlatformAgent[MixinPlatformAgentDefault:SecureJarResource(terrablender)]
[10Jan2026 02:46:17.925] [main/DEBUG] [mixin/]: Registering mixin config: terrablender.mixins.json
[10Jan2026 02:46:17.927] [main/DEBUG] [mixin/]: Registering mixin config: terrablender_forge.mixins.json
[10Jan2026 02:46:17.929] [main/DEBUG] [mixin/]: Adding mixin platform agents for container SecureJarResource(mousetweaks)
[10Jan2026 02:46:17.929] [main/DEBUG] [mixin/]: Instancing new MixinPlatformAgentMinecraftForge for SecureJarResource(mousetweaks)
[10Jan2026 02:46:17.929] [main/DEBUG] [mixin/]: MixinPlatformAgentMinecraftForge rejected container SecureJarResource(mousetweaks)
[10Jan2026 02:46:17.929] [main/DEBUG] [mixin/]: Instancing new MixinPlatformAgentDefault for SecureJarResource(mousetweaks)
[10Jan2026 02:46:17.929] [main/DEBUG] [mixin/]: MixinPlatformAgentDefault accepted container SecureJarResource(mousetweaks)
[10Jan2026 02:46:17.930] [main/DEBUG] [mixin/]: Processing prepare() for PlatformAgent[MixinPlatformAgentDefault:SecureJarResource(mousetweaks)]
[10Jan2026 02:46:17.930] [main/DEBUG] [mixin/]: Registering mixin config: mousetweaks.mixins.json
[10Jan2026 02:46:17.931] [main/DEBUG] [mixin/]: Adding mixin platform agents for container SecureJarResource(jade)
[10Jan2026 02:46:17.931] [main/DEBUG] [mixin/]: Instancing new MixinPlatformAgentMinecraftForge for SecureJarResource(jade)
[10Jan2026 02:46:17.931] [main/DEBUG] [mixin/]: MixinPlatformAgentMinecraftForge rejected container SecureJarResource(jade)
[10Jan2026 02:46:17.931] [main/DEBUG] [mixin/]: Instancing new MixinPlatformAgentDefault for SecureJarResource(jade)
[10Jan2026 02:46:17.931] [main/DEBUG] [mixin/]: MixinPlatformAgentDefault accepted container SecureJarResource(jade)
[10Jan2026 02:46:17.931] [main/DEBUG] [mixin/]: Processing prepare() for PlatformAgent[MixinPlatformAgentDefault:SecureJarResource(jade)]
[10Jan2026 02:46:17.931] [main/DEBUG] [mixin/]: Registering mixin config: jade.mixins.json
[10Jan2026 02:46:17.932] [main/DEBUG] [mixin/]: Compatibility level JAVA_16 specified by jade.mixins.json is higher than the maximum level supported by this version of mixin (JAVA_13).
[10Jan2026 02:46:17.933] [main/DEBUG] [mixin/]: Adding mixin platform agents for container SecureJarResource(tbsfbsp)
[10Jan2026 02:46:17.933] [main/DEBUG] [mixin/]: Instancing new MixinPlatformAgentMinecraftForge for SecureJarResource(tbsfbsp)
[10Jan2026 02:46:17.933] [main/DEBUG] [mixin/]: MixinPlatformAgentMinecraftForge rejected container SecureJarResource(tbsfbsp)
[10Jan2026 02:46:17.933] [main/DEBUG] [mixin/]: Instancing new MixinPlatformAgentDefault for SecureJarResource(tbsfbsp)
[10Jan2026 02:46:17.934] [main/DEBUG] [mixin/]: MixinPlatformAgentDefault accepted container SecureJarResource(tbsfbsp)
[10Jan2026 02:46:17.934] [main/DEBUG] [mixin/]: Processing prepare() for PlatformAgent[MixinPlatformAgentDefault:SecureJarResource(tbsfbsp)]
[10Jan2026 02:46:17.934] [main/DEBUG] [mixin/]: Registering mixin config: tbsfbsp.mixin.json
[10Jan2026 02:46:17.935] [main/DEBUG] [mixin/]: Adding mixin platform agents for container SecureJarResource(creativecore)
[10Jan2026 02:46:17.936] [main/DEBUG] [mixin/]: Instancing new MixinPlatformAgentMinecraftForge for SecureJarResource(creativecore)
[10Jan2026 02:46:17.936] [main/DEBUG] [mixin/]: MixinPlatformAgentMinecraftForge rejected container SecureJarResource(creativecore)
[10Jan2026 02:46:17.936] [main/DEBUG] [mixin/]: Instancing new MixinPlatformAgentDefault for SecureJarResource(creativecore)
[10Jan2026 02:46:17.936] [main/DEBUG] [mixin/]: MixinPlatformAgentDefault accepted container SecureJarResource(creativecore)
[10Jan2026 02:46:17.936] [main/DEBUG] [mixin/]: Processing prepare() for PlatformAgent[MixinPlatformAgentDefault:SecureJarResource(creativecore)]
[10Jan2026 02:46:17.936] [main/DEBUG] [mixin/]: Registering mixin config: creativecore.mixins.json
[10Jan2026 02:46:17.937] [main/DEBUG] [mixin/]: Registering mixin config: creativecore.forge.mixins.json
[10Jan2026 02:46:17.940] [main/DEBUG] [mixin/]: Adding mixin platform agents for container SecureJarResource(chunky)
[10Jan2026 02:46:17.940] [main/DEBUG] [mixin/]: Instancing new MixinPlatformAgentMinecraftForge for SecureJarResource(chunky)
[10Jan2026 02:46:17.940] [main/DEBUG] [mixin/]: MixinPlatformAgentMinecraftForge rejected container SecureJarResource(chunky)
[10Jan2026 02:46:17.940] [main/DEBUG] [mixin/]: Instancing new MixinPlatformAgentDefault for SecureJarResource(chunky)
[10Jan2026 02:46:17.940] [main/DEBUG] [mixin/]: MixinPlatformAgentDefault accepted container SecureJarResource(chunky)
[10Jan2026 02:46:17.940] [main/DEBUG] [mixin/]: Processing prepare() for PlatformAgent[MixinPlatformAgentDefault:SecureJarResource(chunky)]
[10Jan2026 02:46:17.944] [main/DEBUG] [mixin/]: Adding mixin platform agents for container SecureJarResource(born_in_chaos_v1)
[10Jan2026 02:46:17.944] [main/DEBUG] [mixin/]: Instancing new MixinPlatformAgentMinecraftForge for SecureJarResource(born_in_chaos_v1)
[10Jan2026 02:46:17.944] [main/DEBUG] [mixin/]: MixinPlatformAgentMinecraftForge rejected container SecureJarResource(born_in_chaos_v1)
[10Jan2026 02:46:17.944] [main/DEBUG] [mixin/]: Instancing new MixinPlatformAgentDefault for SecureJarResource(born_in_chaos_v1)
[10Jan2026 02:46:17.944] [main/DEBUG] [mixin/]: MixinPlatformAgentDefault accepted container SecureJarResource(born_in_chaos_v1)
[10Jan2026 02:46:17.944] [main/DEBUG] [mixin/]: Processing prepare() for PlatformAgent[MixinPlatformAgentDefault:SecureJarResource(born_in_chaos_v1)]
[10Jan2026 02:46:17.944] [main/DEBUG] [mixin/]: Adding mixin platform agents for container SecureJarResource(spark)
[10Jan2026 02:46:17.944] [main/DEBUG] [mixin/]: Instancing new MixinPlatformAgentMinecraftForge for SecureJarResource(spark)
[10Jan2026 02:46:17.944] [main/DEBUG] [mixin/]: MixinPlatformAgentMinecraftForge rejected container SecureJarResource(spark)
[10Jan2026 02:46:17.944] [main/DEBUG] [mixin/]: Instancing new MixinPlatformAgentDefault for SecureJarResource(spark)
[10Jan2026 02:46:17.944] [main/DEBUG] [mixin/]: MixinPlatformAgentDefault accepted container SecureJarResource(spark)
[10Jan2026 02:46:17.944] [main/DEBUG] [mixin/]: Processing prepare() for PlatformAgent[MixinPlatformAgentDefault:SecureJarResource(spark)]
[10Jan2026 02:46:17.944] [main/DEBUG] [mixin/]: Adding mixin platform agents for container SecureJarResource(kotlinforforge)
[10Jan2026 02:46:17.944] [main/DEBUG] [mixin/]: Instancing new MixinPlatformAgentMinecraftForge for SecureJarResource(kotlinforforge)
[10Jan2026 02:46:17.944] [main/DEBUG] [mixin/]: MixinPlatformAgentMinecraftForge rejected container SecureJarResource(kotlinforforge)
[10Jan2026 02:46:17.944] [main/DEBUG] [mixin/]: Instancing new MixinPlatformAgentDefault for SecureJarResource(kotlinforforge)
[10Jan2026 02:46:17.944] [main/DEBUG] [mixin/]: MixinPlatformAgentDefault accepted container SecureJarResource(kotlinforforge)
[10Jan2026 02:46:17.944] [main/DEBUG] [mixin/]: Processing prepare() for PlatformAgent[MixinPlatformAgentDefault:SecureJarResource(kotlinforforge)]
[10Jan2026 02:46:17.944] [main/DEBUG] [mixin/]: Adding mixin platform agents for container SecureJarResource(curios)
[10Jan2026 02:46:17.944] [main/DEBUG] [mixin/]: Instancing new MixinPlatformAgentMinecraftForge for SecureJarResource(curios)
[10Jan2026 02:46:17.945] [main/DEBUG] [mixin/]: MixinPlatformAgentMinecraftForge rejected container SecureJarResource(curios)
[10Jan2026 02:46:17.945] [main/DEBUG] [mixin/]: Instancing new MixinPlatformAgentDefault for SecureJarResource(curios)
[10Jan2026 02:46:17.945] [main/DEBUG] [mixin/]: MixinPlatformAgentDefault accepted container SecureJarResource(curios)
[10Jan2026 02:46:17.945] [main/DEBUG] [mixin/]: Processing prepare() for PlatformAgent[MixinPlatformAgentDefault:SecureJarResource(curios)]
[10Jan2026 02:46:17.945] [main/DEBUG] [mixin/]: Registering mixin config: curios.mixins.json
[10Jan2026 02:46:17.946] [main/DEBUG] [mixin/]: Adding mixin platform agents for container SecureJarResource(mantle)
[10Jan2026 02:46:17.946] [main/DEBUG] [mixin/]: Instancing new MixinPlatformAgentMinecraftForge for SecureJarResource(mantle)
[10Jan2026 02:46:17.946] [main/DEBUG] [mixin/]: MixinPlatformAgentMinecraftForge rejected container SecureJarResource(mantle)
[10Jan2026 02:46:17.946] [main/DEBUG] [mixin/]: Instancing new MixinPlatformAgentDefault for SecureJarResource(mantle)
[10Jan2026 02:46:17.946] [main/DEBUG] [mixin/]: MixinPlatformAgentDefault accepted container SecureJarResource(mantle)
[10Jan2026 02:46:17.946] [main/DEBUG] [mixin/]: Processing prepare() for PlatformAgent[MixinPlatformAgentDefault:SecureJarResource(mantle)]
[10Jan2026 02:46:17.946] [main/DEBUG] [mixin/]: Adding mixin platform agents for container SecureJarResource(xaerominimap)
[10Jan2026 02:46:17.946] [main/DEBUG] [mixin/]: Instancing new MixinPlatformAgentMinecraftForge for SecureJarResource(xaerominimap)
[10Jan2026 02:46:17.946] [main/DEBUG] [mixin/]: MixinPlatformAgentMinecraftForge rejected container SecureJarResource(xaerominimap)
[10Jan2026 02:46:17.946] [main/DEBUG] [mixin/]: Instancing new MixinPlatformAgentDefault for SecureJarResource(xaerominimap)
[10Jan2026 02:46:17.946] [main/DEBUG] [mixin/]: MixinPlatformAgentDefault accepted container SecureJarResource(xaerominimap)
[10Jan2026 02:46:17.946] [main/DEBUG] [mixin/]: Processing prepare() for PlatformAgent[MixinPlatformAgentDefault:SecureJarResource(xaerominimap)]
[10Jan2026 02:46:17.946] [main/DEBUG] [mixin/]: Registering mixin config: xaerohud.mixins.json
[10Jan2026 02:46:17.948] [main/DEBUG] [mixin/]: Registering mixin config: xaerohud.forge.mixins.json
[10Jan2026 02:46:17.950] [main/DEBUG] [mixin/]: Registering mixin config: xaerominimap.mixins.json
[10Jan2026 02:46:17.951] [main/DEBUG] [mixin/]: Registering mixin config: xaerominimap.forge.mixins.json
[10Jan2026 02:46:17.954] [main/DEBUG] [mixin/]: Adding mixin platform agents for container SecureJarResource(collective)
[10Jan2026 02:46:17.954] [main/DEBUG] [mixin/]: Instancing new MixinPlatformAgentMinecraftForge for SecureJarResource(collective)
[10Jan2026 02:46:17.954] [main/DEBUG] [mixin/]: MixinPlatformAgentMinecraftForge rejected container SecureJarResource(collective)
[10Jan2026 02:46:17.954] [main/DEBUG] [mixin/]: Instancing new MixinPlatformAgentDefault for SecureJarResource(collective)
[10Jan2026 02:46:17.954] [main/DEBUG] [mixin/]: MixinPlatformAgentDefault accepted container SecureJarResource(collective)
[10Jan2026 02:46:17.954] [main/DEBUG] [mixin/]: Processing prepare() for PlatformAgent[MixinPlatformAgentDefault:SecureJarResource(collective)]
[10Jan2026 02:46:17.954] [main/DEBUG] [mixin/]: Registering mixin config: collective_forge.mixins.json
[10Jan2026 02:46:17.955] [main/DEBUG] [mixin/]: Adding mixin platform agents for container SecureJarResource(securitycraft)
[10Jan2026 02:46:17.959] [main/DEBUG] [mixin/]: Instancing new MixinPlatformAgentMinecraftForge for SecureJarResource(securitycraft)
[10Jan2026 02:46:17.959] [main/DEBUG] [mixin/]: MixinPlatformAgentMinecraftForge rejected container SecureJarResource(securitycraft)
[10Jan2026 02:46:17.959] [main/DEBUG] [mixin/]: Instancing new MixinPlatformAgentDefault for SecureJarResource(securitycraft)
[10Jan2026 02:46:17.959] [main/DEBUG] [mixin/]: MixinPlatformAgentDefault accepted container SecureJarResource(securitycraft)
[10Jan2026 02:46:17.959] [main/DEBUG] [mixin/]: Processing prepare() for PlatformAgent[MixinPlatformAgentDefault:SecureJarResource(securitycraft)]
[10Jan2026 02:46:17.959] [main/DEBUG] [mixin/]: Registering mixin config: securitycraft.mixins.json
[10Jan2026 02:46:17.960] [main/DEBUG] [mixin/]: Adding mixin platform agents for container SecureJarResource(tombstone)
[10Jan2026 02:46:17.961] [main/DEBUG] [mixin/]: Instancing new MixinPlatformAgentMinecraftForge for SecureJarResource(tombstone)
[10Jan2026 02:46:17.961] [main/DEBUG] [mixin/]: MixinPlatformAgentMinecraftForge rejected container SecureJarResource(tombstone)
[10Jan2026 02:46:17.961] [main/DEBUG] [mixin/]: Instancing new MixinPlatformAgentDefault for SecureJarResource(tombstone)
[10Jan2026 02:46:17.961] [main/DEBUG] [mixin/]: MixinPlatformAgentDefault accepted container SecureJarResource(tombstone)
[10Jan2026 02:46:17.961] [main/DEBUG] [mixin/]: Processing prepare() for PlatformAgent[MixinPlatformAgentDefault:SecureJarResource(tombstone)]
[10Jan2026 02:46:17.961] [main/DEBUG] [mixin/]: Registering mixin config: tombstone.mixins.json
[10Jan2026 02:46:17.964] [main/DEBUG] [mixin/]: Adding mixin platform agents for container SecureJarResource(architectury)
[10Jan2026 02:46:17.964] [main/DEBUG] [mixin/]: Instancing new MixinPlatformAgentMinecraftForge for SecureJarResource(architectury)
[10Jan2026 02:46:17.964] [main/DEBUG] [mixin/]: MixinPlatformAgentMinecraftForge rejected container SecureJarResource(architectury)
[10Jan2026 02:46:17.964] [main/DEBUG] [mixin/]: Instancing new MixinPlatformAgentDefault for SecureJarResource(architectury)
[10Jan2026 02:46:17.964] [main/DEBUG] [mixin/]: MixinPlatformAgentDefault accepted container SecureJarResource(architectury)
[10Jan2026 02:46:17.964] [main/DEBUG] [mixin/]: Processing prepare() for PlatformAgent[MixinPlatformAgentDefault:SecureJarResource(architectury)]
[10Jan2026 02:46:17.964] [main/DEBUG] [mixin/]: Registering mixin config: architectury.mixins.json
[10Jan2026 02:46:17.965] [main/DEBUG] [mixin/]: Compatibility level JAVA_16 specified by architectury.mixins.json is higher than the maximum level supported by this version of mixin (JAVA_13).
[10Jan2026 02:46:17.966] [main/DEBUG] [mixin/]: Registering mixin config: architectury-common.mixins.json
[10Jan2026 02:46:17.968] [main/DEBUG] [mixin/]: Compatibility level JAVA_16 specified by architectury-common.mixins.json is higher than the maximum level supported by this version of mixin (JAVA_13).
[10Jan2026 02:46:17.968] [main/DEBUG] [mixin/]: Adding mixin platform agents for container SecureJarResource(fossil)
[10Jan2026 02:46:17.968] [main/DEBUG] [mixin/]: Instancing new MixinPlatformAgentMinecraftForge for SecureJarResource(fossil)
[10Jan2026 02:46:17.968] [main/DEBUG] [mixin/]: MixinPlatformAgentMinecraftForge rejected container SecureJarResource(fossil)
[10Jan2026 02:46:17.968] [main/DEBUG] [mixin/]: Instancing new MixinPlatformAgentDefault for SecureJarResource(fossil)
[10Jan2026 02:46:17.968] [main/DEBUG] [mixin/]: MixinPlatformAgentDefault accepted container SecureJarResource(fossil)
[10Jan2026 02:46:17.968] [main/DEBUG] [mixin/]: Processing prepare() for PlatformAgent[MixinPlatformAgentDefault:SecureJarResource(fossil)]
[10Jan2026 02:46:17.968] [main/DEBUG] [mixin/]: Registering mixin config: fossil_forge.mixins.json
[10Jan2026 02:46:17.971] [main/DEBUG] [mixin/]: Registering mixin config: fossil_common.mixins.json
[10Jan2026 02:46:17.972] [main/DEBUG] [mixin/]: Adding mixin platform agents for container SecureJarResource(ferritecore)
[10Jan2026 02:46:17.973] [main/DEBUG] [mixin/]: Instancing new MixinPlatformAgentMinecraftForge for SecureJarResource(ferritecore)
[10Jan2026 02:46:17.973] [main/DEBUG] [mixin/]: MixinPlatformAgentMinecraftForge rejected container SecureJarResource(ferritecore)
[10Jan2026 02:46:17.973] [main/DEBUG] [mixin/]: Instancing new MixinPlatformAgentDefault for SecureJarResource(ferritecore)
[10Jan2026 02:46:17.973] [main/DEBUG] [mixin/]: MixinPlatformAgentDefault accepted container SecureJarResource(ferritecore)
[10Jan2026 02:46:17.973] [main/DEBUG] [mixin/]: Processing prepare() for PlatformAgent[MixinPlatformAgentDefault:SecureJarResource(ferritecore)]
[10Jan2026 02:46:17.973] [main/DEBUG] [mixin/]: Registering mixin config: ferritecore.predicates.mixin.json
[10Jan2026 02:46:17.975] [main/DEBUG] [mixin/]: Registering mixin config: ferritecore.fastmap.mixin.json
[10Jan2026 02:46:17.976] [main/DEBUG] [mixin/]: Registering mixin config: ferritecore.mrl.mixin.json
[10Jan2026 02:46:17.977] [main/DEBUG] [mixin/]: Registering mixin config: ferritecore.dedupmultipart.mixin.json
[10Jan2026 02:46:17.978] [main/DEBUG] [mixin/]: Registering mixin config: ferritecore.blockstatecache.mixin.json
[10Jan2026 02:46:17.979] [main/DEBUG] [mixin/]: Registering mixin config: ferritecore.dedupbakedquad.mixin.json
[10Jan2026 02:46:17.981] [main/DEBUG] [mixin/]: Registering mixin config: ferritecore.threaddetec.mixin.json
[10Jan2026 02:46:17.982] [main/DEBUG] [mixin/]: Registering mixin config: ferritecore.modelsides.mixin.json
[10Jan2026 02:46:17.983] [main/DEBUG] [mixin/]: Adding mixin platform agents for container SecureJarResource(puzzleslib)
[10Jan2026 02:46:17.984] [main/DEBUG] [mixin/]: Instancing new MixinPlatformAgentMinecraftForge for SecureJarResource(puzzleslib)
[10Jan2026 02:46:17.984] [main/DEBUG] [mixin/]: MixinPlatformAgentMinecraftForge rejected container SecureJarResource(puzzleslib)
[10Jan2026 02:46:17.984] [main/DEBUG] [mixin/]: Instancing new MixinPlatformAgentDefault for SecureJarResource(puzzleslib)
[10Jan2026 02:46:17.984] [main/DEBUG] [mixin/]: MixinPlatformAgentDefault accepted container SecureJarResource(puzzleslib)
[10Jan2026 02:46:17.984] [main/DEBUG] [mixin/]: Processing prepare() for PlatformAgent[MixinPlatformAgentDefault:SecureJarResource(puzzleslib)]
[10Jan2026 02:46:17.984] [main/DEBUG] [mixin/]: Registering mixin config: puzzleslib.common.mixins.json
[10Jan2026 02:46:17.986] [main/DEBUG] [mixin/]: Registering mixin config: puzzleslib.forge.mixins.json
[10Jan2026 02:46:17.988] [main/DEBUG] [mixin/]: Adding mixin platform agents for container SecureJarResource(observable)
[10Jan2026 02:46:17.988] [main/DEBUG] [mixin/]: Instancing new MixinPlatformAgentMinecraftForge for SecureJarResource(observable)
[10Jan2026 02:46:17.988] [main/DEBUG] [mixin/]: MixinPlatformAgentMinecraftForge rejected container SecureJarResource(observable)
[10Jan2026 02:46:17.988] [main/DEBUG] [mixin/]: Instancing new MixinPlatformAgentDefault for SecureJarResource(observable)
[10Jan2026 02:46:17.988] [main/DEBUG] [mixin/]: MixinPlatformAgentDefault accepted container SecureJarResource(observable)
[10Jan2026 02:46:17.988] [main/DEBUG] [mixin/]: Processing prepare() for PlatformAgent[MixinPlatformAgentDefault:SecureJarResource(observable)]
[10Jan2026 02:46:17.988] [main/DEBUG] [mixin/]: Registering mixin config: observable.common.json
[10Jan2026 02:46:17.990] [main/DEBUG] [mixin/]: Compatibility level JAVA_8 specified by observable.common.json is lower than the default level supported by the current mixin service (JAVA_16).
[10Jan2026 02:46:17.990] [main/DEBUG] [mixin/]: Adding mixin platform agents for container SecureJarResource(expandability)
[10Jan2026 02:46:17.990] [main/DEBUG] [mixin/]: Instancing new MixinPlatformAgentMinecraftForge for SecureJarResource(expandability)
[10Jan2026 02:46:17.990] [main/DEBUG] [mixin/]: MixinPlatformAgentMinecraftForge rejected container SecureJarResource(expandability)
[10Jan2026 02:46:17.990] [main/DEBUG] [mixin/]: Instancing new MixinPlatformAgentDefault for SecureJarResource(expandability)
[10Jan2026 02:46:17.991] [main/DEBUG] [mixin/]: MixinPlatformAgentDefault accepted container SecureJarResource(expandability)
[10Jan2026 02:46:17.991] [main/DEBUG] [mixin/]: Processing prepare() for PlatformAgent[MixinPlatformAgentDefault:SecureJarResource(expandability)]
[10Jan2026 02:46:17.991] [main/DEBUG] [mixin/]: Registering mixin config: expandability.mixins.json
[10Jan2026 02:46:17.992] [main/DEBUG] [mixin/]: Registering mixin config: expandability-common.mixins.json
[10Jan2026 02:46:17.993] [main/DEBUG] [mixin/]: Adding mixin platform agents for container SecureJarResource(moblassos)
[10Jan2026 02:46:17.993] [main/DEBUG] [mixin/]: Instancing new MixinPlatformAgentMinecraftForge for SecureJarResource(moblassos)
[10Jan2026 02:46:17.993] [main/DEBUG] [mixin/]: MixinPlatformAgentMinecraftForge rejected container SecureJarResource(moblassos)
[10Jan2026 02:46:17.993] [main/DEBUG] [mixin/]: Instancing new MixinPlatformAgentDefault for SecureJarResource(moblassos)
[10Jan2026 02:46:17.993] [main/DEBUG] [mixin/]: MixinPlatformAgentDefault accepted container SecureJarResource(moblassos)
[10Jan2026 02:46:17.993] [main/DEBUG] [mixin/]: Processing prepare() for PlatformAgent[MixinPlatformAgentDefault:SecureJarResource(moblassos)]
[10Jan2026 02:46:17.993] [main/DEBUG] [mixin/]: Registering mixin config: moblassos.common.mixins.json
[10Jan2026 02:46:17.994] [main/DEBUG] [mixin/]: Adding mixin platform agents for container SecureJarResource(playerrevive)
[10Jan2026 02:46:17.994] [main/DEBUG] [mixin/]: Instancing new MixinPlatformAgentMinecraftForge for SecureJarResource(playerrevive)
[10Jan2026 02:46:17.994] [main/DEBUG] [mixin/]: MixinPlatformAgentMinecraftForge rejected container SecureJarResource(playerrevive)
[10Jan2026 02:46:17.995] [main/DEBUG] [mixin/]: Instancing new MixinPlatformAgentDefault for SecureJarResource(playerrevive)
[10Jan2026 02:46:17.995] [main/DEBUG] [mixin/]: MixinPlatformAgentDefault accepted container SecureJarResource(playerrevive)
[10Jan2026 02:46:17.995] [main/DEBUG] [mixin/]: Processing prepare() for PlatformAgent[MixinPlatformAgentDefault:SecureJarResource(playerrevive)]
[10Jan2026 02:46:17.995] [main/DEBUG] [mixin/]: Registering mixin config: playerrevive.mixins.json
[10Jan2026 02:46:17.996] [main/DEBUG] [mixin/]: Adding mixin platform agents for container SecureJarResource(mclib)
[10Jan2026 02:46:17.996] [main/DEBUG] [mixin/]: Instancing new MixinPlatformAgentMinecraftForge for SecureJarResource(mclib)
[10Jan2026 02:46:17.996] [main/DEBUG] [mixin/]: MixinPlatformAgentMinecraftForge rejected container SecureJarResource(mclib)
[10Jan2026 02:46:17.996] [main/DEBUG] [mixin/]: Instancing new MixinPlatformAgentDefault for SecureJarResource(mclib)
[10Jan2026 02:46:17.996] [main/DEBUG] [mixin/]: MixinPlatformAgentDefault accepted container SecureJarResource(mclib)
[10Jan2026 02:46:17.996] [main/DEBUG] [mixin/]: Processing prepare() for PlatformAgent[MixinPlatformAgentDefault:SecureJarResource(mclib)]
[10Jan2026 02:46:17.996] [main/DEBUG] [mixin/]: Adding mixin platform agents for container SecureJarResource(MixinExtras.beta._5)
[10Jan2026 02:46:17.996] [main/DEBUG] [mixin/]: Instancing new MixinPlatformAgentMinecraftForge for SecureJarResource(MixinExtras.beta._5)
[10Jan2026 02:46:17.996] [main/DEBUG] [mixin/]: MixinPlatformAgentMinecraftForge rejected container SecureJarResource(MixinExtras.beta._5)
[10Jan2026 02:46:17.996] [main/DEBUG] [mixin/]: Instancing new MixinPlatformAgentDefault for SecureJarResource(MixinExtras.beta._5)
[10Jan2026 02:46:17.996] [main/DEBUG] [mixin/]: MixinPlatformAgentDefault accepted container SecureJarResource(MixinExtras.beta._5)
[10Jan2026 02:46:17.996] [main/DEBUG] [mixin/]: Processing prepare() for PlatformAgent[MixinPlatformAgentDefault:SecureJarResource(MixinExtras.beta._5)]
[10Jan2026 02:46:17.996] [main/DEBUG] [mixin/]: Adding mixin platform agents for container SecureJarResource(thedarkcolour.kotlinforforge.kfflib)
[10Jan2026 02:46:17.996] [main/DEBUG] [mixin/]: Instancing new MixinPlatformAgentMinecraftForge for SecureJarResource(thedarkcolour.kotlinforforge.kfflib)
[10Jan2026 02:46:17.996] [main/DEBUG] [mixin/]: MixinPlatformAgentMinecraftForge rejected container SecureJarResource(thedarkcolour.kotlinforforge.kfflib)
[10Jan2026 02:46:17.996] [main/DEBUG] [mixin/]: Instancing new MixinPlatformAgentDefault for SecureJarResource(thedarkcolour.kotlinforforge.kfflib)
[10Jan2026 02:46:17.996] [main/DEBUG] [mixin/]: MixinPlatformAgentDefault accepted container SecureJarResource(thedarkcolour.kotlinforforge.kfflib)
[10Jan2026 02:46:17.996] [main/DEBUG] [mixin/]: Processing prepare() for PlatformAgent[MixinPlatformAgentDefault:SecureJarResource(thedarkcolour.kotlinforforge.kfflib)]
[10Jan2026 02:46:17.997] [main/DEBUG] [mixin/]: inject() running with 60 agents
[10Jan2026 02:46:17.997] [main/DEBUG] [mixin/]: Processing inject() for PlatformAgent[MixinPlatformAgentDefault:ModLauncher Root Container(ModLauncher:4f56a0a2)]
[10Jan2026 02:46:17.997] [main/DEBUG] [mixin/]: Processing inject() for PlatformAgent[MixinPlatformAgentDefault:SecureJarResource(uniquedungeons)]
[10Jan2026 02:46:17.997] [main/DEBUG] [mixin/]: Processing inject() for PlatformAgent[MixinPlatformAgentDefault:SecureJarResource(treechop)]
[10Jan2026 02:46:17.997] [main/DEBUG] [mixin/]: Processing inject() for PlatformAgent[MixinPlatformAgentDefault:SecureJarResource(kuma_api)]
[10Jan2026 02:46:17.997] [main/DEBUG] [mixin/]: Processing inject() for PlatformAgent[MixinPlatformAgentDefault:SecureJarResource(geckolib)]
[10Jan2026 02:46:17.997] [main/DEBUG] [mixin/]: Processing inject() for PlatformAgent[MixinPlatformAgentDefault:SecureJarResource(jei)]
[10Jan2026 02:46:17.997] [main/DEBUG] [mixin/]: Processing inject() for PlatformAgent[MixinPlatformAgentDefault:SecureJarResource(graveyard)]
[10Jan2026 02:46:17.997] [main/DEBUG] [mixin/]: Processing inject() for PlatformAgent[MixinPlatformAgentDefault:SecureJarResource(uppers)]
[10Jan2026 02:46:17.997] [main/DEBUG] [mixin/]: Processing inject() for PlatformAgent[MixinPlatformAgentDefault:SecureJarResource(reap)]
[10Jan2026 02:46:17.997] [main/DEBUG] [mixin/]: Processing inject() for PlatformAgent[MixinPlatformAgentDefault:SecureJarResource(waystones)]
[10Jan2026 02:46:17.997] [main/DEBUG] [mixin/]: Processing inject() for PlatformAgent[MixinPlatformAgentDefault:SecureJarResource(clumps)]
[10Jan2026 02:46:17.997] [main/DEBUG] [mixin/]: Processing inject() for PlatformAgent[MixinPlatformAgentDefault:SecureJarResource(xaeroworldmap)]
[10Jan2026 02:46:17.997] [main/DEBUG] [mixin/]: Processing inject() for PlatformAgent[MixinPlatformAgentDefault:SecureJarResource(modernfix)]
[10Jan2026 02:46:17.997] [main/DEBUG] [mixin/]: Processing inject() for PlatformAgent[MixinPlatformAgentDefault:SecureJarResource(citadel)]
[10Jan2026 02:46:17.997] [main/DEBUG] [mixin/]: Processing inject() for PlatformAgent[MixinPlatformAgentDefault:SecureJarResource(alexsmobs)]
[10Jan2026 02:46:17.997] [main/DEBUG] [mixin/]: Processing inject() for PlatformAgent[MixinPlatformAgentDefault:SecureJarResource(travelersbackpack)]
[10Jan2026 02:46:17.997] [main/DEBUG] [mixin/]: Processing inject() for PlatformAgent[MixinPlatformAgentDefault:SecureJarResource(artifacts)]
[10Jan2026 02:46:17.997] [main/DEBUG] [mixin/]: Processing inject() for PlatformAgent[MixinPlatformAgentDefault:SecureJarResource(mixinextras)]
[10Jan2026 02:46:17.997] [main/DEBUG] [mixin/]: Processing inject() for PlatformAgent[MixinPlatformAgentDefault:SecureJarResource(beautifiedchatserver)]
[10Jan2026 02:46:17.997] [main/DEBUG] [mixin/]: Processing inject() for PlatformAgent[MixinPlatformAgentDefault:SecureJarResource(pickupnotifier)]
[10Jan2026 02:46:17.997] [main/DEBUG] [mixin/]: Processing inject() for PlatformAgent[MixinPlatformAgentDefault:SecureJarResource(morehitboxes)]
[10Jan2026 02:46:17.997] [main/DEBUG] [mixin/]: Processing inject() for PlatformAgent[MixinPlatformAgentDefault:SecureJarResource(balm)]
[10Jan2026 02:46:17.997] [main/DEBUG] [mixin/]: Processing inject() for PlatformAgent[MixinPlatformAgentDefault:SecureJarResource(interaction_boxes)]
[10Jan2026 02:46:17.997] [main/DEBUG] [mixin/]: Processing inject() for PlatformAgent[MixinPlatformAgentDefault:SecureJarResource(crafttweaker)]
[10Jan2026 02:46:17.998] [main/DEBUG] [mixin/]: Processing inject() for PlatformAgent[MixinPlatformAgentDefault:SecureJarResource(puzzlesaccessapi)]
[10Jan2026 02:46:17.998] [main/DEBUG] [mixin/]: Processing inject() for PlatformAgent[MixinPlatformAgentDefault:SecureJarResource(cloth_config)]
[10Jan2026 02:46:17.998] [main/DEBUG] [mixin/]: Processing inject() for PlatformAgent[MixinPlatformAgentDefault:SecureJarResource(forge)]
[10Jan2026 02:46:17.998] [main/DEBUG] [mixin/]: Processing inject() for PlatformAgent[MixinPlatformAgentDefault:SecureJarResource(twilightforest)]
[10Jan2026 02:46:17.998] [main/DEBUG] [mixin/]: Processing inject() for PlatformAgent[MixinPlatformAgentDefault:SecureJarResource(tlskincape)]
[10Jan2026 02:46:17.998] [main/DEBUG] [mixin/]: Processing inject() for PlatformAgent[MixinPlatformAgentDefault:SecureJarResource(embeddium)]
[10Jan2026 02:46:17.998] [main/DEBUG] [mixin/]: Processing inject() for PlatformAgent[MixinPlatformAgentDefault:SecureJarResource(betterpingdisplay)]
[10Jan2026 02:46:17.998] [main/DEBUG] [mixin/]: Processing inject() for PlatformAgent[MixinPlatformAgentDefault:SecureJarResource(minecraft)]
[10Jan2026 02:46:17.998] [main/DEBUG] [mixin/]: Processing inject() for PlatformAgent[MixinPlatformAgentDefault:SecureJarResource(tconstruct)]
[10Jan2026 02:46:17.998] [main/DEBUG] [mixin/]: Processing inject() for PlatformAgent[MixinPlatformAgentDefault:SecureJarResource(borninconfiguration)]
[10Jan2026 02:46:17.998] [main/DEBUG] [mixin/]: Processing inject() for PlatformAgent[MixinPlatformAgentDefault:SecureJarResource(terrablender)]
[10Jan2026 02:46:17.998] [main/DEBUG] [mixin/]: Processing inject() for PlatformAgent[MixinPlatformAgentDefault:SecureJarResource(mousetweaks)]
[10Jan2026 02:46:17.998] [main/DEBUG] [mixin/]: Processing inject() for PlatformAgent[MixinPlatformAgentDefault:SecureJarResource(jade)]
[10Jan2026 02:46:17.998] [main/DEBUG] [mixin/]: Processing inject() for PlatformAgent[MixinPlatformAgentDefault:SecureJarResource(tbsfbsp)]
[10Jan2026 02:46:17.998] [main/DEBUG] [mixin/]: Processing inject() for PlatformAgent[MixinPlatformAgentDefault:SecureJarResource(creativecore)]
[10Jan2026 02:46:17.998] [main/DEBUG] [mixin/]: Processing inject() for PlatformAgent[MixinPlatformAgentDefault:SecureJarResource(chunky)]
[10Jan2026 02:46:17.998] [main/DEBUG] [mixin/]: Processing inject() for PlatformAgent[MixinPlatformAgentDefault:SecureJarResource(born_in_chaos_v1)]
[10Jan2026 02:46:17.998] [main/DEBUG] [mixin/]: Processing inject() for PlatformAgent[MixinPlatformAgentDefault:SecureJarResource(spark)]
[10Jan2026 02:46:17.998] [main/DEBUG] [mixin/]: Processing inject() for PlatformAgent[MixinPlatformAgentDefault:SecureJarResource(kotlinforforge)]
[10Jan2026 02:46:17.998] [main/DEBUG] [mixin/]: Processing inject() for PlatformAgent[MixinPlatformAgentDefault:SecureJarResource(curios)]
[10Jan2026 02:46:17.998] [main/DEBUG] [mixin/]: Processing inject() for PlatformAgent[MixinPlatformAgentDefault:SecureJarResource(mantle)]
[10Jan2026 02:46:17.998] [main/DEBUG] [mixin/]: Processing inject() for PlatformAgent[MixinPlatformAgentDefault:SecureJarResource(xaerominimap)]
[10Jan2026 02:46:17.998] [main/DEBUG] [mixin/]: Processing inject() for PlatformAgent[MixinPlatformAgentDefault:SecureJarResource(collective)]
[10Jan2026 02:46:17.998] [main/DEBUG] [mixin/]: Processing inject() for PlatformAgent[MixinPlatformAgentDefault:SecureJarResource(securitycraft)]
[10Jan2026 02:46:17.998] [main/DEBUG] [mixin/]: Processing inject() for PlatformAgent[MixinPlatformAgentDefault:SecureJarResource(tombstone)]
[10Jan2026 02:46:17.998] [main/DEBUG] [mixin/]: Processing inject() for PlatformAgent[MixinPlatformAgentDefault:SecureJarResource(architectury)]
[10Jan2026 02:46:17.998] [main/DEBUG] [mixin/]: Processing inject() for PlatformAgent[MixinPlatformAgentDefault:SecureJarResource(fossil)]
[10Jan2026 02:46:17.998] [main/DEBUG] [mixin/]: Processing inject() for PlatformAgent[MixinPlatformAgentDefault:SecureJarResource(ferritecore)]
[10Jan2026 02:46:17.999] [main/DEBUG] [mixin/]: Processing inject() for PlatformAgent[MixinPlatformAgentDefault:SecureJarResource(puzzleslib)]
[10Jan2026 02:46:17.999] [main/DEBUG] [mixin/]: Processing inject() for PlatformAgent[MixinPlatformAgentDefault:SecureJarResource(observable)]
[10Jan2026 02:46:17.999] [main/DEBUG] [mixin/]: Processing inject() for PlatformAgent[MixinPlatformAgentDefault:SecureJarResource(expandability)]
[10Jan2026 02:46:17.999] [main/DEBUG] [mixin/]: Processing inject() for PlatformAgent[MixinPlatformAgentDefault:SecureJarResource(moblassos)]
[10Jan2026 02:46:17.999] [main/DEBUG] [mixin/]: Processing inject() for PlatformAgent[MixinPlatformAgentDefault:SecureJarResource(playerrevive)]
[10Jan2026 02:46:17.999] [main/DEBUG] [mixin/]: Processing inject() for PlatformAgent[MixinPlatformAgentDefault:SecureJarResource(mclib)]
[10Jan2026 02:46:17.999] [main/DEBUG] [mixin/]: Processing inject() for PlatformAgent[MixinPlatformAgentDefault:SecureJarResource(MixinExtras.beta._5)]
[10Jan2026 02:46:17.999] [main/DEBUG] [mixin/]: Processing inject() for PlatformAgent[MixinPlatformAgentDefault:SecureJarResource(thedarkcolour.kotlinforforge.kfflib)]
[10Jan2026 02:46:18.035] [main/DEBUG] [mixin/]: Preparing mixins for MixinEnvironment[PREINIT]
[10Jan2026 02:46:18.044] [main/INFO] [mixin/]: Successfully loaded Mixin Connector [org.tlauncher.MixinConnector]
[10Jan2026 02:46:18.046] [main/DEBUG] [mixin/]: Compatibility level JAVA_16 specified by tlskincape-mixins.json is higher than the maximum level supported by this version of mixin (JAVA_13).
[10Jan2026 02:46:18.046] [main/INFO] [cpw.mods.modlauncher.LaunchServiceHandler/MODLAUNCHER]: Launching target 'forgeserver' with arguments [nogui]
[10Jan2026 02:46:18.048] [main/DEBUG] [mixin/]: Preparing mixins for MixinEnvironment[DEFAULT]
[10Jan2026 02:46:18.048] [main/DEBUG] [mixin/]: Selecting config uniquedungeons.mixin.json
[10Jan2026 02:46:18.052] [main/DEBUG] [mixin/]: Selecting config treechop.mixins.json
[10Jan2026 02:46:18.054] [main/DEBUG] [mixin/]: Selecting config kuma_api.mixins.json
[10Jan2026 02:46:18.056] [main/DEBUG] [mixin/]: Selecting config kuma_api.forge.mixins.json
[10Jan2026 02:46:18.057] [main/DEBUG] [mixin/]: Selecting config geckolib.mixins.json
[10Jan2026 02:46:18.059] [main/DEBUG] [mixin/]: Selecting config graveyard-common.mixins.json
[10Jan2026 02:46:18.062] [main/DEBUG] [mixin/]: Selecting config graveyard-forge.mixins.json
[10Jan2026 02:46:18.063] [main/WARN] [mixin/]: Reference map 'graveyard-FORGE-forge-refmap.json' for graveyard-forge.mixins.json could not be read. If this is a development environment you can ignore this message
[10Jan2026 02:46:18.063] [main/DEBUG] [mixin/]: Selecting config waystones.mixins.json
[10Jan2026 02:46:18.065] [main/DEBUG] [mixin/]: Selecting config clumps.mixins.json
[10Jan2026 02:46:18.066] [main/DEBUG] [mixin/]: Selecting config xaeroworldmap.mixins.json
[10Jan2026 02:46:18.068] [main/DEBUG] [mixin/]: Selecting config xaeroworldmap.forge.mixins.json
[10Jan2026 02:46:18.070] [main/DEBUG] [mixin/]: Selecting config modernfix-common.mixins.json
[10Jan2026 02:46:18.214] [main/INFO] [ModernFix/]: Loaded configuration file for ModernFix 5.25.1+mc1.20.1: 98 options available, 1 override(s) found
[10Jan2026 02:46:18.217] [main/WARN] [ModernFix/]: Option 'mixin.perf.smart_ingredient_sync' overriden (by mods [crafttweaker]) to 'false'
[10Jan2026 02:46:18.219] [main/INFO] [ModernFix/]: Applying Nashorn fix
[10Jan2026 02:46:18.237] [main/INFO] [ModernFix/]: Applied Forge config corruption patch
[10Jan2026 02:46:18.247] [main/DEBUG] [mixin/]: Selecting config modernfix-forge.mixins.json
[10Jan2026 02:46:18.251] [main/DEBUG] [mixin/]: Selecting config citadel.mixins.json
[10Jan2026 02:46:18.253] [main/DEBUG] [mixin/]: Selecting config mixins.travelersbackpack.json
[10Jan2026 02:46:18.254] [main/DEBUG] [mixin/]: Selecting config mixins.artifacts.common.json
[10Jan2026 02:46:18.255] [main/DEBUG] [mixin/]: Selecting config mixins.artifacts.forge.json
[10Jan2026 02:46:18.257] [main/DEBUG] [mixin/]: Selecting config mixinextras.init.mixins.json
[10Jan2026 02:46:18.289] [main/DEBUG] [MixinExtras|Service/]: com.llamalad7.mixinextras.service.MixinExtrasServiceImpl(version=0.5.0-beta.5) is taking over from null
[10Jan2026 02:46:18.317] [main/DEBUG] [mixin/]: Registering new injector for @Inject with org.spongepowered.asm.mixin.injection.struct.CallbackInjectionInfo
[10Jan2026 02:46:18.318] [main/DEBUG] [mixin/]: Registering new injector for @ModifyArg with org.spongepowered.asm.mixin.injection.struct.ModifyArgInjectionInfo
[10Jan2026 02:46:18.319] [main/DEBUG] [mixin/]: Registering new injector for @ModifyArgs with org.spongepowered.asm.mixin.injection.struct.ModifyArgsInjectionInfo
[10Jan2026 02:46:18.321] [main/DEBUG] [mixin/]: Registering new injector for @Redirect with org.spongepowered.asm.mixin.injection.struct.RedirectInjectionInfo
[10Jan2026 02:46:18.322] [main/DEBUG] [mixin/]: Registering new injector for @ModifyVariable with org.spongepowered.asm.mixin.injection.struct.ModifyVariableInjectionInfo
[10Jan2026 02:46:18.323] [main/DEBUG] [mixin/]: Registering new injector for @ModifyConstant with org.spongepowered.asm.mixin.injection.struct.ModifyConstantInjectionInfo
[10Jan2026 02:46:18.331] [main/DEBUG] [mixin/]: Selecting config beautifiedchatserver_forge.mixins.json
[10Jan2026 02:46:18.333] [main/DEBUG] [mixin/]: Selecting config pickupnotifier.common.mixins.json
[10Jan2026 02:46:18.335] [main/DEBUG] [mixin/]: Selecting config morehitboxes.mixins.json
[10Jan2026 02:46:18.337] [main/DEBUG] [mixin/]: Selecting config balm.mixins.json
[10Jan2026 02:46:18.339] [main/DEBUG] [mixin/]: Selecting config interaction_boxes.mixin.json
[10Jan2026 02:46:18.340] [main/DEBUG] [mixin/]: Selecting config crafttweaker.mixins.json
[10Jan2026 02:46:18.341] [main/DEBUG] [mixin/]: Selecting config crafttweaker.forge.mixins.json
[10Jan2026 02:46:18.343] [main/DEBUG] [mixin/]: Selecting config puzzlesaccessapi.common.mixins.json
[10Jan2026 02:46:18.345] [main/WARN] [mixin/]: Reference map 'puzzlesaccessapi.common.refmap.json' for puzzlesaccessapi.common.mixins.json could not be read. If this is a development environment you can ignore this message
[10Jan2026 02:46:18.346] [main/DEBUG] [mixin/]: Selecting config puzzlesaccessapi.forge.mixins.json
[10Jan2026 02:46:18.348] [main/DEBUG] [mixin/]: Selecting config embeddium.mixins.json
[10Jan2026 02:46:18.354] [main/INFO] [Embeddium/]: Loaded configuration file for Embeddium: 101 options available, 0 override(s) found
[10Jan2026 02:46:18.362] [main/DEBUG] [mixin/]: Selecting config betterpingdisplay.mixins.json
[10Jan2026 02:46:18.364] [main/DEBUG] [mixin/]: Selecting config borninconfiguration.mixins.json
[10Jan2026 02:46:18.366] [main/DEBUG] [mixin/]: Selecting config terrablender.mixins.json
[10Jan2026 02:46:18.367] [main/DEBUG] [mixin/]: Selecting config terrablender_forge.mixins.json
[10Jan2026 02:46:18.369] [main/DEBUG] [mixin/]: Selecting config mousetweaks.mixins.json
[10Jan2026 02:46:18.370] [main/DEBUG] [mixin/]: Selecting config jade.mixins.json
[10Jan2026 02:46:18.371] [main/DEBUG] [mixin/]: Selecting config tbsfbsp.mixin.json
[10Jan2026 02:46:18.373] [main/WARN] [mixin/]: Reference map 'tbsfbsp.refmap.json' for tbsfbsp.mixin.json could not be read. If this is a development environment you can ignore this message
[10Jan2026 02:46:18.373] [main/DEBUG] [mixin/]: Selecting config creativecore.mixins.json
[10Jan2026 02:46:18.375] [main/DEBUG] [mixin/]: Selecting config creativecore.forge.mixins.json
[10Jan2026 02:46:18.376] [main/DEBUG] [mixin/]: Selecting config curios.mixins.json
[10Jan2026 02:46:18.378] [main/DEBUG] [mixin/]: Selecting config xaerohud.mixins.json
[10Jan2026 02:46:18.379] [main/DEBUG] [mixin/]: Selecting config xaerohud.forge.mixins.json
[10Jan2026 02:46:18.381] [main/DEBUG] [mixin/]: Selecting config xaerominimap.mixins.json
[10Jan2026 02:46:18.382] [main/DEBUG] [mixin/]: Selecting config xaerominimap.forge.mixins.json
[10Jan2026 02:46:18.387] [main/DEBUG] [mixin/]: Selecting config collective_forge.mixins.json
[10Jan2026 02:46:18.389] [main/DEBUG] [mixin/]: Selecting config securitycraft.mixins.json
[10Jan2026 02:46:18.391] [main/DEBUG] [mixin/]: Selecting config tombstone.mixins.json
[10Jan2026 02:46:18.394] [main/DEBUG] [mixin/]: Selecting config architectury.mixins.json
[10Jan2026 02:46:18.396] [main/DEBUG] [mixin/]: Selecting config architectury-common.mixins.json
[10Jan2026 02:46:18.397] [main/DEBUG] [mixin/]: Selecting config fossil_forge.mixins.json
[10Jan2026 02:46:18.399] [main/DEBUG] [mixin/]: Selecting config fossil_common.mixins.json
[10Jan2026 02:46:18.400] [main/DEBUG] [mixin/]: Selecting config ferritecore.predicates.mixin.json
[10Jan2026 02:46:18.419] [main/DEBUG] [mixin/]: Selecting config ferritecore.fastmap.mixin.json
[10Jan2026 02:46:18.421] [main/DEBUG] [mixin/]: Selecting config ferritecore.mrl.mixin.json
[10Jan2026 02:46:18.425] [main/DEBUG] [mixin/]: Selecting config ferritecore.dedupmultipart.mixin.json
[10Jan2026 02:46:18.427] [main/DEBUG] [mixin/]: Selecting config ferritecore.blockstatecache.mixin.json
[10Jan2026 02:46:18.429] [main/DEBUG] [mixin/]: Selecting config ferritecore.dedupbakedquad.mixin.json
[10Jan2026 02:46:18.431] [main/DEBUG] [mixin/]: Selecting config ferritecore.threaddetec.mixin.json
[10Jan2026 02:46:18.433] [main/DEBUG] [mixin/]: Selecting config ferritecore.modelsides.mixin.json
[10Jan2026 02:46:18.435] [main/DEBUG] [mixin/]: Selecting config puzzleslib.common.mixins.json
[10Jan2026 02:46:18.451] [main/INFO] [Puzzles Lib/]: Loading 56 mods:
	- alexsmobs 1.22.9
	- architectury 9.2.14
	- artifacts 9.5.16
		\-- expandability 9.0.4
	- balm 7.3.37
		\-- kuma_api 20.1.12
	- beautifiedchatserver 2.7
	- betterpingdisplay 1.1
	- born_in_chaos_v1 1.7.3
	- borninconfiguration 3.1.2
		\-- mixinextras 0.5.0-beta.5
	- chunky 1.3.146
	- citadel 2.6.2
	- cloth_config 11.1.136
	- clumps 12.0.0.4
	- collective 8.13
	- crafttweaker 14.0.59
	- creativecore 2.12.32
	- curios 5.14.1+1.20.1
	- embeddium 0.3.31+mc1.20.1
		\-- rubidium 0.7.1
	- ferritecore 6.0.1
	- forge 47.3.7
	- fossil 9.3.0.2
	- geckolib 4.8.2
	- graveyard 3.1
	- interaction_boxes 0.693
	- jade 11.13.2+forge
	- jei 15.20.0.112
	- kotlinforforge 4.11.0
	- mantle 1.11.79
	- minecraft 1.20.1
	- moblassos 8.0.1
	- modernfix 5.25.1+mc1.20.1
	- morehitboxes 1.9.2
	- mousetweaks 2.25.1
	- observable 4.4.1
	- pickupnotifier 8.0.0
	- playerrevive 2.0.31
	- puzzleslib 8.1.33
		\-- puzzlesaccessapi 20.1.1
	- reap 1.20.1-1.0.2
	- securitycraft 1.10.1
	- spark 1.10.53
	- tbsfbsp 0.74
	- tconstruct 3.10.2.92
	- terrablender 3.0.1.10
	- tlskincape 1.38
	- tombstone 9.0.9
	- travelersbackpack 9.1.46
	- treechop 0.19.0
	- twilightforest 4.3.2508
	- uniquedungeons 0.70.5
	- uppers 1.0.1
	- waystones 14.1.17
	- xaerominimap 25.2.10
	- xaeroworldmap 1.39.12
[10Jan2026 02:46:18.453] [main/DEBUG] [mixin/]: Selecting config puzzleslib.forge.mixins.json
[10Jan2026 02:46:18.455] [main/DEBUG] [mixin/]: Selecting config observable.common.json
[10Jan2026 02:46:18.456] [main/DEBUG] [mixin/]: Selecting config expandability.mixins.json
[10Jan2026 02:46:18.457] [main/DEBUG] [mixin/]: Selecting config expandability-common.mixins.json
[10Jan2026 02:46:18.459] [main/DEBUG] [mixin/]: Selecting config moblassos.common.mixins.json
[10Jan2026 02:46:18.467] [main/WARN] [mixin/]: Reference map 'moblassos.refmap.json' for moblassos.common.mixins.json could not be read. If this is a development environment you can ignore this message
[10Jan2026 02:46:18.467] [main/DEBUG] [mixin/]: Selecting config playerrevive.mixins.json
[10Jan2026 02:46:18.469] [main/DEBUG] [mixin/]: Selecting config tlskincape-mixins.json
[10Jan2026 02:46:18.470] [main/DEBUG] [mixin/]: Preparing uniquedungeons.mixin.json (7)
[10Jan2026 02:46:18.503] [main/DEBUG] [net.minecraftforge.coremod.transformer.CoreModBaseTransformer/COREMOD]: Transforming net/minecraft/world/item/ItemStack
[10Jan2026 02:46:18.603] [main/DEBUG] [mixin/]: Preparing treechop.mixins.json (3)
[10Jan2026 02:46:18.637] [main/DEBUG] [mixin/]: Preparing kuma_api.mixins.json (1)
[10Jan2026 02:46:18.637] [main/DEBUG] [mixin/]: Preparing kuma_api.forge.mixins.json (0)
[10Jan2026 02:46:18.637] [main/DEBUG] [mixin/]: Preparing geckolib.mixins.json (1)
[10Jan2026 02:46:18.637] [main/DEBUG] [mixin/]: Preparing graveyard-common.mixins.json (11)
[10Jan2026 02:46:18.671] [main/DEBUG] [net.minecraftforge.coremod.transformer.CoreModBaseTransformer/COREMOD]: Transforming net/minecraft/world/entity/npc/Villager
[10Jan2026 02:46:19.037] [main/DEBUG] [mixin/]: Preparing graveyard-forge.mixins.json (0)
[10Jan2026 02:46:19.037] [main/DEBUG] [mixin/]: Preparing waystones.mixins.json (3)
[10Jan2026 02:46:19.046] [main/DEBUG] [mixin/]: Preparing clumps.mixins.json (2)
[10Jan2026 02:46:19.050] [main/DEBUG] [mixin/]: Preparing xaeroworldmap.mixins.json (12)
[10Jan2026 02:46:19.067] [main/DEBUG] [mixin/]: Preparing xaeroworldmap.forge.mixins.json (2)
[10Jan2026 02:46:19.068] [main/DEBUG] [mixin/]: Preparing modernfix-common.mixins.json (110)
[10Jan2026 02:46:19.132] [main/DEBUG] [net.minecraftforge.coremod.transformer.CoreModBaseTransformer/COREMOD]: Transforming net/minecraft/world/level/biome/Biome
[10Jan2026 02:46:19.200] [main/DEBUG] [mixin/]: @Mixin target net/minecraft/world/level/levelgen/SurfaceRules$Context is public in modernfix-common.mixins.json:perf.worldgen_allocation.SurfaceRulesContextMixin and should be specified in value
[10Jan2026 02:46:19.205] [main/DEBUG] [mixin/]: Preparing modernfix-forge.mixins.json (61)
[10Jan2026 02:46:19.263] [main/DEBUG] [net.minecraftforge.coremod.transformer.CoreModBaseTransformer/COREMOD]: Transforming m_41435_ with desc (Lnet/minecraft/world/level/Level;Lnet/minecraft/world/entity/player/Player;Lnet/minecraft/world/level/ClipContext$Fluid;)Lnet/minecraft/world/phys/BlockHitResult;
[10Jan2026 02:46:19.298] [main/DEBUG] [mixin/]: Preparing citadel.mixins.json (16)
[10Jan2026 02:46:19.307] [main/DEBUG] [net.minecraftforge.coremod.transformer.CoreModBaseTransformer/COREMOD]: Transforming m_46758_ with desc (Lnet/minecraft/core/BlockPos;)Z
[10Jan2026 02:46:19.339] [main/DEBUG] [mixin/]: Preparing mixins.travelersbackpack.json (1)
[10Jan2026 02:46:19.339] [main/DEBUG] [mixin/]: Preparing mixins.artifacts.common.json (21)
[10Jan2026 02:46:19.355] [main/DEBUG] [net.minecraftforge.coremod.transformer.CoreModBaseTransformer/COREMOD]: Transforming net/minecraft/world/level/NaturalSpawner
[10Jan2026 02:46:19.470] [main/DEBUG] [mixin/]: Preparing mixins.artifacts.forge.json (3)
[10Jan2026 02:46:19.472] [main/DEBUG] [mixin/]: Preparing mixinextras.init.mixins.json (0)
[10Jan2026 02:46:19.472] [main/DEBUG] [mixin/]: Preparing beautifiedchatserver_forge.mixins.json (0)
[10Jan2026 02:46:19.472] [main/DEBUG] [mixin/]: Preparing pickupnotifier.common.mixins.json (3)
[10Jan2026 02:46:19.472] [main/DEBUG] [mixin/]: Preparing morehitboxes.mixins.json (14)
[10Jan2026 02:46:19.478] [main/DEBUG] [mixin/]: Preparing balm.mixins.json (16)
[10Jan2026 02:46:19.494] [main/DEBUG] [mixin/]: Preparing interaction_boxes.mixin.json (1)
[10Jan2026 02:46:19.495] [main/DEBUG] [mixin/]: Preparing crafttweaker.mixins.json (34)
[10Jan2026 02:46:19.519] [main/DEBUG] [mixin/]: Preparing crafttweaker.forge.mixins.json (7)
[10Jan2026 02:46:19.523] [main/DEBUG] [mixin/]: Preparing puzzlesaccessapi.common.mixins.json (0)
[10Jan2026 02:46:19.523] [main/DEBUG] [mixin/]: Preparing puzzlesaccessapi.forge.mixins.json (0)
[10Jan2026 02:46:19.523] [main/DEBUG] [mixin/]: Preparing embeddium.mixins.json (0)
[10Jan2026 02:46:19.523] [main/DEBUG] [mixin/]: Preparing betterpingdisplay.mixins.json (2)
[10Jan2026 02:46:19.523] [main/DEBUG] [mixin/]: Preparing borninconfiguration.mixins.json (21)
[10Jan2026 02:46:19.535] [main/DEBUG] [mixin/]: Preparing terrablender.mixins.json (7)
[10Jan2026 02:46:19.543] [main/DEBUG] [mixin/]: Preparing terrablender_forge.mixins.json (0)
[10Jan2026 02:46:19.543] [main/DEBUG] [mixin/]: Preparing mousetweaks.mixins.json (1)
[10Jan2026 02:46:19.543] [main/DEBUG] [mixin/]: Preparing jade.mixins.json (2)
[10Jan2026 02:46:19.543] [main/DEBUG] [mixin/]: Preparing tbsfbsp.mixin.json (0)
[10Jan2026 02:46:19.543] [main/DEBUG] [mixin/]: Preparing creativecore.mixins.json (8)
[10Jan2026 02:46:19.553] [main/DEBUG] [mixin/]: Preparing creativecore.forge.mixins.json (3)
[10Jan2026 02:46:19.554] [main/DEBUG] [mixin/]: Preparing curios.mixins.json (13)
[10Jan2026 02:46:19.586] [main/DEBUG] [mixin/]: Preparing xaerohud.mixins.json (22)
[10Jan2026 02:46:19.587] [main/DEBUG] [mixin/]: Preparing xaerohud.forge.mixins.json (0)
[10Jan2026 02:46:19.587] [main/DEBUG] [mixin/]: Preparing xaerominimap.mixins.json (0)
[10Jan2026 02:46:19.587] [main/DEBUG] [mixin/]: Preparing xaerominimap.forge.mixins.json (0)
[10Jan2026 02:46:19.587] [main/DEBUG] [mixin/]: Preparing collective_forge.mixins.json (5)
[10Jan2026 02:46:19.591] [main/DEBUG] [mixin/]: Preparing securitycraft.mixins.json (24)
[10Jan2026 02:46:19.604] [main/DEBUG] [net.minecraftforge.coremod.transformer.CoreModBaseTransformer/COREMOD]: Transforming net/minecraft/world/level/levelgen/structure/templatesystem/StructureTemplate
[10Jan2026 02:46:19.765] [main/DEBUG] [net.minecraftforge.coremod.transformer.CoreModBaseTransformer/COREMOD]: Transforming m_7626_ with desc (Lnet/minecraft/world/item/ItemStack;)Lnet/minecraft/network/chat/Component;
[10Jan2026 02:46:19.772] [main/DEBUG] [mixin/]: Preparing tombstone.mixins.json (28)
[10Jan2026 02:46:19.790] [main/DEBUG] [mixin/]: Preparing architectury.mixins.json (9)
[10Jan2026 02:46:19.794] [main/DEBUG] [mixin/]: Preparing architectury-common.mixins.json (10)
[10Jan2026 02:46:19.797] [main/DEBUG] [net.minecraftforge.coremod.transformer.CoreModBaseTransformer/COREMOD]: Transforming net/minecraft/world/item/BucketItem
[10Jan2026 02:46:19.802] [main/DEBUG] [net.minecraftforge.coremod.transformer.CoreModBaseTransformer/COREMOD]: Transforming net/minecraft/world/entity/EntityType
[10Jan2026 02:46:19.869] [main/DEBUG] [net.minecraftforge.coremod.transformer.CoreModBaseTransformer/COREMOD]: Transforming net/minecraft/world/level/block/LiquidBlock
[10Jan2026 02:46:19.872] [main/DEBUG] [mixin/]: Preparing fossil_forge.mixins.json (5)
[10Jan2026 02:46:19.876] [main/WARN] [mixin/]: Error loading class: tschipp/carryon/common/carry/PickupHandler (java.lang.ClassNotFoundException: tschipp.carryon.common.carry.PickupHandler)
[10Jan2026 02:46:19.877] [main/WARN] [mixin/]: @Mixin target tschipp.carryon.common.carry.PickupHandler was not found fossil_forge.mixins.json:PickupHandlerMixin
[10Jan2026 02:46:19.878] [main/DEBUG] [mixin/]: Preparing fossil_common.mixins.json (23)
[10Jan2026 02:46:19.894] [main/DEBUG] [net.minecraftforge.coremod.transformer.CoreModBaseTransformer/COREMOD]: Transforming m_8543_ with desc ()V
[10Jan2026 02:46:19.905] [main/DEBUG] [mixin/]: Preparing ferritecore.predicates.mixin.json (3)
[10Jan2026 02:46:19.905] [main/DEBUG] [mixin/]: Preparing ferritecore.fastmap.mixin.json (1)
[10Jan2026 02:46:19.907] [main/DEBUG] [mixin/]: Preparing ferritecore.mrl.mixin.json (2)
[10Jan2026 02:46:19.907] [main/DEBUG] [mixin/]: Preparing ferritecore.dedupmultipart.mixin.json (2)
[10Jan2026 02:46:19.907] [main/DEBUG] [mixin/]: Preparing ferritecore.blockstatecache.mixin.json (8)
[10Jan2026 02:46:19.910] [main/DEBUG] [mixin/]: @Mixin target net/minecraft/world/level/block/state/BlockBehaviour$BlockStateBase$Cache is public in ferritecore.blockstatecache.mixin.json:BlockStateCacheMixin and should be specified in value
[10Jan2026 02:46:19.912] [main/DEBUG] [mixin/]: Preparing ferritecore.dedupbakedquad.mixin.json (2)
[10Jan2026 02:46:19.912] [main/DEBUG] [mixin/]: Preparing ferritecore.threaddetec.mixin.json (1)
[10Jan2026 02:46:19.912] [main/DEBUG] [mixin/]: Preparing ferritecore.modelsides.mixin.json (1)
[10Jan2026 02:46:19.912] [main/DEBUG] [mixin/]: Preparing puzzleslib.common.mixins.json (7)
[10Jan2026 02:46:19.918] [main/DEBUG] [mixin/]: Preparing puzzleslib.forge.mixins.json (13)
[10Jan2026 02:46:19.961] [main/DEBUG] [mixin/]: Preparing observable.common.json (2)
[10Jan2026 02:46:19.962] [main/DEBUG] [mixin/]: Preparing expandability.mixins.json (4)
[10Jan2026 02:46:19.963] [main/DEBUG] [mixin/]: Preparing expandability-common.mixins.json (9)
[10Jan2026 02:46:19.965] [main/DEBUG] [mixin/]: Preparing moblassos.common.mixins.json (0)
[10Jan2026 02:46:19.965] [main/DEBUG] [mixin/]: Preparing playerrevive.mixins.json (5)
[10Jan2026 02:46:19.967] [main/DEBUG] [mixin/]: Preparing tlskincape-mixins.json (4)
[10Jan2026 02:46:19.968] [main/ERROR] [net.minecraftforge.fml.loading.RuntimeDistCleaner/DISTXFORM]: Attempted to load class net/minecraft/client/player/AbstractClientPlayer for invalid dist DEDICATED_SERVER
[10Jan2026 02:46:19.969] [main/WARN] [mixin/]: Error loading class: net/minecraft/client/player/AbstractClientPlayer (java.lang.RuntimeException: Attempted to load class net/minecraft/client/player/AbstractClientPlayer for invalid dist DEDICATED_SERVER)
[10Jan2026 02:46:19.969] [main/WARN] [mixin/]: @Mixin target net.minecraft.client.player.AbstractClientPlayer was not found tlskincape-mixins.json:MixinAbstractPlayer
[10Jan2026 02:46:19.970] [main/ERROR] [net.minecraftforge.fml.loading.RuntimeDistCleaner/DISTXFORM]: Attempted to load class net/minecraft/client/gui/screens/TitleScreen for invalid dist DEDICATED_SERVER
[10Jan2026 02:46:19.970] [main/WARN] [mixin/]: Error loading class: net/minecraft/client/gui/screens/TitleScreen (java.lang.RuntimeException: Attempted to load class net/minecraft/client/gui/screens/TitleScreen for invalid dist DEDICATED_SERVER)
[10Jan2026 02:46:19.970] [main/WARN] [mixin/]: @Mixin target net.minecraft.client.gui.screens.TitleScreen was not found tlskincape-mixins.json:MixinMainMenu
[10Jan2026 02:46:19.972] [main/WARN] [mixin/]: Error loading class: net/minecraft/client/model/PlayerModel (java.lang.ClassNotFoundException: net.minecraft.client.model.PlayerModel)
[10Jan2026 02:46:19.972] [main/WARN] [mixin/]: @Mixin target net.minecraft.client.model.PlayerModel was not found tlskincape-mixins.json:MixinPlayerModel
[10Jan2026 02:46:20.047] [main/DEBUG] [mixin/]: Inner class com/github/darkpred/morehitboxes/mixin/TransientEntitySectionManagerMixin$1 in com/github/darkpred/morehitboxes/mixin/TransientEntitySectionManagerMixin on net/minecraft/world/level/entity/TransientEntitySectionManager gets unique name net/minecraft/world/level/entity/TransientEntitySectionManager$Anonymous$53d46a7dcb824a6793ee3969dcf46b72
[10Jan2026 02:46:20.106] [main/DEBUG] [mixin/]: Prepared 342 mixins in 2.057 sec (6.0ms avg) (0ms load, 0ms transform, 0ms plugin)
[10Jan2026 02:46:20.121] [main/INFO] [MixinExtras|Service/]: Initializing MixinExtras via com.llamalad7.mixinextras.service.MixinExtrasServiceImpl(version=0.5.0-beta.5).
[10Jan2026 02:46:20.122] [main/DEBUG] [mixin/]: Registering new injector for @SugarWrapper with com.llamalad7.mixinextras.sugar.impl.SugarWrapperInjectionInfo
[10Jan2026 02:46:20.122] [main/DEBUG] [mixin/]: Registering new injector for @FactoryRedirectWrapper with com.llamalad7.mixinextras.wrapper.factory.FactoryRedirectWrapperInjectionInfo
[10Jan2026 02:46:20.123] [main/DEBUG] [mixin/]: Registering new injector for @ExpressionInjectorWrapper with com.llamalad7.mixinextras.expression.impl.wrapper.ExpressionInjectorWrapperInjectionInfo
[10Jan2026 02:46:20.134] [main/DEBUG] [mixin/]: Mixing perf.fix_loop_spin_waiting.MinecraftServerMixin from modernfix-common.mixins.json into net.minecraft.server.MinecraftServer
[10Jan2026 02:46:20.143] [main/DEBUG] [mixin/]: Mixing MixinMinecraftServer from xaeroworldmap.mixins.json into net.minecraft.server.MinecraftServer
[10Jan2026 02:46:20.145] [main/DEBUG] [mixin/]: Mixing core.MinecraftServerMixin from modernfix-common.mixins.json into net.minecraft.server.MinecraftServer
[10Jan2026 02:46:20.147] [main/DEBUG] [mixin/]: Mixing perf.dedicated_reload_executor.MinecraftServerMixin from modernfix-common.mixins.json into net.minecraft.server.MinecraftServer
[10Jan2026 02:46:20.148] [main/DEBUG] [mixin/]: Mixing core.MinecraftServerMixin from modernfix-forge.mixins.json into net.minecraft.server.MinecraftServer
[10Jan2026 02:46:20.148] [main/DEBUG] [mixin/]: Renaming synthetic method lambda$mfix$endReloadTrack$0(Ljava/lang/Void;)V to mda58a52$lambda$mfix$endReloadTrack$0$0 in modernfix-forge.mixins.json:core.MinecraftServerMixin
[10Jan2026 02:46:20.153] [main/DEBUG] [mixin/]: Mixing MinecraftServerMixin from citadel.mixins.json into net.minecraft.server.MinecraftServer
[10Jan2026 02:46:20.157] [main/DEBUG] [mixin/]: Mixing MinecraftServerMixin from balm.mixins.json into net.minecraft.server.MinecraftServer
[10Jan2026 02:46:20.157] [main/DEBUG] [mixin/]: Renaming synthetic method lambda$reloadResources$0(Ljava/lang/Void;)V to mda58a52$lambda$reloadResources$0$1 in balm.mixins.json:MinecraftServerMixin
[10Jan2026 02:46:20.160] [main/DEBUG] [mixin/]: Mixing common.access.server.AccessMinecraftServer from crafttweaker.mixins.json into net.minecraft.server.MinecraftServer
[10Jan2026 02:46:20.171] [main/DEBUG] [mixin/]: Mixing MixinMinecraftServer from xaerohud.mixins.json into net.minecraft.server.MinecraftServer
[10Jan2026 02:46:20.315] [main/DEBUG] [mixin/]: Mixing DedicatedServerMixin from tombstone.mixins.json into net.minecraft.server.dedicated.DedicatedServer
[10Jan2026 02:46:20.336] [main/DEBUG] [io.netty.util.internal.logging.InternalLoggerFactory/]: Using SLF4J as the default logging framework
[10Jan2026 02:46:20.338] [main/DEBUG] [io.netty.util.ResourceLeakDetector/]: -Dio.netty.leakDetection.level: simple
[10Jan2026 02:46:20.338] [main/DEBUG] [io.netty.util.ResourceLeakDetector/]: -Dio.netty.leakDetection.targetRecords: 4
[10Jan2026 02:46:20.432] [main/DEBUG] [mixin/]: Mixing perf.tag_id_caching.TagOrElementLocationMixin from modernfix-forge.mixins.json into net.minecraft.util.ExtraCodecs$TagOrElementLocation
[10Jan2026 02:46:20.492] [main/WARN] [net.minecraft.SystemReport/]: Failed retrieving info for group hardware
java.lang.NoClassDefFoundError: com/sun/jna/Platform
	at oshi.SystemInfo.<clinit>(SystemInfo.java:60) ~[oshi-core-6.2.2.jar%2369!/:6.2.2]
	at net.minecraft.SystemReport.m_143564_(SystemReport.java:52) ~[server-1.20.1-20230612.114412-srg.jar%23199!/:?]
	at net.minecraft.SystemReport.m_143516_(SystemReport.java:82) ~[server-1.20.1-20230612.114412-srg.jar%23199!/:?]
	at net.minecraft.SystemReport.<init>(SystemReport.java:52) ~[server-1.20.1-20230612.114412-srg.jar%23199!/:?]
	at net.minecraft.CrashReport.<init>(CrashReport.java:31) ~[server-1.20.1-20230612.114412-srg.jar%23199!/:?]
	at net.minecraft.CrashReport.m_127529_(CrashReport.java:216) ~[server-1.20.1-20230612.114412-srg.jar%23199!/:?]
	at net.minecraft.server.Main.main(Main.java:116) ~[server-1.20.1-20230612.114412-srg.jar%23199!/:?]
	at jdk.internal.reflect.NativeMethodAccessorImpl.invoke0(Native Method) ~[?:?]
	at jdk.internal.reflect.NativeMethodAccessorImpl.invoke(NativeMethodAccessorImpl.java:77) ~[?:?]
	at jdk.internal.reflect.DelegatingMethodAccessorImpl.invoke(DelegatingMethodAccessorImpl.java:43) ~[?:?]
	at java.lang.reflect.Method.invoke(Method.java:569) ~[?:?]
	at net.minecraftforge.fml.loading.targets.CommonLaunchHandler.runTarget(CommonLaunchHandler.java:111) ~[fmlloader-1.20.1-47.3.7.jar%2367!/:?]
	at net.minecraftforge.fml.loading.targets.CommonLaunchHandler.serverService(CommonLaunchHandler.java:103) ~[fmlloader-1.20.1-47.3.7.jar%2367!/:?]
	at net.minecraftforge.fml.loading.targets.CommonServerLaunchHandler.lambda$makeService$0(CommonServerLaunchHandler.java:27) ~[fmlloader-1.20.1-47.3.7.jar%2367!/:?]
	at cpw.mods.modlauncher.LaunchServiceHandlerDecorator.launch(LaunchServiceHandlerDecorator.java:30) ~[modlauncher-10.0.9.jar%2353!/:?]
	at cpw.mods.modlauncher.LaunchServiceHandler.launch(LaunchServiceHandler.java:53) ~[modlauncher-10.0.9.jar%2353!/:?]
	at cpw.mods.modlauncher.LaunchServiceHandler.launch(LaunchServiceHandler.java:71) ~[modlauncher-10.0.9.jar%2353!/:?]
	at cpw.mods.modlauncher.Launcher.run(Launcher.java:108) ~[modlauncher-10.0.9.jar%2353!/:?]
	at cpw.mods.modlauncher.Launcher.main(Launcher.java:78) ~[modlauncher-10.0.9.jar%2353!/:?]
	at cpw.mods.modlauncher.BootstrapLaunchConsumer.accept(BootstrapLaunchConsumer.java:26) ~[modlauncher-10.0.9.jar%2353!/:?]
	at cpw.mods.modlauncher.BootstrapLaunchConsumer.accept(BootstrapLaunchConsumer.java:23) ~[modlauncher-10.0.9.jar%2353!/:?]
	at cpw.mods.bootstraplauncher.BootstrapLauncher.main(BootstrapLauncher.java:141) ~[bootstraplauncher-1.1.2.jar:?]
Caused by: java.lang.ClassNotFoundException: com.sun.jna.Platform
	at jdk.internal.loader.BuiltinClassLoader.loadClass(BuiltinClassLoader.java:641) ~[?:?]
	at java.lang.ClassLoader.loadClass(ClassLoader.java:525) ~[?:?]
	at cpw.mods.cl.ModuleClassLoader.loadClass(ModuleClassLoader.java:137) ~[securejarhandler-2.1.10.jar:?]
	at java.lang.ClassLoader.loadClass(ClassLoader.java:525) ~[?:?]
	... 22 more
[10Jan2026 02:46:20.510] [main/DEBUG] [mixin/]: Mixing perf.thread_priorities.UtilMixin from modernfix-common.mixins.json into net.minecraft.Util
[10Jan2026 02:46:20.510] [main/DEBUG] [mixin/]: Renaming synthetic method lambda$adjustPriorityOfThreadFactory$0(Ljava/util/concurrent/ForkJoinPool$ForkJoinWorkerThreadFactory;Ljava/util/concurrent/ForkJoinPool;)Ljava/util/concurrent/ForkJoinWorkerThread; to mda58a52$lambda$adjustPriorityOfThreadFactory$0$0 in modernfix-common.mixins.json:perf.thread_priorities.UtilMixin
[10Jan2026 02:46:20.547] [main/DEBUG] [mixin/]: Mixing feature.measure_time.BootstrapMixin from modernfix-common.mixins.json into net.minecraft.server.Bootstrap
[10Jan2026 02:46:20.551] [main/DEBUG] [mixin/]: Mixing core.BootstrapMixin from modernfix-forge.mixins.json into net.minecraft.server.Bootstrap
[10Jan2026 02:46:20.570] [main/INFO] [net.minecraft.server.Bootstrap/]: ModernFix reached bootstrap stage (9.421 s after launch)
[10Jan2026 02:46:20.573] [main/DEBUG] [mixin/]: Mixing MixinBuiltInRegistries from terrablender.mixins.json into net.minecraft.core.registries.BuiltInRegistries
[10Jan2026 02:46:20.574] [main/DEBUG] [mixin/]: Renaming synthetic method lambda$registerSimple$0(Lnet/minecraft/core/registries/BuiltInRegistries$RegistryBootstrap;Lnet/minecraft/core/Registry;)Ljava/lang/Object; to mda58a52$lambda$registerSimple$0$0 in terrablender.mixins.json:MixinBuiltInRegistries
[10Jan2026 02:46:20.591] [main/DEBUG] [mixin/]: Mixing bugfix.concurrency.MappedRegistryMixin from modernfix-common.mixins.json into net.minecraft.core.MappedRegistry
[10Jan2026 02:46:20.597] [main/DEBUG] [mixin/]: Mixing perf.compact_mojang_registries.MappedRegistryMixin from modernfix-common.mixins.json into net.minecraft.core.MappedRegistry
[10Jan2026 02:46:20.608] [main/DEBUG] [mixin/]: Mixing perf.mojang_registry_size.MappedRegistryMixin from modernfix-common.mixins.json into net.minecraft.core.MappedRegistry
[10Jan2026 02:46:20.614] [main/DEBUG] [mixin/]: Mixing common.access.registry.AccessMappedRegistry from crafttweaker.mixins.json into net.minecraft.core.MappedRegistry
[10Jan2026 02:46:20.631] [main/DEBUG] [mixin/]: Mixing perf.mojang_registry_size.ResourceKeyMixin from modernfix-common.mixins.json into net.minecraft.resources.ResourceKey
[10Jan2026 02:46:20.632] [main/DEBUG] [mixin/]: Renaming synthetic method lambda$createEfficient$0(Lnet/minecraft/resources/ResourceLocation;)Ljava/util/Map; to mda58a52$lambda$createEfficient$0$0 in modernfix-common.mixins.json:perf.mojang_registry_size.ResourceKeyMixin
[10Jan2026 02:46:20.673] [main/DEBUG] [mixin/]: Mixing inject.MixinGameEvent from architectury-common.mixins.json into net.minecraft.world.level.gameevent.GameEvent
[10Jan2026 02:46:20.682] [main/DEBUG] [mixin/]: Mixing perf.reduce_blockstate_cache_rebuilds.GameDataMixin from modernfix-forge.mixins.json into net.minecraftforge.registries.GameData
[10Jan2026 02:46:20.699] [main/DEBUG] [mixin/]: Mixing perf.fast_registry_validation.ForgeRegistryMixin from modernfix-forge.mixins.json into net.minecraftforge.registries.ForgeRegistry
[10Jan2026 02:46:20.704] [main/DEBUG] [mixin/]: Mixing perf.forge_registry_alloc.ForgeRegistryMixin from modernfix-forge.mixins.json into net.minecraftforge.registries.ForgeRegistry
[10Jan2026 02:46:20.718] [main/DEBUG] [mixin/]: Mixing accessor.ForgeRegistryForgeAccessor from puzzleslib.forge.mixins.json into net.minecraftforge.registries.ForgeRegistry
[10Jan2026 02:46:20.727] [main/WARN] [mixin/]: @Final field delegatesByName:Ljava/util/Map; in modernfix-forge.mixins.json:perf.forge_registry_alloc.ForgeRegistryMixin should be final
[10Jan2026 02:46:20.728] [main/WARN] [mixin/]: @Final field delegatesByValue:Ljava/util/Map; in modernfix-forge.mixins.json:perf.forge_registry_alloc.ForgeRegistryMixin should be final
[10Jan2026 02:46:20.748] [main/DEBUG] [mixin/]: Mixing perf.reduce_blockstate_cache_rebuilds.BlockCallbacksMixin from modernfix-forge.mixins.json into net.minecraftforge.registries.GameData$BlockCallbacks
[10Jan2026 02:46:20.755] [main/DEBUG] [mixin/]: Mixing perf.forge_registry_alloc.DelegateHolderMixin from modernfix-forge.mixins.json into net.minecraft.world.level.block.Block
[10Jan2026 02:46:20.757] [main/DEBUG] [mixin/]: Mixing inject.MixinBlock from architectury-common.mixins.json into net.minecraft.world.level.block.Block
[10Jan2026 02:46:20.757] [main/DEBUG] [mixin/]: Mixing accessor.BlockAccessor from puzzleslib.common.mixins.json into net.minecraft.world.level.block.Block
[10Jan2026 02:46:20.768] [main/DEBUG] [mixin/]: Mixing common.access.block.AccessBlockBehaviour from crafttweaker.mixins.json into net.minecraft.world.level.block.state.BlockBehaviour
[10Jan2026 02:46:20.775] [main/DEBUG] [mixin/]: Mixing bugfix.chunk_deadlock.BlockStateBaseMixin from modernfix-common.mixins.json into net.minecraft.world.level.block.state.BlockBehaviour$BlockStateBase
[10Jan2026 02:46:20.777] [main/DEBUG] [mixin/]: Mixing perf.reduce_blockstate_cache_rebuilds.BlockStateBaseMixin from modernfix-common.mixins.json into net.minecraft.world.level.block.state.BlockBehaviour$BlockStateBase
[10Jan2026 02:46:20.786] [main/DEBUG] [mixin/]: Mixing common.access.block.AccessBlockStateBase from crafttweaker.mixins.json into net.minecraft.world.level.block.state.BlockBehaviour$BlockStateBase
[10Jan2026 02:46:20.787] [main/DEBUG] [mixin/]: Mixing BlockStateBaseMixin from ferritecore.blockstatecache.mixin.json into net.minecraft.world.level.block.state.BlockBehaviour$BlockStateBase
[10Jan2026 02:46:20.789] [main/DEBUG] [mixin/]: Mixing fluidcollision.BlockStateBaseMixin from expandability-common.mixins.json into net.minecraft.world.level.block.state.BlockBehaviour$BlockStateBase
[10Jan2026 02:46:20.829] [main/DEBUG] [mixin/]: Mixing FastMapStateHolderMixin from ferritecore.fastmap.mixin.json into net.minecraft.world.level.block.state.StateHolder
[10Jan2026 02:46:20.844] [main/DEBUG] [mixin/]: Mixing perf.model_optimizations.PropertyMixin from modernfix-common.mixins.json into net.minecraft.world.level.block.state.properties.Property
[10Jan2026 02:46:20.868] [main/DEBUG] [mixin/]: Mixing EntityChopSettingsMixin from treechop.mixins.json into net.minecraft.world.entity.Entity
[10Jan2026 02:46:20.876] [main/DEBUG] [mixin/]: Mixing bugfix.chunk_deadlock.EntityMixin from modernfix-common.mixins.json into net.minecraft.world.entity.Entity
[10Jan2026 02:46:20.880] [main/DEBUG] [mixin/]: Mixing item.umbrella.EntityMixin from mixins.artifacts.common.json into net.minecraft.world.entity.Entity
[10Jan2026 02:46:20.882] [main/DEBUG] [mixin/]: Mixing item.wearable.aquadashers.EntityMixin from mixins.artifacts.common.json into net.minecraft.world.entity.Entity
[10Jan2026 02:46:20.907] [main/DEBUG] [mixin/]: Mixing EntityMixin from morehitboxes.mixins.json into net.minecraft.world.entity.Entity
[10Jan2026 02:46:20.922] [main/DEBUG] [mixin/]: Mixing EntityMixin from balm.mixins.json into net.minecraft.world.entity.Entity
[10Jan2026 02:46:20.926] [main/DEBUG] [mixin/]: Mixing AccessorEntity from curios.mixins.json into net.minecraft.world.entity.Entity
[10Jan2026 02:46:20.927] [main/DEBUG] [mixin/]: Mixing EntityMixin from tombstone.mixins.json into net.minecraft.world.entity.Entity
[10Jan2026 02:46:20.934] [main/DEBUG] [mixin/]: Mixing swimming.EntityMixin from expandability.mixins.json into net.minecraft.world.entity.Entity
[10Jan2026 02:46:20.941] [main/DEBUG] [mixin/]: Mixing swimming.EntityMixin from expandability-common.mixins.json into net.minecraft.world.entity.Entity
[10Jan2026 02:46:21.107] [main/DEBUG] [mixin/]: Mixing LivingEntityMixin from uniquedungeons.mixin.json into net.minecraft.world.entity.LivingEntity
[10Jan2026 02:46:21.115] [main/DEBUG] [mixin/]: Mixing perf.forge_cap_retrieval.LivingEntityMixin from modernfix-forge.mixins.json into net.minecraft.world.entity.LivingEntity
[10Jan2026 02:46:21.116] [main/DEBUG] [mixin/]: Mixing LivingEntityMixin from citadel.mixins.json into net.minecraft.world.entity.LivingEntity
[10Jan2026 02:46:21.121] [main/DEBUG] [mixin/]: Mixing accessors.LivingEntityAccessor from mixins.artifacts.common.json into net.minecraft.world.entity.LivingEntity
[10Jan2026 02:46:21.122] [main/DEBUG] [mixin/]: Mixing item.hurtsound.LivingEntityMixin from mixins.artifacts.common.json into net.minecraft.world.entity.LivingEntity
[10Jan2026 02:46:21.123] [main/DEBUG] [mixin/]: Mixing item.wearable.chorustotem.LivingEntityMixin from mixins.artifacts.common.json into net.minecraft.world.entity.LivingEntity
[10Jan2026 02:46:21.149] [main/DEBUG] [mixin/]: Mixing item.wearable.snowshoes.LivingEntityMixin from mixins.artifacts.forge.json into net.minecraft.world.entity.LivingEntity
[10Jan2026 02:46:21.152] [main/DEBUG] [mixin/]: Mixing MixinLivingEntity from curios.mixins.json into net.minecraft.world.entity.LivingEntity
[10Jan2026 02:46:21.153] [main/DEBUG] [mixin/]: Mixing LivingEntityMixin from tombstone.mixins.json into net.minecraft.world.entity.LivingEntity
[10Jan2026 02:46:21.163] [main/DEBUG] [mixin/]: Mixing swimming.LivingEntityMixin from expandability.mixins.json into net.minecraft.world.entity.LivingEntity
[10Jan2026 02:46:21.166] [main/DEBUG] [mixin/]: Mixing swimming.LivingEntityMixin from expandability-common.mixins.json into net.minecraft.world.entity.LivingEntity
[10Jan2026 02:46:21.278] [main/DEBUG] [net.minecraftforge.coremod.transformer.CoreModBaseTransformer/COREMOD]: Transforming m_46758_ with desc (Lnet/minecraft/core/BlockPos;)Z
[10Jan2026 02:46:21.300] [main/DEBUG] [mixin/]: Mixing perf.model_optimizations.BooleanPropertyMixin from modernfix-common.mixins.json into net.minecraft.world.level.block.state.properties.BooleanProperty
[10Jan2026 02:46:21.312] [main/DEBUG] [net.minecraftforge.coremod.transformer.CoreModBaseTransformer/COREMOD]: Transforming m_46758_ with desc (Lnet/minecraft/core/BlockPos;)Z
[10Jan2026 02:46:21.317] [main/DEBUG] [mixin/]: Mixing LevelMixin from citadel.mixins.json into net.minecraft.world.level.Level
[10Jan2026 02:46:21.319] [main/DEBUG] [mixin/]: Mixing LevelMixin from morehitboxes.mixins.json into net.minecraft.world.level.Level
[10Jan2026 02:46:21.331] [main/DEBUG] [mixin/]: Mixing LevelMixin from observable.common.json into net.minecraft.world.level.Level
[10Jan2026 02:46:21.331] [main/DEBUG] [mixin/]: observable.common.json:LevelMixin: Class version 61 required is higher than the class version supported by the current version of Mixin (JAVA_8 supports class version 52)
[10Jan2026 02:46:21.395] [main/DEBUG] [mixin/]: Mixing bugfix.chunk_deadlock.ServerLevelMixin from modernfix-common.mixins.json into net.minecraft.server.level.ServerLevel
[10Jan2026 02:46:21.398] [main/DEBUG] [mixin/]: Mixing perf.cache_strongholds.ServerLevelMixin from modernfix-common.mixins.json into net.minecraft.server.level.ServerLevel
[10Jan2026 02:46:21.404] [main/DEBUG] [mixin/]: Mixing perf.faster_structure_location.ServerLevelMixin from modernfix-common.mixins.json into net.minecraft.server.level.ServerLevel
[10Jan2026 02:46:21.405] [main/DEBUG] [mixin/]: Mixing ServerLevelMixin from citadel.mixins.json into net.minecraft.server.level.ServerLevel
[10Jan2026 02:46:21.406] [main/DEBUG] [mixin/]: Mixing common.transform.world.level.MixinServerLevel from crafttweaker.mixins.json into net.minecraft.server.level.ServerLevel
[10Jan2026 02:46:21.410] [main/DEBUG] [mixin/]: Mixing ServerLevelMixin from observable.common.json into net.minecraft.server.level.ServerLevel
[10Jan2026 02:46:21.410] [main/DEBUG] [mixin/]: observable.common.json:ServerLevelMixin: Class version 61 required is higher than the class version supported by the current version of Mixin (JAVA_8 supports class version 52)
[10Jan2026 02:46:21.484] [main/DEBUG] [mixin/]: Mixing PlayerMixin from uniquedungeons.mixin.json into net.minecraft.world.entity.player.Player
[10Jan2026 02:46:21.487] [main/DEBUG] [mixin/]: Mixing PlayerMixin from mixins.travelersbackpack.json into net.minecraft.world.entity.player.Player
[10Jan2026 02:46:21.494] [main/DEBUG] [mixin/]: Mixing PlayerMixin from morehitboxes.mixins.json into net.minecraft.world.entity.player.Player
[10Jan2026 02:46:21.497] [main/DEBUG] [mixin/]: Mixing swimming.PlayerMixin from expandability-common.mixins.json into net.minecraft.world.entity.player.Player
[10Jan2026 02:46:21.500] [main/DEBUG] [mixin/]: Mixing PlayerMixin from playerrevive.mixins.json into net.minecraft.world.entity.player.Player
[10Jan2026 02:46:21.506] [main/DEBUG] [mixin/]: Mixing MixinPlayer from tlskincape-mixins.json into net.minecraft.world.entity.player.Player
[10Jan2026 02:46:21.506] [main/DEBUG] [mixin/]: tlskincape-mixins.json:MixinPlayer: Class version 61 required is higher than the class version supported by the current version of Mixin (JAVA_16 supports class version 60)
[10Jan2026 02:46:21.571] [main/DEBUG] [mixin/]: Mixing bugfix.concurrency.ForgeRegistryTagManagerMixin from modernfix-forge.mixins.json into net.minecraftforge.registries.ForgeRegistryTagManager
[10Jan2026 02:46:21.588] [main/DEBUG] [mixin/]: Mixing bugfix.concurrency.NamespacedWrapperMixin from modernfix-forge.mixins.json into net.minecraftforge.registries.NamespacedWrapper
[10Jan2026 02:46:21.594] [main/DEBUG] [mixin/]: Mixing perf.fast_forge_dummies.NamespacedHolderHelperMixin from modernfix-forge.mixins.json into net.minecraftforge.registries.NamespacedWrapper
[10Jan2026 02:46:21.621] [main/DEBUG] [mixin/]: Mixing inject.MixinFluid from architectury-common.mixins.json into net.minecraft.world.level.material.Fluid
[10Jan2026 02:46:21.629] [main/DEBUG] [net.minecraftforge.coremod.transformer.CoreModBaseTransformer/COREMOD]: Transforming m_41435_ with desc (Lnet/minecraft/world/level/Level;Lnet/minecraft/world/entity/player/Player;Lnet/minecraft/world/level/ClipContext$Fluid;)Lnet/minecraft/world/phys/BlockHitResult;
[10Jan2026 02:46:21.631] [main/DEBUG] [mixin/]: Mixing perf.forge_registry_alloc.DelegateHolderMixin from modernfix-forge.mixins.json into net.minecraft.world.item.Item
[10Jan2026 02:46:21.638] [main/DEBUG] [mixin/]: Mixing common.access.item.AccessItem from crafttweaker.mixins.json into net.minecraft.world.item.Item
[10Jan2026 02:46:21.638] [main/DEBUG] [mixin/]: Renaming @Accessor method crafttweaker$getBASE_ATTACK_DAMAGE_UUID()Ljava/util/UUID; to crafttweaker$getBASE_ATTACK_DAMAGE_UUID_$md$a58a52$0 in crafttweaker.mixins.json:common.access.item.AccessItem
[10Jan2026 02:46:21.638] [main/DEBUG] [mixin/]: Renaming @Accessor method crafttweaker$getBASE_ATTACK_SPEED_UUID()Ljava/util/UUID; to crafttweaker$getBASE_ATTACK_SPEED_UUID_$md$a58a52$1 in crafttweaker.mixins.json:common.access.item.AccessItem
[10Jan2026 02:46:21.639] [main/DEBUG] [mixin/]: Mixing ItemMixin from tombstone.mixins.json into net.minecraft.world.item.Item
[10Jan2026 02:46:21.639] [main/DEBUG] [mixin/]: Renaming synthetic method lambda$methodIsFoil$1(Lnet/minecraft/world/item/ItemStack;Lovh/corail/tombstone/api/capability/ISoulConsumer;)Ljava/lang/Boolean; to mda58a52$lambda$methodIsFoil$1$2 in tombstone.mixins.json:ItemMixin
[10Jan2026 02:46:21.639] [main/DEBUG] [mixin/]: Renaming synthetic method lambda$methodGetName$0(Lnet/minecraft/world/item/ItemStack;Lovh/corail/tombstone/api/capability/ISoulConsumer;)Ljava/lang/Boolean; to mda58a52$lambda$methodGetName$0$3 in tombstone.mixins.json:ItemMixin
[10Jan2026 02:46:21.659] [main/DEBUG] [net.minecraftforge.coremod.transformer.CoreModBaseTransformer/COREMOD]: Transforming net/minecraft/world/effect/MobEffectInstance
[10Jan2026 02:46:21.672] [main/DEBUG] [mixin/]: Mixing inject.MixinItem from architectury-common.mixins.json into net.minecraft.world.item.Item
[10Jan2026 02:46:21.694] [main/DEBUG] [net.minecraftforge.coremod.transformer.CoreModBaseTransformer/COREMOD]: Transforming net/minecraft/world/entity/EntityType
[10Jan2026 02:46:21.798] [main/DEBUG] [mixin/]: Mixing inject.MixinEntityType from architectury-common.mixins.json into net.minecraft.world.entity.EntityType
[10Jan2026 02:46:21.817] [main/DEBUG] [mixin/]: Mixing perf.dynamic_dfu.BlockEntityTypeMixin from modernfix-common.mixins.json into net.minecraft.world.level.block.entity.BlockEntityType
[10Jan2026 02:46:21.825] [main/DEBUG] [mixin/]: Mixing ChunkStatusMixin from fossil_common.mixins.json into net.minecraft.world.level.chunk.ChunkStatus
[10Jan2026 02:46:21.828] [main/DEBUG] [net.minecraftforge.coremod.transformer.CoreModBaseTransformer/COREMOD]: Transforming <init> with desc (JZZLjava/util/Optional;)V
[10Jan2026 02:46:21.880] [main/DEBUG] [mixin/]: Mixing TrunkPlacerTypeInvoker from graveyard-common.mixins.json into net.minecraft.world.level.levelgen.feature.trunkplacers.TrunkPlacerType
[10Jan2026 02:46:21.881] [main/DEBUG] [mixin/]: Renaming @Invoker method callRegister(Ljava/lang/String;Lcom/mojang/serialization/Codec;)Lnet/minecraft/world/level/levelgen/feature/trunkplacers/TrunkPlacerType; to callRegister_$md$a58a52$0 in graveyard-common.mixins.json:TrunkPlacerTypeInvoker
[10Jan2026 02:46:21.905] [main/DEBUG] [mixin/]: Mixing perf.memoize_creative_tab_build.CreativeModeTabMixin from modernfix-common.mixins.json into net.minecraft.world.item.CreativeModeTab
[10Jan2026 02:46:21.916] [main/DEBUG] [mixin/]: Mixing accessor.FireBlockForgeAccessor from puzzleslib.forge.mixins.json into net.minecraft.world.level.block.FireBlock
[10Jan2026 02:46:21.942] [main/DEBUG] [mixin/]: Mixing ShapesMixin from creativecore.mixins.json into net.minecraft.world.phys.shapes.Shapes
[10Jan2026 02:46:22.022] [main/DEBUG] [mixin/]: Mixing DiscreteVSAccess from ferritecore.blockstatecache.mixin.json into net.minecraft.world.phys.shapes.DiscreteVoxelShape
[10Jan2026 02:46:22.024] [main/DEBUG] [mixin/]: Mixing BitSetDVSAccess from ferritecore.blockstatecache.mixin.json into net.minecraft.world.phys.shapes.BitSetDiscreteVoxelShape
[10Jan2026 02:46:22.027] [main/DEBUG] [mixin/]: Mixing VoxelShapeAccessor from creativecore.mixins.json into net.minecraft.world.phys.shapes.VoxelShape
[10Jan2026 02:46:22.028] [main/DEBUG] [mixin/]: Mixing VoxelShapeAccess from ferritecore.blockstatecache.mixin.json into net.minecraft.world.phys.shapes.VoxelShape
[10Jan2026 02:46:22.029] [main/DEBUG] [mixin/]: Unexpected: Registered method setShape(Lnet/minecraft/world/phys/shapes/DiscreteVoxelShape;)V in net.minecraft.world.phys.shapes.VoxelShape was not merged
[10Jan2026 02:46:22.031] [main/DEBUG] [mixin/]: Mixing ArrayVSAccess from ferritecore.blockstatecache.mixin.json into net.minecraft.world.phys.shapes.ArrayVoxelShape
[10Jan2026 02:46:22.033] [main/DEBUG] [mixin/]: Mixing SliceShapeAccess from ferritecore.blockstatecache.mixin.json into net.minecraft.world.phys.shapes.SliceShape
[10Jan2026 02:46:22.169] [main/DEBUG] [mixin/]: Mixing perf.reduce_blockstate_cache_rebuilds.BlocksMixin from modernfix-common.mixins.json into net.minecraft.world.level.block.Blocks
[10Jan2026 02:46:22.170] [main/DEBUG] [mixin/]: Renaming synthetic method lambda$getEmptyConsumer$0(Ljava/lang/Object;)V to mda58a52$lambda$getEmptyConsumer$0$0 in modernfix-common.mixins.json:perf.reduce_blockstate_cache_rebuilds.BlocksMixin
[10Jan2026 02:46:22.198] [main/DEBUG] [mixin/]: Mixing PlantBlockMixin from graveyard-common.mixins.json into net.minecraft.world.level.block.BushBlock
[10Jan2026 02:46:22.206] [main/DEBUG] [net.minecraftforge.coremod.transformer.CoreModBaseTransformer/COREMOD]: Transforming net/minecraft/world/level/block/LiquidBlock
[10Jan2026 02:46:22.207] [main/DEBUG] [mixin/]: Mixing inject.MixinLiquidBlock from architectury-common.mixins.json into net.minecraft.world.level.block.LiquidBlock
[10Jan2026 02:46:22.237] [main/DEBUG] [net.minecraftforge.coremod.transformer.CoreModBaseTransformer/COREMOD]: Transforming m_7898_ with desc (Lnet/minecraft/world/level/block/state/BlockState;Lnet/minecraft/world/level/LevelReader;Lnet/minecraft/core/BlockPos;)Z
[10Jan2026 02:46:22.256] [main/DEBUG] [net.minecraftforge.coremod.transformer.CoreModBaseTransformer/COREMOD]: Transforming net/minecraft/world/level/block/StairBlock
[10Jan2026 02:46:22.263] [main/DEBUG] [mixin/]: Mixing ChestBlockMixin from tombstone.mixins.json into net.minecraft.world.level.block.ChestBlock
[10Jan2026 02:46:22.276] [main/DEBUG] [mixin/]: Mixing CropBlockMixin from balm.mixins.json into net.minecraft.world.level.block.CropBlock
[10Jan2026 02:46:22.321] [main/DEBUG] [mixin/]: Mixing StemBlockMixin from balm.mixins.json into net.minecraft.world.level.block.StemBlock
[10Jan2026 02:46:22.343] [main/DEBUG] [mixin/]: Mixing common.access.block.AccessAbstractCauldronBlock from crafttweaker.mixins.json into net.minecraft.world.level.block.AbstractCauldronBlock
[10Jan2026 02:46:22.398] [main/DEBUG] [mixin/]: Mixing perf.deduplicate_wall_shapes.WallBlockMixin from modernfix-common.mixins.json into net.minecraft.world.level.block.WallBlock
[10Jan2026 02:46:22.431] [main/DEBUG] [net.minecraftforge.coremod.transformer.CoreModBaseTransformer/COREMOD]: Transforming net/minecraft/world/level/block/FlowerPotBlock
[10Jan2026 02:46:22.491] [main/DEBUG] [mixin/]: Mixing reinforced.BubbleColumnBlockMixin from securitycraft.mixins.json into net.minecraft.world.level.block.BubbleColumnBlock
[10Jan2026 02:46:22.503] [main/DEBUG] [mixin/]: Mixing swimming.BubbleColumnBlockMixin from expandability-common.mixins.json into net.minecraft.world.level.block.BubbleColumnBlock
[10Jan2026 02:46:22.538] [main/DEBUG] [mixin/]: Mixing MixinPowderSnowBlock from curios.mixins.json into net.minecraft.world.level.block.PowderSnowBlock
[10Jan2026 02:46:22.579] [main/DEBUG] [mixin/]: Mixing perf.state_definition_construct.StateDefinitionMixin from modernfix-common.mixins.json into net.minecraft.world.level.block.state.StateDefinition
[10Jan2026 02:46:22.656] [main/INFO] [net.minecraft.server.Bootstrap/]: Vanilla bootstrap took 2083 milliseconds
[10Jan2026 02:46:22.674] [main/DEBUG] [io.netty.util.internal.PlatformDependent0/]: -Dio.netty.noUnsafe: false
[10Jan2026 02:46:22.674] [main/DEBUG] [io.netty.util.internal.PlatformDependent0/]: Java version: 17
[10Jan2026 02:46:22.675] [main/DEBUG] [io.netty.util.internal.PlatformDependent0/]: sun.misc.Unsafe.theUnsafe: available
[10Jan2026 02:46:22.675] [main/DEBUG] [io.netty.util.internal.PlatformDependent0/]: sun.misc.Unsafe.copyMemory: available
[10Jan2026 02:46:22.676] [main/DEBUG] [io.netty.util.internal.PlatformDependent0/]: sun.misc.Unsafe.storeFence: available
[10Jan2026 02:46:22.676] [main/DEBUG] [io.netty.util.internal.PlatformDependent0/]: java.nio.Buffer.address: available
[10Jan2026 02:46:22.677] [main/DEBUG] [io.netty.util.internal.PlatformDependent0/]: direct buffer constructor: unavailable
java.lang.UnsupportedOperationException: Reflective setAccessible(true) disabled
	at io.netty.util.internal.ReflectionUtil.trySetAccessible(ReflectionUtil.java:31) ~[netty-common-4.1.82.Final.jar%2380!/:4.1.82.Final]
	at io.netty.util.internal.PlatformDependent0$5.run(PlatformDependent0.java:288) ~[netty-common-4.1.82.Final.jar%2380!/:4.1.82.Final]
	at java.security.AccessController.doPrivileged(AccessController.java:318) ~[?:?]
	at io.netty.util.internal.PlatformDependent0.<clinit>(PlatformDependent0.java:282) ~[netty-common-4.1.82.Final.jar%2380!/:4.1.82.Final]
	at io.netty.util.internal.PlatformDependent.isAndroid(PlatformDependent.java:333) ~[netty-common-4.1.82.Final.jar%2380!/:4.1.82.Final]
	at io.netty.util.internal.PlatformDependent.<clinit>(PlatformDependent.java:88) ~[netty-common-4.1.82.Final.jar%2380!/:4.1.82.Final]
	at io.netty.util.ConstantPool.<init>(ConstantPool.java:34) ~[netty-common-4.1.82.Final.jar%2380!/:4.1.82.Final]
	at io.netty.util.AttributeKey$1.<init>(AttributeKey.java:27) ~[netty-common-4.1.82.Final.jar%2380!/:4.1.82.Final]
	at io.netty.util.AttributeKey.<clinit>(AttributeKey.java:27) ~[netty-common-4.1.82.Final.jar%2380!/:4.1.82.Final]
	at net.minecraftforge.network.NetworkConstants.<clinit>(NetworkConstants.java:34) ~[forge-1.20.1-47.3.7-universal.jar%23204!/:?]
	at net.minecraft.server.Bootstrap.handler$zdk000$doClassloadHack(Bootstrap.java:1034) ~[server-1.20.1-20230612.114412-srg.jar%23199!/:?]
	at net.minecraft.server.Bootstrap.m_135870_(Bootstrap.java:64) ~[server-1.20.1-20230612.114412-srg.jar%23199!/:?]
	at net.minecraftforge.registries.ForgeRegistries.init(ForgeRegistries.java:212) ~[forge-1.20.1-47.3.7-universal.jar%23204!/:?]
	at net.minecraftforge.registries.ForgeRegistries.<clinit>(ForgeRegistries.java:65) ~[forge-1.20.1-47.3.7-universal.jar%23204!/:?]
	at net.minecraft.world.level.block.LiquidBlock.<init>(LiquidBlock.java:53) ~[server-1.20.1-20230612.114412-srg.jar%23199!/:?]
	at net.minecraft.world.level.block.Blocks.<clinit>(Blocks.java:77) ~[server-1.20.1-20230612.114412-srg.jar%23199!/:?]
	at net.minecraft.world.level.block.FireBlock.m_53484_(FireBlock.java:301) ~[server-1.20.1-20230612.114412-srg.jar%23199!/:?]
	at net.minecraft.server.Bootstrap.m_135870_(Bootstrap.java:46) ~[server-1.20.1-20230612.114412-srg.jar%23199!/:?]
	at net.minecraft.server.Main.main(Main.java:121) ~[server-1.20.1-20230612.114412-srg.jar%23199!/:?]
	at jdk.internal.reflect.NativeMethodAccessorImpl.invoke0(Native Method) ~[?:?]
	at jdk.internal.reflect.NativeMethodAccessorImpl.invoke(NativeMethodAccessorImpl.java:77) ~[?:?]
	at jdk.internal.reflect.DelegatingMethodAccessorImpl.invoke(DelegatingMethodAccessorImpl.java:43) ~[?:?]
	at java.lang.reflect.Method.invoke(Method.java:569) ~[?:?]
	at net.minecraftforge.fml.loading.targets.CommonLaunchHandler.runTarget(CommonLaunchHandler.java:111) ~[fmlloader-1.20.1-47.3.7.jar%2367!/:?]
	at net.minecraftforge.fml.loading.targets.CommonLaunchHandler.serverService(CommonLaunchHandler.java:103) ~[fmlloader-1.20.1-47.3.7.jar%2367!/:?]
	at net.minecraftforge.fml.loading.targets.CommonServerLaunchHandler.lambda$makeService$0(CommonServerLaunchHandler.java:27) ~[fmlloader-1.20.1-47.3.7.jar%2367!/:?]
	at cpw.mods.modlauncher.LaunchServiceHandlerDecorator.launch(LaunchServiceHandlerDecorator.java:30) ~[modlauncher-10.0.9.jar%2353!/:?]
	at cpw.mods.modlauncher.LaunchServiceHandler.launch(LaunchServiceHandler.java:53) ~[modlauncher-10.0.9.jar%2353!/:?]
	at cpw.mods.modlauncher.LaunchServiceHandler.launch(LaunchServiceHandler.java:71) ~[modlauncher-10.0.9.jar%2353!/:?]
	at cpw.mods.modlauncher.Launcher.run(Launcher.java:108) ~[modlauncher-10.0.9.jar%2353!/:?]
	at cpw.mods.modlauncher.Launcher.main(Launcher.java:78) ~[modlauncher-10.0.9.jar%2353!/:?]
	at cpw.mods.modlauncher.BootstrapLaunchConsumer.accept(BootstrapLaunchConsumer.java:26) ~[modlauncher-10.0.9.jar%2353!/:?]
	at cpw.mods.modlauncher.BootstrapLaunchConsumer.accept(BootstrapLaunchConsumer.java:23) ~[modlauncher-10.0.9.jar%2353!/:?]
	at cpw.mods.bootstraplauncher.BootstrapLauncher.main(BootstrapLauncher.java:141) ~[bootstraplauncher-1.1.2.jar:?]
[10Jan2026 02:46:22.678] [main/DEBUG] [io.netty.util.internal.PlatformDependent0/]: java.nio.Bits.unaligned: available, true
[10Jan2026 02:46:22.679] [main/DEBUG] [io.netty.util.internal.PlatformDependent0/]: jdk.internal.misc.Unsafe.allocateUninitializedArray(int): unavailable
java.lang.IllegalAccessException: class io.netty.util.internal.PlatformDependent0$7 (in module io.netty.common) cannot access class jdk.internal.misc.Unsafe (in module java.base) because module java.base does not export jdk.internal.misc to module io.netty.common
	at jdk.internal.reflect.Reflection.newIllegalAccessException(Reflection.java:392) ~[?:?]
	at java.lang.reflect.AccessibleObject.checkAccess(AccessibleObject.java:674) ~[?:?]
	at java.lang.reflect.Method.invoke(Method.java:561) ~[?:?]
	at io.netty.util.internal.PlatformDependent0$7.run(PlatformDependent0.java:410) ~[netty-common-4.1.82.Final.jar%2380!/:4.1.82.Final]
	at java.security.AccessController.doPrivileged(AccessController.java:318) ~[?:?]
	at io.netty.util.internal.PlatformDependent0.<clinit>(PlatformDependent0.java:401) ~[netty-common-4.1.82.Final.jar%2380!/:4.1.82.Final]
	at io.netty.util.internal.PlatformDependent.isAndroid(PlatformDependent.java:333) ~[netty-common-4.1.82.Final.jar%2380!/:4.1.82.Final]
	at io.netty.util.internal.PlatformDependent.<clinit>(PlatformDependent.java:88) ~[netty-common-4.1.82.Final.jar%2380!/:4.1.82.Final]
	at io.netty.util.ConstantPool.<init>(ConstantPool.java:34) ~[netty-common-4.1.82.Final.jar%2380!/:4.1.82.Final]
	at io.netty.util.AttributeKey$1.<init>(AttributeKey.java:27) ~[netty-common-4.1.82.Final.jar%2380!/:4.1.82.Final]
	at io.netty.util.AttributeKey.<clinit>(AttributeKey.java:27) ~[netty-common-4.1.82.Final.jar%2380!/:4.1.82.Final]
	at net.minecraftforge.network.NetworkConstants.<clinit>(NetworkConstants.java:34) ~[forge-1.20.1-47.3.7-universal.jar%23204!/:?]
	at net.minecraft.server.Bootstrap.handler$zdk000$doClassloadHack(Bootstrap.java:1034) ~[server-1.20.1-20230612.114412-srg.jar%23199!/:?]
	at net.minecraft.server.Bootstrap.m_135870_(Bootstrap.java:64) ~[server-1.20.1-20230612.114412-srg.jar%23199!/:?]
	at net.minecraftforge.registries.ForgeRegistries.init(ForgeRegistries.java:212) ~[forge-1.20.1-47.3.7-universal.jar%23204!/:?]
	at net.minecraftforge.registries.ForgeRegistries.<clinit>(ForgeRegistries.java:65) ~[forge-1.20.1-47.3.7-universal.jar%23204!/:?]
	at net.minecraft.world.level.block.LiquidBlock.<init>(LiquidBlock.java:53) ~[server-1.20.1-20230612.114412-srg.jar%23199!/:?]
	at net.minecraft.world.level.block.Blocks.<clinit>(Blocks.java:77) ~[server-1.20.1-20230612.114412-srg.jar%23199!/:?]
	at net.minecraft.world.level.block.FireBlock.m_53484_(FireBlock.java:301) ~[server-1.20.1-20230612.114412-srg.jar%23199!/:?]
	at net.minecraft.server.Bootstrap.m_135870_(Bootstrap.java:46) ~[server-1.20.1-20230612.114412-srg.jar%23199!/:?]
	at net.minecraft.server.Main.main(Main.java:121) ~[server-1.20.1-20230612.114412-srg.jar%23199!/:?]
	at jdk.internal.reflect.NativeMethodAccessorImpl.invoke0(Native Method) ~[?:?]
	at jdk.internal.reflect.NativeMethodAccessorImpl.invoke(NativeMethodAccessorImpl.java:77) ~[?:?]
	at jdk.internal.reflect.DelegatingMethodAccessorImpl.invoke(DelegatingMethodAccessorImpl.java:43) ~[?:?]
	at java.lang.reflect.Method.invoke(Method.java:569) ~[?:?]
	at net.minecraftforge.fml.loading.targets.CommonLaunchHandler.runTarget(CommonLaunchHandler.java:111) ~[fmlloader-1.20.1-47.3.7.jar%2367!/:?]
	at net.minecraftforge.fml.loading.targets.CommonLaunchHandler.serverService(CommonLaunchHandler.java:103) ~[fmlloader-1.20.1-47.3.7.jar%2367!/:?]
	at net.minecraftforge.fml.loading.targets.CommonServerLaunchHandler.lambda$makeService$0(CommonServerLaunchHandler.java:27) ~[fmlloader-1.20.1-47.3.7.jar%2367!/:?]
	at cpw.mods.modlauncher.LaunchServiceHandlerDecorator.launch(LaunchServiceHandlerDecorator.java:30) ~[modlauncher-10.0.9.jar%2353!/:?]
	at cpw.mods.modlauncher.LaunchServiceHandler.launch(LaunchServiceHandler.java:53) ~[modlauncher-10.0.9.jar%2353!/:?]
	at cpw.mods.modlauncher.LaunchServiceHandler.launch(LaunchServiceHandler.java:71) ~[modlauncher-10.0.9.jar%2353!/:?]
	at cpw.mods.modlauncher.Launcher.run(Launcher.java:108) ~[modlauncher-10.0.9.jar%2353!/:?]
	at cpw.mods.modlauncher.Launcher.main(Launcher.java:78) ~[modlauncher-10.0.9.jar%2353!/:?]
	at cpw.mods.modlauncher.BootstrapLaunchConsumer.accept(BootstrapLaunchConsumer.java:26) ~[modlauncher-10.0.9.jar%2353!/:?]
	at cpw.mods.modlauncher.BootstrapLaunchConsumer.accept(BootstrapLaunchConsumer.java:23) ~[modlauncher-10.0.9.jar%2353!/:?]
	at cpw.mods.bootstraplauncher.BootstrapLauncher.main(BootstrapLauncher.java:141) ~[bootstraplauncher-1.1.2.jar:?]
[10Jan2026 02:46:22.681] [main/DEBUG] [io.netty.util.internal.PlatformDependent0/]: java.nio.DirectByteBuffer.<init>(long, int): unavailable
[10Jan2026 02:46:22.681] [main/DEBUG] [io.netty.util.internal.PlatformDependent/]: sun.misc.Unsafe: available
[10Jan2026 02:46:22.681] [main/DEBUG] [io.netty.util.internal.PlatformDependent/]: maxDirectMemory: 12884901888 bytes (maybe)
[10Jan2026 02:46:22.682] [main/DEBUG] [io.netty.util.internal.PlatformDependent/]: -Dio.netty.tmpdir: /tmp (java.io.tmpdir)
[10Jan2026 02:46:22.682] [main/DEBUG] [io.netty.util.internal.PlatformDependent/]: -Dio.netty.bitMode: 64 (sun.arch.data.model)
[10Jan2026 02:46:22.683] [main/DEBUG] [io.netty.util.internal.PlatformDependent/]: -Dio.netty.maxDirectMemory: -1 bytes
[10Jan2026 02:46:22.683] [main/DEBUG] [io.netty.util.internal.PlatformDependent/]: -Dio.netty.uninitializedArrayAllocationThreshold: -1
[10Jan2026 02:46:22.684] [main/DEBUG] [io.netty.util.internal.CleanerJava9/]: java.nio.ByteBuffer.cleaner(): available
[10Jan2026 02:46:22.684] [main/DEBUG] [io.netty.util.internal.PlatformDependent/]: -Dio.netty.noPreferDirect: false
[10Jan2026 02:46:22.773] [main/DEBUG] [mixin/]: Mixing BlockEntityMixin from collective_forge.mixins.json into net.minecraft.world.level.block.entity.BlockEntity
[10Jan2026 02:46:22.781] [main/DEBUG] [mixin/]: Mixing BrushableBlockEntityMixin from tombstone.mixins.json into net.minecraft.world.level.block.entity.BrushableBlockEntity
[10Jan2026 02:46:22.794] [main/DEBUG] [mixin/]: Mixing common.access.entity.AccessFallingBlockEntity from crafttweaker.mixins.json into net.minecraft.world.entity.item.FallingBlockEntity
[10Jan2026 02:46:22.794] [main/DEBUG] [mixin/]: Mixing MixinFallingBlockEntity from architectury.mixins.json into net.minecraft.world.entity.item.FallingBlockEntity
[10Jan2026 02:46:23.038] [main/DEBUG] [mixin/]: Mixing accessor.AbstractContainerMenuAccessor from puzzleslib.common.mixins.json into net.minecraft.world.inventory.AbstractContainerMenu
[10Jan2026 02:46:23.090] [main/DEBUG] [mixin/]: Mixing AbstractArrowMixin from uniquedungeons.mixin.json into net.minecraft.world.entity.projectile.AbstractArrow
[10Jan2026 02:46:23.128] [main/DEBUG] [mixin/]: Mixing accessors.MobAccessor from mixins.artifacts.common.json into net.minecraft.world.entity.Mob
[10Jan2026 02:46:23.128] [main/DEBUG] [mixin/]: Mixing MobMixin from morehitboxes.mixins.json into net.minecraft.world.entity.Mob
[10Jan2026 02:46:23.130] [main/DEBUG] [mixin/]: Mixing MobMixin from tombstone.mixins.json into net.minecraft.world.entity.Mob
[10Jan2026 02:46:23.131] [main/DEBUG] [mixin/]: Renaming synthetic method lambda$methodSetTarget$2(Lnet/minecraft/world/entity/LivingEntity;Ljava/util/UUID;)Ljava/lang/Boolean; to mda58a52$lambda$methodSetTarget$2$0 in tombstone.mixins.json:MobMixin
[10Jan2026 02:46:23.131] [main/DEBUG] [mixin/]: Renaming synthetic method lambda$methodCanBeLeashed$1(Lnet/minecraft/world/entity/player/Player;Ljava/util/UUID;)Ljava/lang/Boolean; to mda58a52$lambda$methodCanBeLeashed$1$1 in tombstone.mixins.json:MobMixin
[10Jan2026 02:46:23.132] [main/DEBUG] [mixin/]: Renaming synthetic method lambda$methodTick$0(Lnet/minecraft/world/entity/Mob;Lovh/corail/tombstone/api/capability/ISpellCaster;)V to mda58a52$lambda$methodTick$0$2 in tombstone.mixins.json:MobMixin
[10Jan2026 02:46:23.137] [main/DEBUG] [mixin/]: Mixing MobMixin from fossil_common.mixins.json into net.minecraft.world.entity.Mob
[10Jan2026 02:46:23.169] [main/DEBUG] [mixin/]: Mixing MonsterMixin from tombstone.mixins.json into net.minecraft.world.entity.monster.Monster
[10Jan2026 02:46:23.219] [main/DEBUG] [net.minecraftforge.coremod.transformer.CoreModBaseTransformer/COREMOD]: Transforming net/minecraft/world/item/ItemStack
[10Jan2026 02:46:23.220] [main/DEBUG] [mixin/]: Mixing ItemStackMixin from uniquedungeons.mixin.json into net.minecraft.world.item.ItemStack
[10Jan2026 02:46:23.225] [main/DEBUG] [net.minecraftforge.coremod.transformer.CoreModBaseTransformer/COREMOD]: Transforming m_7373_ with desc (Lnet/minecraft/world/item/ItemStack;Lnet/minecraft/world/level/Level;Ljava/util/List;Lnet/minecraft/world/item/TooltipFlag;)V
[10Jan2026 02:46:23.236] [main/DEBUG] [mixin/]: Mixing ItemStackMixin from tombstone.mixins.json into net.minecraft.world.item.ItemStack
[10Jan2026 02:46:23.465] [main/DEBUG] [mixin/]: Mixing SmithingMenuMixin from citadel.mixins.json into net.minecraft.world.inventory.SmithingMenu
[10Jan2026 02:46:23.535] [main/DEBUG] [mixin/]: Mixing common.access.entity.AccessLightningBolt from crafttweaker.mixins.json into net.minecraft.world.entity.LightningBolt
[10Jan2026 02:46:23.535] [main/DEBUG] [mixin/]: Mixing MixinLightningBolt from architectury-common.mixins.json into net.minecraft.world.entity.LightningBolt
[10Jan2026 02:46:23.566] [main/DEBUG] [net.minecraftforge.coremod.transformer.CoreModBaseTransformer/COREMOD]: Transforming net/minecraft/world/entity/animal/frog/Tadpole
[10Jan2026 02:46:23.582] [main/DEBUG] [mixin/]: Mixing AbstractFishMixin from fossil_common.mixins.json into net.minecraft.world.entity.animal.AbstractFish
[10Jan2026 02:46:23.597] [main/DEBUG] [mixin/]: Mixing accessor.BlockItemAccessor from puzzleslib.common.mixins.json into net.minecraft.world.item.BlockItem
[10Jan2026 02:46:23.604] [main/DEBUG] [mixin/]: Mixing boat.BoatItemMixin from securitycraft.mixins.json into net.minecraft.world.item.BoatItem
[10Jan2026 02:46:23.613] [main/DEBUG] [mixin/]: Mixing reinforced.SwordAndShearsItemMixin from securitycraft.mixins.json into net.minecraft.world.item.SwordItem
[10Jan2026 02:46:23.623] [main/DEBUG] [net.minecraftforge.coremod.transformer.CoreModBaseTransformer/COREMOD]: Transforming net/minecraft/world/item/BucketItem
[10Jan2026 02:46:23.623] [main/DEBUG] [mixin/]: Mixing inject.MixinBucketItem from architectury-common.mixins.json into net.minecraft.world.item.BucketItem
[10Jan2026 02:46:23.630] [main/DEBUG] [mixin/]: Mixing BundleItemMixin from tombstone.mixins.json into net.minecraft.world.item.BundleItem
[10Jan2026 02:46:23.630] [main/DEBUG] [mixin/]: Renaming synthetic method lambda$getEnchantmentLevel$0(Lnet/minecraft/world/item/ItemStack;Lovh/corail/tombstone/api/capability/ISoulConsumer;)Ljava/lang/Boolean; to mda58a52$lambda$getEnchantmentLevel$0$0 in tombstone.mixins.json:BundleItemMixin
[10Jan2026 02:46:23.633] [main/DEBUG] [mixin/]: Mixing item.wearable.anglershat.FishingRodItemMixin from mixins.artifacts.common.json into net.minecraft.world.item.FishingRodItem
[10Jan2026 02:46:23.638] [main/DEBUG] [mixin/]: Mixing BoneMealItemMixin from collective_forge.mixins.json into net.minecraft.world.item.BoneMealItem
[10Jan2026 02:46:23.642] [main/DEBUG] [net.minecraftforge.coremod.transformer.CoreModBaseTransformer/COREMOD]: Transforming m_7373_ with desc (Lnet/minecraft/world/item/ItemStack;Lnet/minecraft/world/level/Level;Ljava/util/List;Lnet/minecraft/world/item/TooltipFlag;)V
[10Jan2026 02:46:23.645] [main/DEBUG] [mixin/]: Mixing MixinShearsItem from curios.mixins.json into net.minecraft.world.item.ShearsItem
[10Jan2026 02:46:23.645] [main/DEBUG] [mixin/]: Mixing reinforced.SwordAndShearsItemMixin from securitycraft.mixins.json into net.minecraft.world.item.ShearsItem
[10Jan2026 02:46:23.649] [main/DEBUG] [mixin/]: Mixing PotionItemMixin from tombstone.mixins.json into net.minecraft.world.item.PotionItem
[10Jan2026 02:46:23.650] [main/DEBUG] [mixin/]: Renaming synthetic method lambda$methodFinishUsingItemReturn$1(Lnet/minecraft/world/entity/LivingEntity;Lovh/corail/tombstone/capability/ITBCapability;)V to mda58a52$lambda$methodFinishUsingItemReturn$1$0 in tombstone.mixins.json:PotionItemMixin
[10Jan2026 02:46:23.650] [main/DEBUG] [mixin/]: Renaming synthetic method lambda$effectList$0(Lnet/minecraft/world/effect/MobEffectInstance;)Ljava/lang/Integer; to mda58a52$lambda$effectList$0$1 in tombstone.mixins.json:PotionItemMixin
[10Jan2026 02:46:23.661] [main/DEBUG] [mixin/]: Mixing reinforced.WritableAndWrittenBookItemMixin from securitycraft.mixins.json into net.minecraft.world.item.WritableBookItem
[10Jan2026 02:46:23.667] [main/DEBUG] [net.minecraftforge.coremod.transformer.CoreModBaseTransformer/COREMOD]: Transforming m_7626_ with desc (Lnet/minecraft/world/item/ItemStack;)Lnet/minecraft/network/chat/Component;
[10Jan2026 02:46:23.667] [main/DEBUG] [mixin/]: Mixing reinforced.WritableAndWrittenBookItemMixin from securitycraft.mixins.json into net.minecraft.world.item.WrittenBookItem
[10Jan2026 02:46:23.688] [main/DEBUG] [mixin/]: Mixing suspiciousmines.BrushItemMixin from securitycraft.mixins.json into net.minecraft.world.item.BrushItem
[10Jan2026 02:46:23.689] [main/DEBUG] [mixin/]: Renaming synthetic method lambda$securitycraft$checkForSuspiciousMine$1(Lnet/minecraft/world/entity/player/Player;)V to mda58a52$lambda$securitycraft$checkForSuspiciousMine$1$0 in securitycraft.mixins.json:suspiciousmines.BrushItemMixin
[10Jan2026 02:46:23.689] [main/DEBUG] [mixin/]: Renaming synthetic method lambda$securitycraft$makeSuspiciousMinesBrushablePartTwo$0(Lnet/minecraft/world/entity/Entity;)Z to mda58a52$lambda$securitycraft$makeSuspiciousMinesBrushablePartTwo$0$1 in securitycraft.mixins.json:suspiciousmines.BrushItemMixin
[10Jan2026 02:46:23.708] [main/DEBUG] [mixin/]: Mixing inject.MixinItemProperties from architectury-common.mixins.json into net.minecraft.world.item.Item$Properties
[10Jan2026 02:46:23.781] [main/DEBUG] [mixin/]: Mixing ServerPlayerMixin from uniquedungeons.mixin.json into net.minecraft.server.level.ServerPlayer
[10Jan2026 02:46:23.781] [main/DEBUG] [mixin/]: Mixing MixinServerPlayer from xaeroworldmap.mixins.json into net.minecraft.server.level.ServerPlayer
[10Jan2026 02:46:23.784] [main/DEBUG] [mixin/]: Mixing MixinServerPlayer from xaerohud.mixins.json into net.minecraft.server.level.ServerPlayer
[10Jan2026 02:46:23.785] [main/DEBUG] [mixin/]: Mixing ServerPlayerMixin from playerrevive.mixins.json into net.minecraft.server.level.ServerPlayer
[10Jan2026 02:46:23.785] [main/DEBUG] [mixin/]: Mixing ServerPlayerMixin from tombstone.mixins.json into net.minecraft.server.level.ServerPlayer
[10Jan2026 02:46:23.785] [main/DEBUG] [mixin/]: Renaming synthetic method lambda$static$0()Ljava/lang/Boolean; to mda58a52$lambda$static$0$0 in tombstone.mixins.json:ServerPlayerMixin
[10Jan2026 02:46:23.790] [main/DEBUG] [mixin/]: Mixing camera.ServerPlayerMixin from securitycraft.mixins.json into net.minecraft.server.level.ServerPlayer
[10Jan2026 02:46:23.833] [main/DEBUG] [net.minecraftforge.coremod.transformer.CoreModBaseTransformer/COREMOD]: Transforming m_7088_ with desc ()Z
[10Jan2026 02:46:23.848] [main/DEBUG] [mixin/]: Mixing perf.dynamic_dfu.EntityTypeBuilderMixin from modernfix-common.mixins.json into net.minecraft.world.entity.EntityType$Builder
[10Jan2026 02:46:23.862] [main/DEBUG] [mixin/]: Mixing EntityHitResultMixin from morehitboxes.mixins.json into net.minecraft.world.phys.EntityHitResult
[10Jan2026 02:46:23.871] [main/DEBUG] [mixin/]: Mixing ExperienceOrbAccess from clumps.mixins.json into net.minecraft.world.entity.ExperienceOrb
[10Jan2026 02:46:23.871] [main/DEBUG] [mixin/]: Mixing MixinExperienceOrb from clumps.mixins.json into net.minecraft.world.entity.ExperienceOrb
[10Jan2026 02:46:23.872] [main/DEBUG] [mixin/]: Renaming synthetic method lambda$clumps$resolve$7(Ljava/util/Map$Entry;)Ljava/lang/Integer; to mda58a52$lambda$clumps$resolve$7$0 in clumps.mixins.json:MixinExperienceOrb
[10Jan2026 02:46:23.873] [main/DEBUG] [mixin/]: Renaming synthetic method lambda$addAdditionalSaveData$6(Lnet/minecraft/nbt/CompoundTag;Ljava/lang/Integer;Ljava/lang/Integer;)V to mda58a52$lambda$addAdditionalSaveData$6$1 in clumps.mixins.json:MixinExperienceOrb
[10Jan2026 02:46:23.873] [main/DEBUG] [mixin/]: Renaming synthetic method lambda$tryMergeToExisting$5(Ljava/util/Map;)Ljava/util/stream/Stream; to mda58a52$lambda$tryMergeToExisting$5$2 in clumps.mixins.json:MixinExperienceOrb
[10Jan2026 02:46:23.873] [main/DEBUG] [mixin/]: Renaming synthetic method lambda$tryMergeToExisting$4(IILnet/minecraft/world/entity/ExperienceOrb;)Z to mda58a52$lambda$tryMergeToExisting$4$3 in clumps.mixins.json:MixinExperienceOrb
[10Jan2026 02:46:23.873] [main/DEBUG] [mixin/]: Renaming synthetic method lambda$merge$3(Ljava/util/Map;)Ljava/util/stream/Stream; to mda58a52$lambda$merge$3$4 in clumps.mixins.json:MixinExperienceOrb
[10Jan2026 02:46:23.873] [main/DEBUG] [mixin/]: Renaming synthetic method lambda$clumps$repairPlayerItems$2(ILnet/minecraft/world/entity/player/Player;Lnet/minecraft/world/item/ItemStack;)Ljava/lang/Integer; to mda58a52$lambda$clumps$repairPlayerItems$2$5 in clumps.mixins.json:MixinExperienceOrb
[10Jan2026 02:46:23.873] [main/DEBUG] [mixin/]: Renaming synthetic method lambda$clumps$repairPlayerItems$1(Lnet/minecraft/world/item/ItemStack;Ljava/lang/Integer;)Ljava/lang/Float; to mda58a52$lambda$clumps$repairPlayerItems$1$6 in clumps.mixins.json:MixinExperienceOrb
[10Jan2026 02:46:23.874] [main/DEBUG] [mixin/]: Renaming synthetic method lambda$playerTouch$0(Lnet/minecraft/world/entity/player/Player;Ljava/util/concurrent/atomic/AtomicInteger;Ljava/lang/Integer;Ljava/lang/Integer;)V to mda58a52$lambda$playerTouch$0$7 in clumps.mixins.json:MixinExperienceOrb
[10Jan2026 02:46:23.901] [main/DEBUG] [mixin/]: Mixing perf.ticking_chunk_alloc.BatMixin from modernfix-common.mixins.json into net.minecraft.world.entity.ambient.Bat
[10Jan2026 02:46:23.917] [main/DEBUG] [mixin/]: Mixing HurtByTargetGoalMixin from tombstone.mixins.json into net.minecraft.world.entity.ai.goal.target.HurtByTargetGoal
[10Jan2026 02:46:23.919] [main/DEBUG] [mixin/]: Mixing accessor.TargetGoalAccessor from tombstone.mixins.json into net.minecraft.world.entity.ai.goal.target.TargetGoal
[10Jan2026 02:46:23.928] [main/DEBUG] [mixin/]: Mixing boat.BoatMixin from securitycraft.mixins.json into net.minecraft.world.entity.vehicle.Boat
[10Jan2026 02:46:23.941] [main/DEBUG] [mixin/]: Mixing CatMixin from fossil_common.mixins.json into net.minecraft.world.entity.animal.Cat
[10Jan2026 02:46:23.952] [main/DEBUG] [net.minecraftforge.coremod.transformer.CoreModBaseTransformer/COREMOD]: Transforming net/minecraft/world/entity/monster/Spider
[10Jan2026 02:46:23.983] [main/DEBUG] [mixin/]: Mixing CreeperEntityMixin from graveyard-common.mixins.json into net.minecraft.world.entity.monster.Creeper
[10Jan2026 02:46:23.994] [main/DEBUG] [net.minecraftforge.coremod.transformer.CoreModBaseTransformer/COREMOD]: Transforming net/minecraft/world/entity/monster/Zombie
[10Jan2026 02:46:24.047] [main/DEBUG] [net.minecraftforge.coremod.transformer.CoreModBaseTransformer/COREMOD]: Transforming net/minecraft/world/entity/monster/ZombieVillager
[10Jan2026 02:46:24.085] [main/DEBUG] [mixin/]: Mixing ThrowableProjectileMixin from tombstone.mixins.json into net.minecraft.world.entity.projectile.ThrowableProjectile
[10Jan2026 02:46:24.103] [main/DEBUG] [net.minecraftforge.coremod.transformer.CoreModBaseTransformer/COREMOD]: Transforming net/minecraft/world/entity/monster/Evoker$EvokerSummonSpellGoal
[10Jan2026 02:46:24.132] [main/DEBUG] [net.minecraftforge.coremod.transformer.CoreModBaseTransformer/COREMOD]: Transforming m_218868_ with desc ()Ljava/util/OptionalInt;
[10Jan2026 02:46:24.163] [main/DEBUG] [mixin/]: Mixing OcelotMixin from fossil_common.mixins.json into net.minecraft.world.entity.animal.Ocelot
[10Jan2026 02:46:24.204] [main/DEBUG] [net.minecraftforge.coremod.transformer.CoreModBaseTransformer/COREMOD]: Transforming net/minecraft/world/entity/animal/horse/SkeletonTrapGoal
[10Jan2026 02:46:24.224] [main/DEBUG] [net.minecraftforge.coremod.transformer.CoreModBaseTransformer/COREMOD]: Transforming net/minecraft/world/entity/monster/Strider
[10Jan2026 02:46:24.280] [main/DEBUG] [mixin/]: Mixing SyncedEntityDataMixin from fossil_common.mixins.json into net.minecraft.network.syncher.SynchedEntityData
[10Jan2026 02:46:24.303] [main/DEBUG] [mixin/]: Mixing perf.ticking_chunk_alloc.ChunkAccessMixin from modernfix-common.mixins.json into net.minecraft.world.level.chunk.ChunkAccess
[10Jan2026 02:46:24.321] [main/DEBUG] [net.minecraftforge.coremod.transformer.CoreModBaseTransformer/COREMOD]: Transforming net/minecraft/world/entity/npc/Villager
[10Jan2026 02:46:24.397] [main/DEBUG] [mixin/]: Mixing VillagerEntityMixin from graveyard-common.mixins.json into net.minecraft.world.entity.npc.Villager
[10Jan2026 02:46:24.399] [main/DEBUG] [mixin/]: Mixing item.wearable.villagerhat.VillagerMixin from mixins.artifacts.common.json into net.minecraft.world.entity.npc.Villager
[10Jan2026 02:46:24.399] [main/DEBUG] [mixin/]: Mixing accessor.VillagerAccessor from tombstone.mixins.json into net.minecraft.world.entity.npc.Villager
[10Jan2026 02:46:24.416] [main/DEBUG] [mixin/]: Mixing WanderingTraderEntityMixin from graveyard-common.mixins.json into net.minecraft.world.entity.npc.WanderingTrader
[10Jan2026 02:46:24.446] [main/DEBUG] [mixin/]: Mixing perf.faster_ingredients.IngredientMixin from modernfix-forge.mixins.json into net.minecraft.world.item.crafting.Ingredient
[10Jan2026 02:46:24.448] [main/DEBUG] [mixin/]: Renaming synthetic method lambda$computeItemsArray$1(I)[Lnet/minecraft/world/item/ItemStack; to mda58a52$lambda$computeItemsArray$1$0 in modernfix-forge.mixins.json:perf.faster_ingredients.IngredientMixin
[10Jan2026 02:46:24.448] [main/DEBUG] [mixin/]: Renaming synthetic method lambda$modernfix$fasterTagIngredientStacking$0(Lnet/minecraft/core/Holder;)I to mda58a52$lambda$modernfix$fasterTagIngredientStacking$0$1 in modernfix-forge.mixins.json:perf.faster_ingredients.IngredientMixin
[10Jan2026 02:46:24.459] [main/DEBUG] [mixin/]: Mixing common.access.item.AccessIngredient from crafttweaker.mixins.json into net.minecraft.world.item.crafting.Ingredient
[10Jan2026 02:46:24.459] [main/DEBUG] [mixin/]: Renaming @Invoker method crafttweaker$callFromValues(Ljava/util/stream/Stream;)Lnet/minecraft/world/item/crafting/Ingredient; to crafttweaker$callFromValues_$md$a58a52$2 in crafttweaker.mixins.json:common.access.item.AccessIngredient
[10Jan2026 02:46:24.460] [main/DEBUG] [mixin/]: Mixing common.transform.item.MixinIngredient from crafttweaker.mixins.json into net.minecraft.world.item.crafting.Ingredient
[10Jan2026 02:46:24.471] [main/DEBUG] [mixin/]: Mixing inject.MixinFoodPropertiesBuilder from architectury-common.mixins.json into net.minecraft.world.food.FoodProperties$Builder
[10Jan2026 02:46:24.473] [main/DEBUG] [mixin/]: Mixing common.access.food.AccessFoodProperties from crafttweaker.mixins.json into net.minecraft.world.food.FoodProperties
[10Jan2026 02:46:24.473] [main/DEBUG] [mixin/]: Renaming @Invoker method crafttweaker$createFoodProperties(IFZZZLjava/util/List;)Lnet/minecraft/world/food/FoodProperties; to crafttweaker$createFoodProperties_$md$a58a52$0 in crafttweaker.mixins.json:common.access.food.AccessFoodProperties
[10Jan2026 02:46:24.473] [main/DEBUG] [mixin/]: Mixing common.access.food.AccessFoodPropertiesForge from crafttweaker.forge.mixins.json into net.minecraft.world.food.FoodProperties
[10Jan2026 02:46:24.476] [main/DEBUG] [net.minecraftforge.coremod.transformer.CoreModBaseTransformer/COREMOD]: Transforming net/minecraft/world/effect/MobEffectInstance
[10Jan2026 02:46:24.505] [main/DEBUG] [mixin/]: Mixing ServerPlayNetworkHandlerMixin from graveyard-common.mixins.json into net.minecraft.server.network.ServerGamePacketListenerImpl
[10Jan2026 02:46:24.507] [main/DEBUG] [mixin/]: Mixing bugfix.forge_vehicle_packets.ServerGamePacketListenerImplMixin from modernfix-forge.mixins.json into net.minecraft.server.network.ServerGamePacketListenerImpl
[10Jan2026 02:46:24.507] [main/DEBUG] [mixin/]: Mixing item.umbrella.server.ServerGamePacketListenerImplMixin from mixins.artifacts.common.json into net.minecraft.server.network.ServerGamePacketListenerImpl
[10Jan2026 02:46:24.508] [main/DEBUG] [mixin/]: Mixing passcode.ServerGamePacketListenerImplMixin from securitycraft.mixins.json into net.minecraft.server.network.ServerGamePacketListenerImpl
[10Jan2026 02:46:24.508] [main/DEBUG] [mixin/]: Mixing swimming.server.ServerGamePacketListenerImplMixin from expandability-common.mixins.json into net.minecraft.server.network.ServerGamePacketListenerImpl
[10Jan2026 02:46:24.523] [main/DEBUG] [mixin/]: Mixing common.access.brewing.AccessPotionBrewing from crafttweaker.forge.mixins.json into net.minecraft.world.item.alchemy.PotionBrewing
[10Jan2026 02:46:24.523] [main/DEBUG] [mixin/]: Renaming @Accessor method crafttweaker$getPOTION_MIXES()Ljava/util/List; to crafttweaker$getPOTION_MIXES_$md$a58a52$0 in crafttweaker.forge.mixins.json:common.access.brewing.AccessPotionBrewing
[10Jan2026 02:46:24.523] [main/DEBUG] [mixin/]: Renaming @Accessor method crafttweaker$getCONTAINER_MIXES()Ljava/util/List; to crafttweaker$getCONTAINER_MIXES_$md$a58a52$1 in crafttweaker.forge.mixins.json:common.access.brewing.AccessPotionBrewing
[10Jan2026 02:46:24.523] [main/DEBUG] [mixin/]: Renaming @Invoker method crafttweaker$callAddMix(Lnet/minecraft/world/item/alchemy/Potion;Lnet/minecraft/world/item/Item;Lnet/minecraft/world/item/alchemy/Potion;)V to crafttweaker$callAddMix_$md$a58a52$2 in crafttweaker.forge.mixins.json:common.access.brewing.AccessPotionBrewing
[10Jan2026 02:46:24.523] [main/DEBUG] [mixin/]: Mixing accessor.PotionBrewingForgeAccessor from puzzleslib.forge.mixins.json into net.minecraft.world.item.alchemy.PotionBrewing
[10Jan2026 02:46:24.524] [main/DEBUG] [mixin/]: Renaming @Accessor method puzzleslib$getPotionMixes()Ljava/util/List; to puzzleslib$getPotionMixes_$md$a58a52$3 in puzzleslib.forge.mixins.json:accessor.PotionBrewingForgeAccessor
[10Jan2026 02:46:24.524] [main/DEBUG] [mixin/]: Renaming @Accessor method puzzleslib$getContainerMixes()Ljava/util/List; to puzzleslib$getContainerMixes_$md$a58a52$4 in puzzleslib.forge.mixins.json:accessor.PotionBrewingForgeAccessor
[10Jan2026 02:46:24.524] [main/DEBUG] [mixin/]: Renaming @Accessor method puzzleslib$getAllowedContainers()Ljava/util/List; to puzzleslib$getAllowedContainers_$md$a58a52$5 in puzzleslib.forge.mixins.json:accessor.PotionBrewingForgeAccessor
[10Jan2026 02:46:24.575] [main/DEBUG] [mixin/]: Mixing potion.BrewingStandMenuMixin from securitycraft.mixins.json into net.minecraft.world.inventory.BrewingStandMenu
[10Jan2026 02:46:24.597] [main/DEBUG] [mixin/]: Mixing perf.dynamic_structure_manager.StructureManagerMixin from modernfix-common.mixins.json into net.minecraft.world.level.levelgen.structure.templatesystem.StructureTemplateManager
[10Jan2026 02:46:24.598] [main/DEBUG] [mixin/]: Mixing perf.cache_upgraded_structures.StructureManagerMixin from modernfix-common.mixins.json into net.minecraft.world.level.levelgen.structure.templatesystem.StructureTemplateManager
[10Jan2026 02:46:24.604] [main/DEBUG] [mixin/]: Mixing ChunkGeneratorMixin from citadel.mixins.json into net.minecraft.world.level.chunk.ChunkGenerator
[10Jan2026 02:46:24.626] [main/DEBUG] [mixin/]: Mixing MixinInventory from curios.mixins.json into net.minecraft.world.entity.player.Inventory
[10Jan2026 02:46:24.633] [main/DEBUG] [mixin/]: Mixing accessor.SimpleContainerAccessor from puzzleslib.common.mixins.json into net.minecraft.world.SimpleContainer
[10Jan2026 02:46:24.634] [main/DEBUG] [mixin/]: Mixing SlotAccessor from balm.mixins.json into net.minecraft.world.inventory.Slot
[10Jan2026 02:46:24.651] [main/DEBUG] [mixin/]: Mixing accessor.ShapedRecipeAccessor from tombstone.mixins.json into net.minecraft.world.item.crafting.ShapedRecipe
[10Jan2026 02:46:24.717] [main/DEBUG] [mixin/]: Mixing common.access.loot.AccessLootContext from crafttweaker.mixins.json into net.minecraft.world.level.storage.loot.LootContext
[10Jan2026 02:46:24.735] [main/DEBUG] [mixin/]: Mixing MixinApplyBonusCount from curios.mixins.json into net.minecraft.world.level.storage.loot.functions.ApplyBonusCount
[10Jan2026 02:46:24.849] [main/DEBUG] [mixin/]: Mixing TreeFeatureMixin from graveyard-common.mixins.json into net.minecraft.world.level.levelgen.feature.TreeFeature
[10Jan2026 02:46:24.864] [main/DEBUG] [mixin/]: Mixing LakeFeatureMixin from graveyard-common.mixins.json into net.minecraft.world.level.levelgen.feature.LakeFeature
[10Jan2026 02:46:24.866] [main/DEBUG] [net.minecraftforge.coremod.transformer.CoreModBaseTransformer/COREMOD]: Transforming m_226857_ with desc (Lnet/minecraft/world/level/levelgen/structure/pieces/StructurePieceSerializationContext;Lnet/minecraft/nbt/CompoundTag;J)Lnet/minecraft/world/level/levelgen/structure/StructureStart;
[10Jan2026 02:46:24.874] [main/DEBUG] [net.minecraftforge.coremod.transformer.CoreModBaseTransformer/COREMOD]: Transforming net/minecraft/world/level/levelgen/structure/Structure
[10Jan2026 02:46:24.987] [main/DEBUG] [net.minecraftforge.coremod.transformer.CoreModBaseTransformer/COREMOD]: Transforming net/minecraft/world/level/levelgen/structure/Structure
[10Jan2026 02:46:25.032] [main/DEBUG] [net.minecraftforge.coremod.transformer.CoreModBaseTransformer/COREMOD]: Transforming net/minecraft/world/level/levelgen/structure/structures/OceanRuinPieces$OceanRuinPiece
[10Jan2026 02:46:25.042] [main/DEBUG] [net.minecraftforge.coremod.transformer.CoreModBaseTransformer/COREMOD]: Transforming net/minecraft/world/level/levelgen/structure/structures/SwampHutPiece
[10Jan2026 02:46:25.055] [main/DEBUG] [net.minecraftforge.coremod.transformer.CoreModBaseTransformer/COREMOD]: Transforming net/minecraft/world/level/levelgen/structure/structures/OceanMonumentPieces$OceanMonumentPiece
[10Jan2026 02:46:25.073] [main/DEBUG] [net.minecraftforge.coremod.transformer.CoreModBaseTransformer/COREMOD]: Transforming net/minecraft/world/level/levelgen/structure/structures/WoodlandMansionPieces$WoodlandMansionPiece
[10Jan2026 02:46:25.098] [main/DEBUG] [mixin/]: Mixing JigsawStructureMixin from fossil_common.mixins.json into net.minecraft.world.level.levelgen.structure.structures.JigsawStructure
[10Jan2026 02:46:25.102] [main/DEBUG] [mixin/]: Mixing StructureTemplatePoolAccessor from waystones.mixins.json into net.minecraft.world.level.levelgen.structure.pools.StructureTemplatePool
[10Jan2026 02:46:25.167] [main/DEBUG] [mixin/]: Mixing MixinBiomeSource from terrablender.mixins.json into net.minecraft.world.level.biome.BiomeSource
[10Jan2026 02:46:25.167] [main/DEBUG] [mixin/]: Renaming synthetic method lambda$appendDeferredBiomesList$0(Lcom/google/common/collect/ImmutableList;)Ljava/util/Set; to mda58a52$lambda$appendDeferredBiomesList$0$0 in terrablender.mixins.json:MixinBiomeSource
[10Jan2026 02:46:25.174] [main/DEBUG] [net.minecraftforge.coremod.transformer.CoreModBaseTransformer/COREMOD]: Transforming net/minecraft/world/level/biome/Biome
[10Jan2026 02:46:25.174] [main/DEBUG] [mixin/]: Mixing perf.remove_biome_temperature_cache.BiomeMixin from modernfix-common.mixins.json into net.minecraft.world.level.biome.Biome
[10Jan2026 02:46:25.175] [main/WARN] [mixin/]: Static binding violation: PRIVATE @Overwrite method m_47505_ in modernfix-common.mixins.json:perf.remove_biome_temperature_cache.BiomeMixin cannot reduce visibiliy of PUBLIC target method, visibility will be upgraded.
[10Jan2026 02:46:25.204] [main/DEBUG] [mixin/]: Mixing accessor.MobSpawnSettingsBuilderForgeAccessor from puzzleslib.forge.mixins.json into net.minecraft.world.level.biome.MobSpawnSettings$Builder
[10Jan2026 02:46:25.218] [main/DEBUG] [mixin/]: Mixing MixinMultiNoiseBiomeSource from terrablender.mixins.json into net.minecraft.world.level.biome.MultiNoiseBiomeSource
[10Jan2026 02:46:25.220] [main/DEBUG] [mixin/]: Mixing MixinParameterList from terrablender.mixins.json into net.minecraft.world.level.biome.Climate$ParameterList
[10Jan2026 02:46:25.224] [main/DEBUG] [mixin/]: Renaming synthetic method lambda$initializeForTerraBlender$0(Lnet/minecraft/core/Registry;Lcom/google/common/collect/ImmutableList$Builder;Lcom/mojang/datafixers/util/Pair;)V to mda58a52$lambda$initializeForTerraBlender$0$0 in terrablender.mixins.json:MixinParameterList
[10Jan2026 02:46:25.251] [main/DEBUG] [mixin/]: Mixing NoiseGeneratorSettingsMixin from citadel.mixins.json into net.minecraft.world.level.levelgen.NoiseGeneratorSettings
[10Jan2026 02:46:25.253] [main/DEBUG] [mixin/]: Mixing MixinNoiseGeneratorSettings from terrablender.mixins.json into net.minecraft.world.level.levelgen.NoiseGeneratorSettings
[10Jan2026 02:46:25.329] [main/DEBUG] [mixin/]: Mixing SinglePoolElementMixin from waystones.mixins.json into net.minecraft.world.level.levelgen.structure.pools.SinglePoolElement
[10Jan2026 02:46:25.330] [main/DEBUG] [mixin/]: Renaming synthetic method lambda$waystones$isWaystone$1(Lnet/minecraft/world/level/levelgen/structure/templatesystem/StructureTemplate;)V to mda58a52$lambda$waystones$isWaystone$1$0 in waystones.mixins.json:SinglePoolElementMixin
[10Jan2026 02:46:25.330] [main/DEBUG] [mixin/]: Renaming synthetic method lambda$waystones$isWaystone$0(Lnet/minecraft/resources/ResourceLocation;)V to mda58a52$lambda$waystones$isWaystone$0$1 in waystones.mixins.json:SinglePoolElementMixin
[10Jan2026 02:46:25.444] [main/DEBUG] [net.minecraftforge.common.ForgeI18n/CORE]: Loading I18N data entries: 6430
[10Jan2026 02:46:25.458] [main/DEBUG] [net.minecraftforge.fml.ModWorkManager/LOADING]: Using 4 threads for parallel mod-loading
[10Jan2026 02:46:25.464] [main/DEBUG] [net.minecraftforge.fml.javafmlmod.FMLJavaModLanguageProvider/LOADING]: Loading FMLModContainer from classloader cpw.mods.modlauncher.TransformingClassLoader@5a05dd30 - got cpw.mods.cl.ModuleClassLoader@4e628b52
[10Jan2026 02:46:25.465] [main/DEBUG] [net.minecraftforge.fml.javafmlmod.FMLModContainer/LOADING]: Creating FMLModContainer instance for com.becks.uniquedungeons.UniqueDungeons
[10Jan2026 02:46:25.467] [main/DEBUG] [net.minecraftforge.fml.javafmlmod.FMLJavaModLanguageProvider/LOADING]: Loading FMLModContainer from classloader cpw.mods.modlauncher.TransformingClassLoader@5a05dd30 - got cpw.mods.cl.ModuleClassLoader@4e628b52
[10Jan2026 02:46:25.467] [main/DEBUG] [net.minecraftforge.fml.javafmlmod.FMLModContainer/LOADING]: Creating FMLModContainer instance for ht.treechop.TreeChopForge
[10Jan2026 02:46:25.468] [main/DEBUG] [net.minecraftforge.fml.javafmlmod.FMLJavaModLanguageProvider/LOADING]: Loading FMLModContainer from classloader cpw.mods.modlauncher.TransformingClassLoader@5a05dd30 - got cpw.mods.cl.ModuleClassLoader@4e628b52
[10Jan2026 02:46:25.468] [main/DEBUG] [net.minecraftforge.fml.javafmlmod.FMLModContainer/LOADING]: Creating FMLModContainer instance for net.blay09.mods.kuma.forge.ForgeKumaAPI
[10Jan2026 02:46:25.468] [main/DEBUG] [net.minecraftforge.fml.javafmlmod.FMLJavaModLanguageProvider/LOADING]: Loading FMLModContainer from classloader cpw.mods.modlauncher.TransformingClassLoader@5a05dd30 - got cpw.mods.cl.ModuleClassLoader@4e628b52
[10Jan2026 02:46:25.468] [main/DEBUG] [net.minecraftforge.fml.javafmlmod.FMLModContainer/LOADING]: Creating FMLModContainer instance for software.bernie.example.GeckoLibMod
[10Jan2026 02:46:25.468] [main/DEBUG] [net.minecraftforge.fml.javafmlmod.FMLJavaModLanguageProvider/LOADING]: Loading FMLModContainer from classloader cpw.mods.modlauncher.TransformingClassLoader@5a05dd30 - got cpw.mods.cl.ModuleClassLoader@4e628b52
[10Jan2026 02:46:25.469] [main/DEBUG] [net.minecraftforge.fml.javafmlmod.FMLModContainer/LOADING]: Creating FMLModContainer instance for mezz.jei.forge.JustEnoughItems
[10Jan2026 02:46:25.469] [main/DEBUG] [net.minecraftforge.fml.javafmlmod.FMLJavaModLanguageProvider/LOADING]: Loading FMLModContainer from classloader cpw.mods.modlauncher.TransformingClassLoader@5a05dd30 - got cpw.mods.cl.ModuleClassLoader@4e628b52
[10Jan2026 02:46:25.469] [main/DEBUG] [net.minecraftforge.fml.javafmlmod.FMLModContainer/LOADING]: Creating FMLModContainer instance for com.lion.graveyard.forge.GraveyardForge
[10Jan2026 02:46:25.470] [main/DEBUG] [net.minecraftforge.fml.javafmlmod.FMLJavaModLanguageProvider/LOADING]: Loading FMLModContainer from classloader cpw.mods.modlauncher.TransformingClassLoader@5a05dd30 - got cpw.mods.cl.ModuleClassLoader@4e628b52
[10Jan2026 02:46:25.470] [main/DEBUG] [net.minecraftforge.fml.javafmlmod.FMLModContainer/LOADING]: Creating FMLModContainer instance for uppers.Uppers
[10Jan2026 02:46:25.470] [main/DEBUG] [net.minecraftforge.fml.javafmlmod.FMLJavaModLanguageProvider/LOADING]: Loading FMLModContainer from classloader cpw.mods.modlauncher.TransformingClassLoader@5a05dd30 - got cpw.mods.cl.ModuleClassLoader@4e628b52
[10Jan2026 02:46:25.470] [main/DEBUG] [net.minecraftforge.fml.javafmlmod.FMLModContainer/LOADING]: Creating FMLModContainer instance for de.maxhenkel.reap.Main
[10Jan2026 02:46:25.471] [main/DEBUG] [net.minecraftforge.fml.javafmlmod.FMLJavaModLanguageProvider/LOADING]: Loading FMLModContainer from classloader cpw.mods.modlauncher.TransformingClassLoader@5a05dd30 - got cpw.mods.cl.ModuleClassLoader@4e628b52
[10Jan2026 02:46:25.471] [main/DEBUG] [net.minecraftforge.fml.javafmlmod.FMLModContainer/LOADING]: Creating FMLModContainer instance for net.blay09.mods.waystones.ForgeWaystones
[10Jan2026 02:46:25.471] [main/DEBUG] [net.minecraftforge.fml.javafmlmod.FMLJavaModLanguageProvider/LOADING]: Loading FMLModContainer from classloader cpw.mods.modlauncher.TransformingClassLoader@5a05dd30 - got cpw.mods.cl.ModuleClassLoader@4e628b52
[10Jan2026 02:46:25.471] [main/DEBUG] [net.minecraftforge.fml.javafmlmod.FMLModContainer/LOADING]: Creating FMLModContainer instance for com.blamejared.clumps.Clumps
[10Jan2026 02:46:25.471] [main/DEBUG] [net.minecraftforge.fml.javafmlmod.FMLJavaModLanguageProvider/LOADING]: Loading FMLModContainer from classloader cpw.mods.modlauncher.TransformingClassLoader@5a05dd30 - got cpw.mods.cl.ModuleClassLoader@4e628b52
[10Jan2026 02:46:25.471] [main/DEBUG] [net.minecraftforge.fml.javafmlmod.FMLModContainer/LOADING]: Creating FMLModContainer instance for xaero.map.WorldMapForge
[10Jan2026 02:46:25.472] [main/DEBUG] [net.minecraftforge.fml.javafmlmod.FMLJavaModLanguageProvider/LOADING]: Loading FMLModContainer from classloader cpw.mods.modlauncher.TransformingClassLoader@5a05dd30 - got cpw.mods.cl.ModuleClassLoader@4e628b52
[10Jan2026 02:46:25.472] [main/DEBUG] [net.minecraftforge.fml.javafmlmod.FMLModContainer/LOADING]: Creating FMLModContainer instance for org.embeddedt.modernfix.forge.init.ModernFixForge
[10Jan2026 02:46:25.473] [main/DEBUG] [net.minecraftforge.fml.javafmlmod.FMLJavaModLanguageProvider/LOADING]: Loading FMLModContainer from classloader cpw.mods.modlauncher.TransformingClassLoader@5a05dd30 - got cpw.mods.cl.ModuleClassLoader@4e628b52
[10Jan2026 02:46:25.473] [main/DEBUG] [net.minecraftforge.fml.javafmlmod.FMLModContainer/LOADING]: Creating FMLModContainer instance for com.github.alexthe666.citadel.Citadel
[10Jan2026 02:46:25.474] [main/DEBUG] [net.minecraftforge.fml.javafmlmod.FMLJavaModLanguageProvider/LOADING]: Loading FMLModContainer from classloader cpw.mods.modlauncher.TransformingClassLoader@5a05dd30 - got cpw.mods.cl.ModuleClassLoader@4e628b52
[10Jan2026 02:46:25.474] [main/DEBUG] [net.minecraftforge.fml.javafmlmod.FMLModContainer/LOADING]: Creating FMLModContainer instance for com.github.alexthe666.alexsmobs.AlexsMobs
[10Jan2026 02:46:25.475] [main/DEBUG] [net.minecraftforge.fml.javafmlmod.FMLJavaModLanguageProvider/LOADING]: Loading FMLModContainer from classloader cpw.mods.modlauncher.TransformingClassLoader@5a05dd30 - got cpw.mods.cl.ModuleClassLoader@4e628b52
[10Jan2026 02:46:25.475] [main/DEBUG] [net.minecraftforge.fml.javafmlmod.FMLModContainer/LOADING]: Creating FMLModContainer instance for com.tiviacz.travelersbackpack.TravelersBackpack
[10Jan2026 02:46:25.476] [main/DEBUG] [net.minecraftforge.fml.javafmlmod.FMLJavaModLanguageProvider/LOADING]: Loading FMLModContainer from classloader cpw.mods.modlauncher.TransformingClassLoader@5a05dd30 - got cpw.mods.cl.ModuleClassLoader@4e628b52
[10Jan2026 02:46:25.476] [main/DEBUG] [net.minecraftforge.fml.javafmlmod.FMLModContainer/LOADING]: Creating FMLModContainer instance for artifacts.forge.ArtifactsForge
[10Jan2026 02:46:25.477] [main/DEBUG] [net.minecraftforge.fml.javafmlmod.FMLJavaModLanguageProvider/LOADING]: Loading FMLModContainer from classloader cpw.mods.modlauncher.TransformingClassLoader@5a05dd30 - got cpw.mods.cl.ModuleClassLoader@4e628b52
[10Jan2026 02:46:25.477] [main/DEBUG] [net.minecraftforge.fml.javafmlmod.FMLModContainer/LOADING]: Creating FMLModContainer instance for com.llamalad7.mixinextras.platform.forge.MixinExtrasMod
[10Jan2026 02:46:25.478] [main/DEBUG] [net.minecraftforge.fml.javafmlmod.FMLJavaModLanguageProvider/LOADING]: Loading FMLModContainer from classloader cpw.mods.modlauncher.TransformingClassLoader@5a05dd30 - got cpw.mods.cl.ModuleClassLoader@4e628b52
[10Jan2026 02:46:25.478] [main/DEBUG] [net.minecraftforge.fml.javafmlmod.FMLModContainer/LOADING]: Creating FMLModContainer instance for com.natamus.beautifiedchatserver.ModForge
[10Jan2026 02:46:25.478] [main/DEBUG] [net.minecraftforge.fml.javafmlmod.FMLJavaModLanguageProvider/LOADING]: Loading FMLModContainer from classloader cpw.mods.modlauncher.TransformingClassLoader@5a05dd30 - got cpw.mods.cl.ModuleClassLoader@4e628b52
[10Jan2026 02:46:25.478] [main/DEBUG] [net.minecraftforge.fml.javafmlmod.FMLModContainer/LOADING]: Creating FMLModContainer instance for fuzs.pickupnotifier.PickUpNotifierForge
[10Jan2026 02:46:25.478] [main/DEBUG] [net.minecraftforge.fml.javafmlmod.FMLJavaModLanguageProvider/LOADING]: Loading FMLModContainer from classloader cpw.mods.modlauncher.TransformingClassLoader@5a05dd30 - got cpw.mods.cl.ModuleClassLoader@4e628b52
[10Jan2026 02:46:25.478] [main/DEBUG] [net.minecraftforge.fml.javafmlmod.FMLModContainer/LOADING]: Creating FMLModContainer instance for com.github.darkpred.morehitboxes.ForgeMoreHitboxesMod
[10Jan2026 02:46:25.479] [main/DEBUG] [net.minecraftforge.fml.javafmlmod.FMLJavaModLanguageProvider/LOADING]: Loading FMLModContainer from classloader cpw.mods.modlauncher.TransformingClassLoader@5a05dd30 - got cpw.mods.cl.ModuleClassLoader@4e628b52
[10Jan2026 02:46:25.479] [main/DEBUG] [net.minecraftforge.fml.javafmlmod.FMLModContainer/LOADING]: Creating FMLModContainer instance for net.blay09.mods.balm.forge.ForgeBalm
[10Jan2026 02:46:25.479] [main/DEBUG] [net.minecraftforge.fml.javafmlmod.FMLJavaModLanguageProvider/LOADING]: Loading FMLModContainer from classloader cpw.mods.modlauncher.TransformingClassLoader@5a05dd30 - got cpw.mods.cl.ModuleClassLoader@4e628b52
[10Jan2026 02:46:25.479] [main/DEBUG] [net.minecraftforge.fml.javafmlmod.FMLModContainer/LOADING]: Creating FMLModContainer instance for com.becks.interaction_boxes.InteractionBoxes
[10Jan2026 02:46:25.480] [main/DEBUG] [net.minecraftforge.fml.javafmlmod.FMLJavaModLanguageProvider/LOADING]: Loading FMLModContainer from classloader cpw.mods.modlauncher.TransformingClassLoader@5a05dd30 - got cpw.mods.cl.ModuleClassLoader@4e628b52
[10Jan2026 02:46:25.480] [main/DEBUG] [net.minecraftforge.fml.javafmlmod.FMLModContainer/LOADING]: Creating FMLModContainer instance for com.blamejared.crafttweaker.CraftTweakerForge
[10Jan2026 02:46:25.480] [main/DEBUG] [net.minecraftforge.fml.javafmlmod.FMLJavaModLanguageProvider/LOADING]: Loading FMLModContainer from classloader cpw.mods.modlauncher.TransformingClassLoader@5a05dd30 - got cpw.mods.cl.ModuleClassLoader@4e628b52
[10Jan2026 02:46:25.480] [main/DEBUG] [net.minecraftforge.fml.javafmlmod.FMLModContainer/LOADING]: Creating FMLModContainer instance for fuzs.puzzlesaccessapi.forge.PuzzlesAccessApiForge
[10Jan2026 02:46:25.481] [main/DEBUG] [net.minecraftforge.fml.javafmlmod.FMLJavaModLanguageProvider/LOADING]: Loading FMLModContainer from classloader cpw.mods.modlauncher.TransformingClassLoader@5a05dd30 - got cpw.mods.cl.ModuleClassLoader@4e628b52
[10Jan2026 02:46:25.481] [main/DEBUG] [net.minecraftforge.fml.javafmlmod.FMLModContainer/LOADING]: Creating FMLModContainer instance for me.shedaniel.clothconfig.ClothConfigForge
[10Jan2026 02:46:25.481] [main/DEBUG] [net.minecraftforge.fml.javafmlmod.FMLJavaModLanguageProvider/LOADING]: Loading FMLModContainer from classloader cpw.mods.modlauncher.TransformingClassLoader@5a05dd30 - got cpw.mods.cl.ModuleClassLoader@4e628b52
[10Jan2026 02:46:25.481] [main/DEBUG] [net.minecraftforge.fml.javafmlmod.FMLModContainer/LOADING]: Creating FMLModContainer instance for net.minecraftforge.common.ForgeMod
[10Jan2026 02:46:25.483] [main/DEBUG] [net.minecraftforge.fml.javafmlmod.FMLJavaModLanguageProvider/LOADING]: Loading FMLModContainer from classloader cpw.mods.modlauncher.TransformingClassLoader@5a05dd30 - got cpw.mods.cl.ModuleClassLoader@4e628b52
[10Jan2026 02:46:25.483] [main/DEBUG] [net.minecraftforge.fml.javafmlmod.FMLModContainer/LOADING]: Creating FMLModContainer instance for twilightforest.TwilightForestMod
[10Jan2026 02:46:25.484] [main/DEBUG] [net.minecraftforge.fml.javafmlmod.FMLJavaModLanguageProvider/LOADING]: Loading FMLModContainer from classloader cpw.mods.modlauncher.TransformingClassLoader@5a05dd30 - got cpw.mods.cl.ModuleClassLoader@4e628b52
[10Jan2026 02:46:25.485] [main/DEBUG] [net.minecraftforge.fml.javafmlmod.FMLModContainer/LOADING]: Creating FMLModContainer instance for org.tlauncher.forge.ForgeMod
[10Jan2026 02:46:25.485] [main/DEBUG] [net.minecraftforge.fml.javafmlmod.FMLJavaModLanguageProvider/LOADING]: Loading FMLModContainer from classloader cpw.mods.modlauncher.TransformingClassLoader@5a05dd30 - got cpw.mods.cl.ModuleClassLoader@4e628b52
[10Jan2026 02:46:25.485] [main/DEBUG] [net.minecraftforge.fml.javafmlmod.FMLModContainer/LOADING]: Creating FMLModContainer instance for me.jellysquid.mods.sodium.client.SodiumClientMod
[10Jan2026 02:46:25.486] [main/DEBUG] [net.minecraftforge.fml.javafmlmod.FMLJavaModLanguageProvider/LOADING]: Loading FMLModContainer from classloader cpw.mods.modlauncher.TransformingClassLoader@5a05dd30 - got cpw.mods.cl.ModuleClassLoader@4e628b52
[10Jan2026 02:46:25.486] [main/DEBUG] [net.minecraftforge.fml.javafmlmod.FMLModContainer/LOADING]: Creating FMLModContainer instance for me.jellysquid.mods.sodium.client.RubidiumStub
[10Jan2026 02:46:25.486] [main/DEBUG] [net.minecraftforge.fml.javafmlmod.FMLJavaModLanguageProvider/LOADING]: Loading FMLModContainer from classloader cpw.mods.modlauncher.TransformingClassLoader@5a05dd30 - got cpw.mods.cl.ModuleClassLoader@4e628b52
[10Jan2026 02:46:25.486] [main/DEBUG] [net.minecraftforge.fml.javafmlmod.FMLModContainer/LOADING]: Creating FMLModContainer instance for com.vladmarica.betterpingdisplay.BetterPingDisplayMod
[10Jan2026 02:46:25.487] [main/DEBUG] [net.minecraftforge.fml.javafmlmod.FMLJavaModLanguageProvider/LOADING]: Loading FMLModContainer from classloader cpw.mods.modlauncher.TransformingClassLoader@5a05dd30 - got cpw.mods.cl.ModuleClassLoader@4e628b52
[10Jan2026 02:46:25.487] [main/DEBUG] [net.minecraftforge.fml.javafmlmod.FMLModContainer/LOADING]: Creating FMLModContainer instance for slimeknights.tconstruct.TConstruct
[10Jan2026 02:46:25.488] [main/DEBUG] [net.minecraftforge.fml.javafmlmod.FMLJavaModLanguageProvider/LOADING]: Loading FMLModContainer from classloader cpw.mods.modlauncher.TransformingClassLoader@5a05dd30 - got cpw.mods.cl.ModuleClassLoader@4e628b52
[10Jan2026 02:46:25.488] [main/DEBUG] [net.minecraftforge.fml.javafmlmod.FMLModContainer/LOADING]: Creating FMLModContainer instance for com.crimsoncrips.borninconfiguration.BornInConfiguration
[10Jan2026 02:46:25.488] [main/DEBUG] [net.minecraftforge.fml.javafmlmod.FMLJavaModLanguageProvider/LOADING]: Loading FMLModContainer from classloader cpw.mods.modlauncher.TransformingClassLoader@5a05dd30 - got cpw.mods.cl.ModuleClassLoader@4e628b52
[10Jan2026 02:46:25.488] [main/DEBUG] [net.minecraftforge.fml.javafmlmod.FMLModContainer/LOADING]: Creating FMLModContainer instance for terrablender.core.TerraBlenderForge
[10Jan2026 02:46:25.489] [main/DEBUG] [net.minecraftforge.fml.javafmlmod.FMLJavaModLanguageProvider/LOADING]: Loading FMLModContainer from classloader cpw.mods.modlauncher.TransformingClassLoader@5a05dd30 - got cpw.mods.cl.ModuleClassLoader@4e628b52
[10Jan2026 02:46:25.489] [main/DEBUG] [net.minecraftforge.fml.javafmlmod.FMLModContainer/LOADING]: Creating FMLModContainer instance for yalter.mousetweaks.forge.MouseTweaksForge
[10Jan2026 02:46:25.489] [main/DEBUG] [net.minecraftforge.fml.javafmlmod.FMLJavaModLanguageProvider/LOADING]: Loading FMLModContainer from classloader cpw.mods.modlauncher.TransformingClassLoader@5a05dd30 - got cpw.mods.cl.ModuleClassLoader@4e628b52
[10Jan2026 02:46:25.489] [main/DEBUG] [net.minecraftforge.fml.javafmlmod.FMLModContainer/LOADING]: Creating FMLModContainer instance for snownee.jade.util.CommonProxy
[10Jan2026 02:46:25.491] [main/DEBUG] [net.minecraftforge.fml.javafmlmod.FMLJavaModLanguageProvider/LOADING]: Loading FMLModContainer from classloader cpw.mods.modlauncher.TransformingClassLoader@5a05dd30 - got cpw.mods.cl.ModuleClassLoader@4e628b52
[10Jan2026 02:46:25.491] [main/DEBUG] [net.minecraftforge.fml.javafmlmod.FMLModContainer/LOADING]: Creating FMLModContainer instance for com.becks.tbsfbsp.TBSfBSP
[10Jan2026 02:46:25.491] [main/DEBUG] [net.minecraftforge.fml.javafmlmod.FMLJavaModLanguageProvider/LOADING]: Loading FMLModContainer from classloader cpw.mods.modlauncher.TransformingClassLoader@5a05dd30 - got cpw.mods.cl.ModuleClassLoader@4e628b52
[10Jan2026 02:46:25.491] [main/DEBUG] [net.minecraftforge.fml.javafmlmod.FMLModContainer/LOADING]: Creating FMLModContainer instance for team.creative.creativecore.CreativeCore
[10Jan2026 02:46:25.492] [main/DEBUG] [net.minecraftforge.fml.javafmlmod.FMLJavaModLanguageProvider/LOADING]: Loading FMLModContainer from classloader cpw.mods.modlauncher.TransformingClassLoader@5a05dd30 - got cpw.mods.cl.ModuleClassLoader@4e628b52
[10Jan2026 02:46:25.492] [main/DEBUG] [net.minecraftforge.fml.javafmlmod.FMLModContainer/LOADING]: Creating FMLModContainer instance for org.popcraft.chunky.ChunkyForge
[10Jan2026 02:46:25.493] [main/DEBUG] [net.minecraftforge.fml.javafmlmod.FMLJavaModLanguageProvider/LOADING]: Loading FMLModContainer from classloader cpw.mods.modlauncher.TransformingClassLoader@5a05dd30 - got cpw.mods.cl.ModuleClassLoader@4e628b52
[10Jan2026 02:46:25.493] [main/DEBUG] [net.minecraftforge.fml.javafmlmod.FMLModContainer/LOADING]: Creating FMLModContainer instance for net.mcreator.borninchaosv.BornInChaosV1Mod
[10Jan2026 02:46:25.494] [main/DEBUG] [net.minecraftforge.fml.javafmlmod.FMLJavaModLanguageProvider/LOADING]: Loading FMLModContainer from classloader cpw.mods.modlauncher.TransformingClassLoader@5a05dd30 - got cpw.mods.cl.ModuleClassLoader@4e628b52
[10Jan2026 02:46:25.494] [main/DEBUG] [net.minecraftforge.fml.javafmlmod.FMLModContainer/LOADING]: Creating FMLModContainer instance for me.lucko.spark.forge.ForgeSparkMod
[10Jan2026 02:46:25.496] [main/DEBUG] [thedarkcolour.kotlinforforge.LoggerKt/LOADING]: Loading KotlinModContainer from classloader cpw.mods.modlauncher.TransformingClassLoader@5a05dd30 - got cpw.mods.cl.ModuleClassLoader@4e628b52}
[10Jan2026 02:46:25.496] [main/DEBUG] [thedarkcolour.kotlinforforge.LoggerKt/LOADING]: Creating KotlinModContainer instance for thedarkcolour.kotlinforforge.test.KotlinForForge
[10Jan2026 02:46:25.497] [main/DEBUG] [net.minecraftforge.fml.javafmlmod.FMLJavaModLanguageProvider/LOADING]: Loading FMLModContainer from classloader cpw.mods.modlauncher.TransformingClassLoader@5a05dd30 - got cpw.mods.cl.ModuleClassLoader@4e628b52
[10Jan2026 02:46:25.498] [main/DEBUG] [net.minecraftforge.fml.javafmlmod.FMLModContainer/LOADING]: Creating FMLModContainer instance for top.theillusivec4.curios.Curios
[10Jan2026 02:46:25.498] [main/DEBUG] [net.minecraftforge.fml.javafmlmod.FMLJavaModLanguageProvider/LOADING]: Loading FMLModContainer from classloader cpw.mods.modlauncher.TransformingClassLoader@5a05dd30 - got cpw.mods.cl.ModuleClassLoader@4e628b52
[10Jan2026 02:46:25.498] [main/DEBUG] [net.minecraftforge.fml.javafmlmod.FMLModContainer/LOADING]: Creating FMLModContainer instance for slimeknights.mantle.Mantle
[10Jan2026 02:46:25.499] [main/DEBUG] [net.minecraftforge.fml.javafmlmod.FMLJavaModLanguageProvider/LOADING]: Loading FMLModContainer from classloader cpw.mods.modlauncher.TransformingClassLoader@5a05dd30 - got cpw.mods.cl.ModuleClassLoader@4e628b52
[10Jan2026 02:46:25.499] [main/DEBUG] [net.minecraftforge.fml.javafmlmod.FMLModContainer/LOADING]: Creating FMLModContainer instance for xaero.minimap.XaeroMinimapForge
[10Jan2026 02:46:25.501] [main/DEBUG] [net.minecraftforge.fml.javafmlmod.FMLJavaModLanguageProvider/LOADING]: Loading FMLModContainer from classloader cpw.mods.modlauncher.TransformingClassLoader@5a05dd30 - got cpw.mods.cl.ModuleClassLoader@4e628b52
[10Jan2026 02:46:25.501] [main/DEBUG] [net.minecraftforge.fml.javafmlmod.FMLModContainer/LOADING]: Creating FMLModContainer instance for com.natamus.collective.CollectiveForge
[10Jan2026 02:46:25.501] [main/DEBUG] [net.minecraftforge.fml.javafmlmod.FMLJavaModLanguageProvider/LOADING]: Loading FMLModContainer from classloader cpw.mods.modlauncher.TransformingClassLoader@5a05dd30 - got cpw.mods.cl.ModuleClassLoader@4e628b52
[10Jan2026 02:46:25.501] [main/DEBUG] [net.minecraftforge.fml.javafmlmod.FMLModContainer/LOADING]: Creating FMLModContainer instance for net.geforcemods.securitycraft.SecurityCraft
[10Jan2026 02:46:25.502] [main/DEBUG] [net.minecraftforge.fml.javafmlmod.FMLJavaModLanguageProvider/LOADING]: Loading FMLModContainer from classloader cpw.mods.modlauncher.TransformingClassLoader@5a05dd30 - got cpw.mods.cl.ModuleClassLoader@4e628b52
[10Jan2026 02:46:25.502] [main/DEBUG] [net.minecraftforge.fml.javafmlmod.FMLModContainer/LOADING]: Creating FMLModContainer instance for ovh.corail.tombstone.ModTombstone
[10Jan2026 02:46:25.503] [main/DEBUG] [net.minecraftforge.fml.javafmlmod.FMLJavaModLanguageProvider/LOADING]: Loading FMLModContainer from classloader cpw.mods.modlauncher.TransformingClassLoader@5a05dd30 - got cpw.mods.cl.ModuleClassLoader@4e628b52
[10Jan2026 02:46:25.503] [main/DEBUG] [net.minecraftforge.fml.javafmlmod.FMLModContainer/LOADING]: Creating FMLModContainer instance for dev.architectury.forge.ArchitecturyForge
[10Jan2026 02:46:25.503] [main/DEBUG] [net.minecraftforge.fml.javafmlmod.FMLJavaModLanguageProvider/LOADING]: Loading FMLModContainer from classloader cpw.mods.modlauncher.TransformingClassLoader@5a05dd30 - got cpw.mods.cl.ModuleClassLoader@4e628b52
[10Jan2026 02:46:25.503] [main/DEBUG] [net.minecraftforge.fml.javafmlmod.FMLModContainer/LOADING]: Creating FMLModContainer instance for com.github.teamfossilsarcheology.fossil.forge.ForgeFossilMod
[10Jan2026 02:46:25.504] [main/DEBUG] [net.minecraftforge.fml.javafmlmod.FMLJavaModLanguageProvider/LOADING]: Loading FMLModContainer from classloader cpw.mods.modlauncher.TransformingClassLoader@5a05dd30 - got cpw.mods.cl.ModuleClassLoader@4e628b52
[10Jan2026 02:46:25.504] [main/DEBUG] [net.minecraftforge.fml.javafmlmod.FMLModContainer/LOADING]: Creating FMLModContainer instance for malte0811.ferritecore.ModMainForge
[10Jan2026 02:46:25.504] [main/DEBUG] [net.minecraftforge.fml.javafmlmod.FMLJavaModLanguageProvider/LOADING]: Loading FMLModContainer from classloader cpw.mods.modlauncher.TransformingClassLoader@5a05dd30 - got cpw.mods.cl.ModuleClassLoader@4e628b52
[10Jan2026 02:46:25.504] [main/DEBUG] [net.minecraftforge.fml.javafmlmod.FMLModContainer/LOADING]: Creating FMLModContainer instance for fuzs.puzzleslib.impl.PuzzlesLibForge
[10Jan2026 02:46:25.505] [main/DEBUG] [net.minecraftforge.fml.javafmlmod.FMLJavaModLanguageProvider/LOADING]: Loading FMLModContainer from classloader cpw.mods.modlauncher.TransformingClassLoader@5a05dd30 - got cpw.mods.cl.ModuleClassLoader@4e628b52
[10Jan2026 02:46:25.505] [main/DEBUG] [net.minecraftforge.fml.javafmlmod.FMLModContainer/LOADING]: Creating FMLModContainer instance for observable.forge.ObservableForge
[10Jan2026 02:46:25.505] [main/DEBUG] [net.minecraftforge.fml.javafmlmod.FMLJavaModLanguageProvider/LOADING]: Loading FMLModContainer from classloader cpw.mods.modlauncher.TransformingClassLoader@5a05dd30 - got cpw.mods.cl.ModuleClassLoader@4e628b52
[10Jan2026 02:46:25.505] [main/DEBUG] [net.minecraftforge.fml.javafmlmod.FMLModContainer/LOADING]: Creating FMLModContainer instance for be.florens.expandability.forge.ExpandAbilityForge
[10Jan2026 02:46:25.505] [main/DEBUG] [net.minecraftforge.fml.javafmlmod.FMLJavaModLanguageProvider/LOADING]: Loading FMLModContainer from classloader cpw.mods.modlauncher.TransformingClassLoader@5a05dd30 - got cpw.mods.cl.ModuleClassLoader@4e628b52
[10Jan2026 02:46:25.506] [main/DEBUG] [net.minecraftforge.fml.javafmlmod.FMLModContainer/LOADING]: Creating FMLModContainer instance for fuzs.moblassos.MobLassosForge
[10Jan2026 02:46:25.506] [main/DEBUG] [net.minecraftforge.fml.javafmlmod.FMLJavaModLanguageProvider/LOADING]: Loading FMLModContainer from classloader cpw.mods.modlauncher.TransformingClassLoader@5a05dd30 - got cpw.mods.cl.ModuleClassLoader@4e628b52
[10Jan2026 02:46:25.506] [main/DEBUG] [net.minecraftforge.fml.javafmlmod.FMLModContainer/LOADING]: Creating FMLModContainer instance for team.creative.playerrevive.PlayerRevive
[10Jan2026 02:46:25.601] [modloading-worker-0/DEBUG] [net.minecraftforge.fml.javafmlmod.AutomaticEventSubscriber/LOADING]: Attempting to inject @EventBusSubscriber classes into the eventbus for kuma_api
[10Jan2026 02:46:25.606] [modloading-worker-0/DEBUG] [mixin/]: Mixing perf.forge_registry_lambda.RegistryObjectMixin from modernfix-forge.mixins.json into net.minecraftforge.registries.RegistryObject
[10Jan2026 02:46:25.626] [modloading-worker-0/DEBUG] [net.minecraftforge.fml.javafmlmod.AutomaticEventSubscriber/LOADING]: Attempting to inject @EventBusSubscriber classes into the eventbus for geckolib
[10Jan2026 02:46:25.631] [modloading-worker-0/DEBUG] [net.minecraftforge.fml.config.ConfigTracker/CONFIG]: Config file jei-server.toml for jei tracking
[10Jan2026 02:46:25.632] [modloading-worker-0/DEBUG] [net.minecraftforge.fml.javafmlmod.AutomaticEventSubscriber/LOADING]: Auto-subscribing software.bernie.example.GeckoLibMod to FORGE
[10Jan2026 02:46:25.634] [modloading-worker-0/DEBUG] [net.minecraftforge.fml.javafmlmod.AutomaticEventSubscriber/LOADING]: Auto-subscribing software.bernie.example.CommonListener to MOD
[10Jan2026 02:46:25.643] [modloading-worker-0/DEBUG] [net.minecraftforge.fml.javafmlmod.AutomaticEventSubscriber/LOADING]: Attempting to inject @EventBusSubscriber classes into the eventbus for jei
[10Jan2026 02:46:25.647] [modloading-worker-0/DEBUG] [net.minecraftforge.fml.javafmlmod.AutomaticEventSubscriber/LOADING]: Attempting to inject @EventBusSubscriber classes into the eventbus for uppers
[10Jan2026 02:46:25.651] [modloading-worker-0/DEBUG] [net.minecraftforge.fml.config.ConfigTracker/CONFIG]: Config file reap-server.toml for reap tracking
[10Jan2026 02:46:25.657] [modloading-worker-0/DEBUG] [net.minecraftforge.fml.javafmlmod.AutomaticEventSubscriber/LOADING]: Attempting to inject @EventBusSubscriber classes into the eventbus for reap
[10Jan2026 02:46:25.671] [modloading-worker-0/DEBUG] [net.minecraftforge.fml.config.ConfigTracker/CONFIG]: Config file treechop-common.toml for treechop tracking
[10Jan2026 02:46:25.671] [modloading-worker-0/DEBUG] [net.minecraftforge.fml.config.ConfigTracker/CONFIG]: Config file treechop-client.toml for treechop tracking
[10Jan2026 02:46:25.688] [modloading-worker-0/DEBUG] [net.minecraftforge.fml.javafmlmod.AutomaticEventSubscriber/LOADING]: Attempting to inject @EventBusSubscriber classes into the eventbus for treechop
[10Jan2026 02:46:25.688] [modloading-worker-0/DEBUG] [net.minecraftforge.fml.javafmlmod.AutomaticEventSubscriber/LOADING]: Auto-subscribing ht.treechop.server.ForgeServer to MOD
[10Jan2026 02:46:25.692] [modloading-worker-0/DEBUG] [net.minecraftforge.fml.javafmlmod.AutomaticEventSubscriber/LOADING]: Auto-subscribing ht.treechop.compat.TreeChopForgeAPITest to MOD
[10Jan2026 02:46:25.693] [modloading-worker-0/DEBUG] [net.minecraftforge.fml.javafmlmod.AutomaticEventSubscriber/LOADING]: Auto-subscribing ht.treechop.compat.TheOneProbe to MOD
[10Jan2026 02:46:25.698] [modloading-worker-0/DEBUG] [net.minecraftforge.fml.javafmlmod.AutomaticEventSubscriber/LOADING]: Auto-subscribing ht.treechop.compat.SilentGear to MOD
[10Jan2026 02:46:25.699] [modloading-worker-0/DEBUG] [net.minecraftforge.fml.javafmlmod.AutomaticEventSubscriber/LOADING]: Auto-subscribing ht.treechop.compat.ProjectMMO to MOD
[10Jan2026 02:46:25.701] [modloading-worker-0/DEBUG] [mixin/]: Mixing common.access.brewing.AccessBrewingRecipeRegistry from crafttweaker.forge.mixins.json into net.minecraftforge.common.brewing.BrewingRecipeRegistry
[10Jan2026 02:46:25.701] [modloading-worker-0/DEBUG] [mixin/]: Renaming @Accessor method crafttweaker$getRecipes()Ljava/util/List; to crafttweaker$getRecipes_$md$a58a52$0 in crafttweaker.forge.mixins.json:common.access.brewing.AccessBrewingRecipeRegistry
[10Jan2026 02:46:25.703] [modloading-worker-0/DEBUG] [net.minecraftforge.fml.javafmlmod.AutomaticEventSubscriber/LOADING]: Auto-subscribing ht.treechop.compat.NoChopRecursion to MOD
[10Jan2026 02:46:25.703] [modloading-worker-0/DEBUG] [net.minecraftforge.fml.javafmlmod.AutomaticEventSubscriber/LOADING]: Auto-subscribing ht.treechop.compat.NoChopOnRightClick to MOD
[10Jan2026 02:46:25.704] [modloading-worker-0/DEBUG] [net.minecraftforge.fml.javafmlmod.AutomaticEventSubscriber/LOADING]: Auto-subscribing ht.treechop.compat.MultiMine to MOD
[10Jan2026 02:46:25.705] [modloading-worker-0/DEBUG] [net.minecraftforge.fml.javafmlmod.AutomaticEventSubscriber/LOADING]: Auto-subscribing ht.treechop.compat.CarryOn to MOD
[10Jan2026 02:46:25.706] [modloading-worker-0/DEBUG] [net.minecraftforge.fml.javafmlmod.AutomaticEventSubscriber/LOADING]: Auto-subscribing ht.treechop.compat.Apotheosis to MOD
[10Jan2026 02:46:25.707] [modloading-worker-0/DEBUG] [net.minecraftforge.fml.javafmlmod.AutomaticEventSubscriber/LOADING]: Auto-subscribing ht.treechop.common.ForgeCommon to FORGE
[10Jan2026 02:46:25.710] [modloading-worker-0/DEBUG] [net.minecraftforge.fml.javafmlmod.AutomaticEventSubscriber/LOADING]: Attempting to inject @EventBusSubscriber classes into the eventbus for clumps
[10Jan2026 02:46:25.737] [modloading-worker-0/DEBUG] [xaero.map.WorldMap/]: Loaded xaero.map.platform.services.ForgePlatformHelper@d00e1ad for service interface xaero.map.platform.services.IPlatformHelper
[10Jan2026 02:46:25.762] [modloading-worker-0/DEBUG] [net.minecraftforge.fml.javafmlmod.AutomaticEventSubscriber/LOADING]: Attempting to inject @EventBusSubscriber classes into the eventbus for xaeroworldmap
[10Jan2026 02:46:25.788] [modloading-worker-0/DEBUG] [mixin/]: Mixing MixinPlayerList from xaeroworldmap.mixins.json into net.minecraft.server.players.PlayerList
[10Jan2026 02:46:25.788] [modloading-worker-0/DEBUG] [mixin/]: Mixing PlayerListMixin from balm.mixins.json into net.minecraft.server.players.PlayerList
[10Jan2026 02:46:25.789] [modloading-worker-0/DEBUG] [mixin/]: Mixing MixinPlayerList from xaerohud.mixins.json into net.minecraft.server.players.PlayerList
[10Jan2026 02:46:25.789] [modloading-worker-0/DEBUG] [mixin/]: Mixing camera.PlayerListMixin from securitycraft.mixins.json into net.minecraft.server.players.PlayerList
[10Jan2026 02:46:25.806] [modloading-worker-0/DEBUG] [net.minecraftforge.fml.config.ConfigTracker/CONFIG]: Config file modernfix-common.toml for modernfix tracking
[10Jan2026 02:46:25.811] [modloading-worker-0/DEBUG] [net.minecraftforge.fml.javafmlmod.AutomaticEventSubscriber/LOADING]: Attempting to inject @EventBusSubscriber classes into the eventbus for modernfix
[10Jan2026 02:46:25.832] [modloading-worker-0/DEBUG] [net.minecraftforge.fml.config.ConfigTracker/CONFIG]: Config file citadel-common.toml for citadel tracking
[10Jan2026 02:46:25.836] [modloading-worker-0/DEBUG] [net.minecraftforge.fml.javafmlmod.AutomaticEventSubscriber/LOADING]: Attempting to inject @EventBusSubscriber classes into the eventbus for citadel
[10Jan2026 02:46:25.836] [modloading-worker-0/DEBUG] [net.minecraftforge.fml.javafmlmod.AutomaticEventSubscriber/LOADING]: Auto-subscribing com.github.alexthe666.citadel.ServerProxy to MOD
[10Jan2026 02:46:25.846] [modloading-worker-0/DEBUG] [net.minecraftforge.fml.config.ConfigTracker/CONFIG]: Config file waystones-common.toml for waystones tracking
[10Jan2026 02:46:25.941] [modloading-worker-0/DEBUG] [net.minecraftforge.fml.javafmlmod.AutomaticEventSubscriber/LOADING]: Attempting to inject @EventBusSubscriber classes into the eventbus for waystones
[10Jan2026 02:46:25.944] [modloading-worker-0/DEBUG] [net.minecraftforge.fml.config.ConfigTracker/CONFIG]: Config file uniquedungeons-city_snow_config.toml for uniquedungeons tracking
[10Jan2026 02:46:25.945] [modloading-worker-0/DEBUG] [net.minecraftforge.fml.config.ConfigTracker/CONFIG]: Config file uniquedungeons-desert_dungeon_config.toml for uniquedungeons tracking
[10Jan2026 02:46:25.952] [modloading-worker-0/DEBUG] [net.minecraftforge.fml.javafmlmod.AutomaticEventSubscriber/LOADING]: Attempting to inject @EventBusSubscriber classes into the eventbus for uniquedungeons
[10Jan2026 02:46:25.952] [modloading-worker-0/DEBUG] [net.minecraftforge.fml.javafmlmod.AutomaticEventSubscriber/LOADING]: Auto-subscribing com.becks.uniquedungeons.network.eventhandling.VillagerTradeEvents to FORGE
[10Jan2026 02:46:25.953] [modloading-worker-0/DEBUG] [net.minecraftforge.fml.javafmlmod.AutomaticEventSubscriber/LOADING]: Auto-subscribing com.becks.uniquedungeons.network.eventhandling.MobEvents to MOD
[10Jan2026 02:46:25.957] [modloading-worker-0/DEBUG] [net.minecraftforge.fml.javafmlmod.AutomaticEventSubscriber/LOADING]: Auto-subscribing com.becks.uniquedungeons.network.eventhandling.GeneralPlayerEventHandler to FORGE
[10Jan2026 02:46:25.959] [modloading-worker-0/DEBUG] [net.minecraftforge.fml.javafmlmod.AutomaticEventSubscriber/LOADING]: Auto-subscribing com.becks.uniquedungeons.common.structures.village.VillagePoolAdditionHelper to FORGE
[10Jan2026 02:46:25.986] [modloading-worker-0/INFO] [graveyard/]: Registered JSON trade offer adapter.
[10Jan2026 02:46:25.989] [modloading-worker-0/DEBUG] [net.minecraftforge.fml.config.ConfigTracker/CONFIG]: Config file travelersbackpack-server.toml for travelersbackpack tracking
[10Jan2026 02:46:25.990] [modloading-worker-0/INFO] [STDOUT/]: [com.tiviacz.travelersbackpack.TravelersBackpack:readOldCommonConfig:180]: curiosIntegration not found in the [common.backpackSettings] section.
[10Jan2026 02:46:25.991] [modloading-worker-0/DEBUG] [net.minecraftforge.fml.config.ConfigTracker/CONFIG]: Config file travelersbackpack-common.toml for travelersbackpack tracking
[10Jan2026 02:46:25.992] [modloading-worker-0/DEBUG] [net.minecraftforge.fml.config.ConfigTracker/CONFIG]: Config file travelersbackpack-client.toml for travelersbackpack tracking
[10Jan2026 02:46:26.002] [modloading-worker-0/DEBUG] [mixin/]: Mixing ReloadableServerResourcesMixin from balm.mixins.json into net.minecraft.server.ReloadableServerResources
[10Jan2026 02:46:26.003] [modloading-worker-0/DEBUG] [mixin/]: Renaming synthetic method lambda$loadResources$0(Lnet/minecraft/server/ReloadableServerResources;)V to mda58a52$lambda$loadResources$0$0 in balm.mixins.json:ReloadableServerResourcesMixin
[10Jan2026 02:46:26.004] [modloading-worker-0/DEBUG] [mixin/]: Mixing common.access.server.AccessReloadableServerResources from crafttweaker.mixins.json into net.minecraft.server.ReloadableServerResources
[10Jan2026 02:46:26.007] [modloading-worker-0/DEBUG] [net.minecraftforge.fml.javafmlmod.AutomaticEventSubscriber/LOADING]: Attempting to inject @EventBusSubscriber classes into the eventbus for graveyard
[10Jan2026 02:46:26.007] [modloading-worker-0/DEBUG] [net.minecraftforge.fml.javafmlmod.AutomaticEventSubscriber/LOADING]: Auto-subscribing com.lion.graveyard.platform.forge.HordeSpawner to FORGE
[10Jan2026 02:46:26.009] [modloading-worker-0/DEBUG] [mixin/]: Mixing MixinLevelEvent from architectury.mixins.json into net.minecraftforge.event.level.LevelEvent
[10Jan2026 02:46:26.017] [modloading-worker-0/DEBUG] [net.minecraftforge.fml.javafmlmod.AutomaticEventSubscriber/LOADING]: Attempting to inject @EventBusSubscriber classes into the eventbus for mixinextras
[10Jan2026 02:46:26.050] [modloading-worker-0/DEBUG] [net.minecraftforge.fml.javafmlmod.AutomaticEventSubscriber/LOADING]: Attempting to inject @EventBusSubscriber classes into the eventbus for beautifiedchatserver
[10Jan2026 02:46:26.051] [modloading-worker-0/DEBUG] [net.minecraftforge.fml.javafmlmod.AutomaticEventSubscriber/LOADING]: Attempting to inject @EventBusSubscriber classes into the eventbus for pickupnotifier
[10Jan2026 02:46:26.051] [modloading-worker-0/DEBUG] [net.minecraftforge.fml.javafmlmod.AutomaticEventSubscriber/LOADING]: Auto-subscribing fuzs.pickupnotifier.PickUpNotifierForge to MOD
[10Jan2026 02:46:26.074] [modloading-worker-0/INFO] [Puzzles Lib/]: Constructing common components for pickupnotifier:main
[10Jan2026 02:46:26.087] [modloading-worker-0/DEBUG] [net.minecraftforge.fml.config.ConfigTracker/CONFIG]: Config file alexsmobs.toml for alexsmobs tracking
[10Jan2026 02:46:26.090] [modloading-worker-0/INFO] [dev.architectury.networking.forge.NetworkManagerImpl/]: Registering C2S receiver with id architectury:sync_ids
[10Jan2026 02:46:26.094] [modloading-worker-0/INFO] [dev.architectury.networking.forge.NetworkManagerImpl/]: Registering C2S receiver with id artifacts:networking_channel/42a7ad70b1cc371599a0eff744096b8a
[10Jan2026 02:46:26.095] [modloading-worker-0/DEBUG] [net.minecraftforge.fml.config.ConfigTracker/CONFIG]: Config file pickupnotifier/pickupnotifier-server.toml for pickupnotifier tracking
[10Jan2026 02:46:26.100] [modloading-worker-0/INFO] [dev.architectury.networking.forge.NetworkManagerImpl/]: Registering C2S receiver with id artifacts:networking_channel/74a5e841822a3a87854ae896a33430d6
[10Jan2026 02:46:26.101] [modloading-worker-0/INFO] [dev.architectury.networking.forge.NetworkManagerImpl/]: Registering C2S receiver with id artifacts:networking_channel/eb3d1e2748533430848cadf0f37c7e9c
[10Jan2026 02:46:26.103] [modloading-worker-0/INFO] [dev.architectury.networking.forge.NetworkManagerImpl/]: Registering C2S receiver with id artifacts:networking_channel/91c8520f19f93b3e8b6a727568e194ab
[10Jan2026 02:46:26.106] [modloading-worker-0/INFO] [dev.architectury.networking.forge.NetworkManagerImpl/]: Registering C2S receiver with id artifacts:networking_channel/8c2784d778293fd482ed84b8aa5fedb9
[10Jan2026 02:46:26.106] [modloading-worker-0/INFO] [dev.architectury.networking.forge.NetworkManagerImpl/]: Registering C2S receiver with id artifacts:networking_channel/ea038224ea783d40b2863f52239e2604
[10Jan2026 02:46:26.107] [modloading-worker-0/INFO] [dev.architectury.networking.forge.NetworkManagerImpl/]: Registering C2S receiver with id artifacts:networking_channel/97ad64b7ecaf33209991c4f031501a58
[10Jan2026 02:46:26.124] [modloading-worker-0/DEBUG] [More Hitboxes/]: Loaded com.github.darkpred.morehitboxes.platform.ForgePlatformHelper@38df9afa for service interface com.github.darkpred.morehitboxes.platform.services.IPlatformHelper
[10Jan2026 02:46:26.125] [modloading-worker-0/DEBUG] [More Hitboxes/]: Loaded com.github.darkpred.morehitboxes.ForgeResourcePackRegistry@2a9ceda for service interface com.github.darkpred.morehitboxes.ResourcePackRegistry
[10Jan2026 02:46:26.126] [modloading-worker-0/DEBUG] [More Hitboxes/]: Loaded com.github.darkpred.morehitboxes.internal.ForgeMultiPart$ForgeMultiPartFactory@6d2d1df5 for service interface com.github.darkpred.morehitboxes.api.MultiPart$Factory
[10Jan2026 02:46:26.131] [modloading-worker-0/DEBUG] [mixin/]: Mixing item.wearable.WearableArtifactItemMixin from mixins.artifacts.forge.json into artifacts.item.wearable.WearableArtifactItem
[10Jan2026 02:46:26.145] [modloading-worker-0/DEBUG] [mixin/]: Mixing item.umbrella.UmbrellaItemMixin from mixins.artifacts.forge.json into artifacts.item.UmbrellaItem
[10Jan2026 02:46:26.145] [modloading-worker-0/DEBUG] [net.minecraftforge.fml.javafmlmod.AutomaticEventSubscriber/LOADING]: Attempting to inject @EventBusSubscriber classes into the eventbus for morehitboxes
[10Jan2026 02:46:26.148] [modloading-worker-0/DEBUG] [net.minecraftforge.fml.javafmlmod.AutomaticEventSubscriber/LOADING]: Auto-subscribing com.github.darkpred.morehitboxes.ForgeResourcePackRegistry to FORGE
[10Jan2026 02:46:26.160] [modloading-worker-0/DEBUG] [net.minecraftforge.fml.javafmlmod.AutomaticEventSubscriber/LOADING]: Attempting to inject @EventBusSubscriber classes into the eventbus for alexsmobs
[10Jan2026 02:46:26.162] [modloading-worker-0/DEBUG] [net.minecraftforge.fml.javafmlmod.AutomaticEventSubscriber/LOADING]: Auto-subscribing com.github.alexthe666.alexsmobs.world.AMWorldRegistry to MOD
[10Jan2026 02:46:26.163] [modloading-worker-0/DEBUG] [net.minecraftforge.fml.javafmlmod.AutomaticEventSubscriber/LOADING]: Auto-subscribing com.github.alexthe666.alexsmobs.tileentity.AMTileEntityRegistry to MOD
[10Jan2026 02:46:26.163] [modloading-worker-0/DEBUG] [net.minecraftforge.fml.javafmlmod.AutomaticEventSubscriber/LOADING]: Auto-subscribing com.github.alexthe666.alexsmobs.event.ServerEvents to FORGE
[10Jan2026 02:46:26.170] [modloading-worker-0/DEBUG] [net.minecraftforge.fml.javafmlmod.AutomaticEventSubscriber/LOADING]: Auto-subscribing com.github.alexthe666.alexsmobs.entity.AMEntityRegistry to MOD
[10Jan2026 02:46:26.171] [modloading-worker-0/DEBUG] [net.minecraftforge.fml.javafmlmod.AutomaticEventSubscriber/LOADING]: Auto-subscribing com.github.alexthe666.alexsmobs.CommonProxy to MOD
[10Jan2026 02:46:26.172] [modloading-worker-0/DEBUG] [net.minecraftforge.fml.javafmlmod.AutomaticEventSubscriber/LOADING]: Auto-subscribing com.github.alexthe666.alexsmobs.AlexsMobs to FORGE
[10Jan2026 02:46:26.181] [modloading-worker-0/DEBUG] [net.minecraftforge.fml.javafmlmod.AutomaticEventSubscriber/LOADING]: Attempting to inject @EventBusSubscriber classes into the eventbus for interaction_boxes
[10Jan2026 02:46:26.187] [modloading-worker-0/DEBUG] [net.minecraftforge.fml.javafmlmod.AutomaticEventSubscriber/LOADING]: Attempting to inject @EventBusSubscriber classes into the eventbus for balm
[10Jan2026 02:46:26.187] [modloading-worker-0/DEBUG] [net.minecraftforge.fml.javafmlmod.AutomaticEventSubscriber/LOADING]: Attempting to inject @EventBusSubscriber classes into the eventbus for puzzlesaccessapi
[10Jan2026 02:46:26.188] [modloading-worker-0/DEBUG] [CraftTweaker-Services/]: Loaded com.blamejared.crafttweaker.impl.service.BridgeService@51a8be54 for service interface com.blamejared.crafttweaker.platform.services.IBridgeService
[10Jan2026 02:46:26.189] [modloading-worker-0/DEBUG] [net.minecraftforge.fml.javafmlmod.AutomaticEventSubscriber/LOADING]: Attempting to inject @EventBusSubscriber classes into the eventbus for cloth_config
[10Jan2026 02:46:26.190] [modloading-worker-0/DEBUG] [net.minecraftforge.versions.forge.ForgeVersion/CORE]: Forge Version package package net.minecraftforge.versions.forge, Forge, version 47.3 from cpw.mods.modlauncher.TransformingClassLoader@5a05dd30
[10Jan2026 02:46:26.191] [modloading-worker-0/DEBUG] [net.minecraftforge.versions.forge.ForgeVersion/CORE]: Found Forge version 47.3.7
[10Jan2026 02:46:26.191] [modloading-worker-0/DEBUG] [net.minecraftforge.versions.forge.ForgeVersion/CORE]: Found Forge spec 47.3
[10Jan2026 02:46:26.191] [modloading-worker-0/DEBUG] [net.minecraftforge.versions.forge.ForgeVersion/CORE]: Found Forge group net.minecraftforge
[10Jan2026 02:46:26.191] [modloading-worker-0/DEBUG] [net.minecraftforge.versions.mcp.MCPVersion/CORE]: MCP Version package package net.minecraftforge.versions.mcp, Minecraft, version 1.20.1 from cpw.mods.modlauncher.TransformingClassLoader@5a05dd30
[10Jan2026 02:46:26.191] [modloading-worker-0/DEBUG] [net.minecraftforge.versions.mcp.MCPVersion/CORE]: Found MC version information 1.20.1
[10Jan2026 02:46:26.191] [modloading-worker-0/DEBUG] [net.minecraftforge.versions.mcp.MCPVersion/CORE]: Found MCP version information 20230612.114412
[10Jan2026 02:46:26.191] [modloading-worker-0/INFO] [net.minecraftforge.common.ForgeMod/FORGEMOD]: Forge mod loading, version 47.3.7, for MC 1.20.1 with MCP 20230612.114412
[10Jan2026 02:46:26.191] [modloading-worker-0/INFO] [net.minecraftforge.common.MinecraftForge/FORGE]: MinecraftForge v47.3.7 Initialized
[10Jan2026 02:46:26.205] [modloading-worker-0/DEBUG] [CraftTweaker-Services/]: Loaded com.blamejared.crafttweaker.platform.ForgePlatformHelper@5a50f65f for service interface com.blamejared.crafttweaker.platform.services.IPlatformHelper
[10Jan2026 02:46:26.206] [modloading-worker-0/DEBUG] [CraftTweaker-Services/]: Loaded com.blamejared.crafttweaker.platform.ForgeDistributionHelper@355e714c for service interface com.blamejared.crafttweaker.platform.services.IDistributionHelper
[10Jan2026 02:46:26.207] [modloading-worker-0/DEBUG] [CraftTweaker-Services/]: Loaded com.blamejared.crafttweaker.platform.client.ForgeClientHelper@5ac33978 for service interface com.blamejared.crafttweaker.platform.services.IClientHelper
[10Jan2026 02:46:26.209] [modloading-worker-0/DEBUG] [CraftTweaker-Services/]: Loaded com.blamejared.crafttweaker.platform.event.ForgeEventHelper@43d4508c for service interface com.blamejared.crafttweaker.platform.services.IEventHelper
[10Jan2026 02:46:26.210] [modloading-worker-0/DEBUG] [CraftTweaker-Services/]: Loaded com.blamejared.crafttweaker.platform.network.ForgeNetworkHelper@3453d52d for service interface com.blamejared.crafttweaker.platform.services.INetworkHelper
[10Jan2026 02:46:26.215] [modloading-worker-0/DEBUG] [CraftTweaker-Services/]: Loaded com.blamejared.crafttweaker.platform.ForgeRegistryHelper@2ec42807 for service interface com.blamejared.crafttweaker.platform.services.IRegistryHelper
[10Jan2026 02:46:26.218] [modloading-worker-0/DEBUG] [net.minecraftforge.common.ForgeMod/FORGEMOD]: Loading Network data for FML net version: FML3
[10Jan2026 02:46:26.327] [modloading-worker-0/DEBUG] [net.minecraftforge.fml.javafmlmod.AutomaticEventSubscriber/LOADING]: Attempting to inject @EventBusSubscriber classes into the eventbus for artifacts
[10Jan2026 02:46:26.332] [modloading-worker-0/DEBUG] [mixin/]: Mixing gamerule.BooleanValueInvoker from mixins.artifacts.common.json into net.minecraft.world.level.GameRules$BooleanValue
[10Jan2026 02:46:26.332] [modloading-worker-0/DEBUG] [mixin/]: Renaming @Invoker method invokeCreate(ZLjava/util/function/BiConsumer;)Lnet/minecraft/world/level/GameRules$Type; to invokeCreate_$md$a58a52$0 in mixins.artifacts.common.json:gamerule.BooleanValueInvoker
[10Jan2026 02:46:26.330] [modloading-worker-0/DEBUG] [net.minecraftforge.fml.config.ConfigTracker/CONFIG]: Config file forge-client.toml for forge tracking
[10Jan2026 02:46:26.335] [modloading-worker-0/DEBUG] [net.minecraftforge.fml.config.ConfigTracker/CONFIG]: Config file forge-server.toml for forge tracking
[10Jan2026 02:46:26.335] [modloading-worker-0/DEBUG] [net.minecraftforge.fml.ModLoadingContext/]: Attempted to register an empty config for type COMMON on mod forge
[10Jan2026 02:46:26.368] [modloading-worker-0/DEBUG] [mixin/]: Mixing gamerule.IntegerValueInvoker from mixins.artifacts.common.json into net.minecraft.world.level.GameRules$IntegerValue
[10Jan2026 02:46:26.372] [modloading-worker-0/DEBUG] [mixin/]: Renaming @Invoker method invokeCreate(ILjava/util/function/BiConsumer;)Lnet/minecraft/world/level/GameRules$Type; to invokeCreate_$md$a58a52$0 in mixins.artifacts.common.json:gamerule.IntegerValueInvoker
[10Jan2026 02:46:26.377] [modloading-worker-0/DEBUG] [net.minecraftforge.fml.javafmlmod.AutomaticEventSubscriber/LOADING]: Attempting to inject @EventBusSubscriber classes into the eventbus for forge
[10Jan2026 02:46:26.378] [modloading-worker-0/DEBUG] [net.minecraftforge.fml.javafmlmod.AutomaticEventSubscriber/LOADING]: Auto-subscribing net.minecraftforge.common.ForgeSpawnEggItem$CommonHandler to MOD
[10Jan2026 02:46:26.382] [modloading-worker-0/DEBUG] [net.minecraftforge.fml.javafmlmod.AutomaticEventSubscriber/LOADING]: Attempting to inject @EventBusSubscriber classes into the eventbus for tlskincape
[10Jan2026 02:46:26.393] [modloading-worker-0/DEBUG] [net.minecraftforge.fml.javafmlmod.AutomaticEventSubscriber/LOADING]: Attempting to inject @EventBusSubscriber classes into the eventbus for embeddium
[10Jan2026 02:46:26.393] [modloading-worker-0/DEBUG] [net.minecraftforge.fml.javafmlmod.AutomaticEventSubscriber/LOADING]: Attempting to inject @EventBusSubscriber classes into the eventbus for rubidium
[10Jan2026 02:46:26.393] [modloading-worker-0/DEBUG] [net.minecraftforge.fml.config.ConfigTracker/CONFIG]: Config file twilightforest-common.toml for twilightforest tracking
[10Jan2026 02:46:26.396] [modloading-worker-0/DEBUG] [net.minecraftforge.fml.config.ConfigTracker/CONFIG]: Config file betterpingdisplay-client.toml for betterpingdisplay tracking
[10Jan2026 02:46:26.398] [modloading-worker-0/DEBUG] [net.minecraftforge.fml.javafmlmod.AutomaticEventSubscriber/LOADING]: Attempting to inject @EventBusSubscriber classes into the eventbus for betterpingdisplay
[10Jan2026 02:46:26.397] [modloading-worker-0/DEBUG] [net.minecraftforge.fml.config.ConfigTracker/CONFIG]: Config file twilightforest-client.toml for twilightforest tracking
[10Jan2026 02:46:26.399] [modloading-worker-0/DEBUG] [net.minecraftforge.fml.javafmlmod.AutomaticEventSubscriber/LOADING]: Auto-subscribing com.vladmarica.betterpingdisplay.Config to MOD
[10Jan2026 02:46:26.431] [modloading-worker-0/DEBUG] [net.minecraftforge.fml.config.ConfigTracker/CONFIG]: Config file tconstruct-common.toml for tconstruct tracking
[10Jan2026 02:46:26.431] [modloading-worker-0/DEBUG] [net.minecraftforge.fml.config.ConfigTracker/CONFIG]: Config file tconstruct-client.toml for tconstruct tracking
[10Jan2026 02:46:26.534] [modloading-worker-0/DEBUG] [mixin/]: Mixing common.access.level.damage.AccessDamageSources from crafttweaker.mixins.json into net.minecraft.world.damagesource.DamageSources
[10Jan2026 02:46:26.534] [modloading-worker-0/DEBUG] [mixin/]: Mixing DamageSourcesMixin from tombstone.mixins.json into net.minecraft.world.damagesource.DamageSources
[10Jan2026 02:46:26.584] [modloading-worker-0/DEBUG] [mixin/]: Mixing ExplosionMixin from fossil_common.mixins.json into net.minecraft.world.level.Explosion
[10Jan2026 02:46:26.586] [modloading-worker-0/DEBUG] [net.minecraftforge.fml.javafmlmod.AutomaticEventSubscriber/LOADING]: Attempting to inject @EventBusSubscriber classes into the eventbus for travelersbackpack
[10Jan2026 02:46:26.592] [modloading-worker-0/DEBUG] [net.minecraftforge.fml.javafmlmod.AutomaticEventSubscriber/LOADING]: Auto-subscribing com.tiviacz.travelersbackpack.handlers.NeoForgeEventHandler to FORGE
[10Jan2026 02:46:26.592] [modloading-worker-0/DEBUG] [mixin/]: Renaming synthetic method lambda$preventExplosion$0(Lnet/minecraft/nbt/CompoundTag;)Lcom/github/teamfossilsarcheology/fossil/entity/monster/AnuBoss$AnuLair; to mda58a52$lambda$preventExplosion$0$0 in fossil_common.mixins.json:ExplosionMixin
[10Jan2026 02:46:26.618] [modloading-worker-0/DEBUG] [mixin/]: Mixing common.access.villager.AccessTippedArrowForItemsAndEmeralds from crafttweaker.mixins.json into net.minecraft.world.entity.npc.VillagerTrades$TippedArrowForItemsAndEmeralds
[10Jan2026 02:46:26.625] [modloading-worker-0/DEBUG] [mixin/]: Mixing common.access.villager.AccessItemsForEmeralds from crafttweaker.mixins.json into net.minecraft.world.entity.npc.VillagerTrades$ItemsForEmeralds
[10Jan2026 02:46:26.627] [modloading-worker-0/DEBUG] [mixin/]: Mixing common.access.villager.AccessItemsAndEmeraldsToItems from crafttweaker.mixins.json into net.minecraft.world.entity.npc.VillagerTrades$ItemsAndEmeraldsToItems
[10Jan2026 02:46:26.629] [modloading-worker-0/DEBUG] [mixin/]: Mixing common.access.villager.AccessEnchantedItemForEmeralds from crafttweaker.mixins.json into net.minecraft.world.entity.npc.VillagerTrades$EnchantedItemForEmeralds
[10Jan2026 02:46:26.631] [modloading-worker-0/DEBUG] [net.minecraftforge.fml.javafmlmod.AutomaticEventSubscriber/LOADING]: Auto-subscribing com.tiviacz.travelersbackpack.handlers.ModEventHandler to MOD
[10Jan2026 02:46:26.633] [modloading-worker-0/DEBUG] [mixin/]: Mixing common.access.villager.AccessEmeraldForItems from crafttweaker.mixins.json into net.minecraft.world.entity.npc.VillagerTrades$EmeraldForItems
[10Jan2026 02:46:26.644] [modloading-worker-0/DEBUG] [mixin/]: Mixing common.access.villager.AccessDyedArmorForEmeralds from crafttweaker.mixins.json into net.minecraft.world.entity.npc.VillagerTrades$DyedArmorForEmeralds
[10Jan2026 02:46:26.648] [modloading-worker-0/DEBUG] [mixin/]: Mixing common.access.villager.AccessBasicTrade from crafttweaker.forge.mixins.json into net.minecraftforge.common.BasicItemListing
[10Jan2026 02:46:26.651] [modloading-worker-0/DEBUG] [mixin/]: Mixing common.transform.villager.MixinBasicTrade from crafttweaker.forge.mixins.json into net.minecraftforge.common.BasicItemListing
[10Jan2026 02:46:26.679] [modloading-worker-0/DEBUG] [net.minecraftforge.fml.config.ConfigTracker/CONFIG]: Config file borninconfiguration-general.toml for borninconfiguration tracking
[10Jan2026 02:46:26.689] [modloading-worker-0/DEBUG] [net.minecraftforge.fml.javafmlmod.AutomaticEventSubscriber/LOADING]: Attempting to inject @EventBusSubscriber classes into the eventbus for borninconfiguration
[10Jan2026 02:46:26.689] [modloading-worker-0/DEBUG] [net.minecraftforge.fml.javafmlmod.AutomaticEventSubscriber/LOADING]: Auto-subscribing com.crimsoncrips.borninconfiguration.event.BICEvent to FORGE
[10Jan2026 02:46:26.689] [modloading-worker-0/DEBUG] [net.minecraftforge.fml.javafmlmod.AutomaticEventSubscriber/LOADING]: Auto-subscribing com.crimsoncrips.borninconfiguration.datagen.BIConfigDatagen to MOD
[10Jan2026 02:46:26.705] [modloading-worker-0/DEBUG] [net.minecraftforge.fml.javafmlmod.AutomaticEventSubscriber/LOADING]: Attempting to inject @EventBusSubscriber classes into the eventbus for terrablender
[10Jan2026 02:46:26.706] [modloading-worker-0/DEBUG] [net.minecraftforge.fml.javafmlmod.AutomaticEventSubscriber/LOADING]: Auto-subscribing terrablender.handler.InitializationHandler to FORGE
[10Jan2026 02:46:26.708] [modloading-worker-0/INFO] [STDOUT/]: [yalter.mousetweaks.Logger:Log:6]: [Mouse Tweaks] Disabled because not running on the client.
[10Jan2026 02:46:26.717] [modloading-worker-0/DEBUG] [net.minecraftforge.fml.javafmlmod.AutomaticEventSubscriber/LOADING]: Attempting to inject @EventBusSubscriber classes into the eventbus for mousetweaks
[10Jan2026 02:46:26.738] [modloading-worker-0/DEBUG] [mixin/]: Mixing accessor.ShapelessRecipeAccessor from tombstone.mixins.json into net.minecraft.world.item.crafting.ShapelessRecipe
[10Jan2026 02:46:26.739] [modloading-worker-0/DEBUG] [net.minecraftforge.fml.javafmlmod.AutomaticEventSubscriber/LOADING]: Attempting to inject @EventBusSubscriber classes into the eventbus for jade
[10Jan2026 02:46:26.742] [modloading-worker-0/DEBUG] [net.minecraftforge.fml.javafmlmod.AutomaticEventSubscriber/LOADING]: Attempting to inject @EventBusSubscriber classes into the eventbus for tbsfbsp
[10Jan2026 02:46:26.742] [modloading-worker-0/DEBUG] [mixin/]: Mixing common.access.predicate.AccessStatePropertiesPredicateBuilder from crafttweaker.mixins.json into net.minecraft.advancements.critereon.StatePropertiesPredicate$Builder
[10Jan2026 02:46:26.777] [modloading-worker-0/DEBUG] [mixin/]: Mixing MixinNbtPredicate from curios.mixins.json into net.minecraft.advancements.critereon.NbtPredicate
[10Jan2026 02:46:26.801] [modloading-worker-0/DEBUG] [mixin/]: Mixing common.access.predicate.AccessLightningBoltPredicate from crafttweaker.mixins.json into net.minecraft.advancements.critereon.LighthingBoltPredicate
[10Jan2026 02:46:26.801] [modloading-worker-0/DEBUG] [mixin/]: Renaming @Invoker method crafttweaker$of(Lnet/minecraft/advancements/critereon/MinMaxBounds$Ints;Lnet/minecraft/advancements/critereon/EntityPredicate;)Lnet/minecraft/advancements/critereon/LighthingBoltPredicate; to crafttweaker$of_$md$a58a52$0 in crafttweaker.mixins.json:common.access.predicate.AccessLightningBoltPredicate
[10Jan2026 02:46:26.848] [modloading-worker-0/DEBUG] [mixin/]: Mixing LootTableMixin from balm.mixins.json into net.minecraft.world.level.storage.loot.LootTable
[10Jan2026 02:46:26.849] [modloading-worker-0/DEBUG] [mixin/]: Mixing common.access.loot.AccessLootTable from crafttweaker.mixins.json into net.minecraft.world.level.storage.loot.LootTable
[10Jan2026 02:46:26.850] [modloading-worker-0/DEBUG] [mixin/]: Mixing accessor.LootTableForgeAccessor from puzzleslib.forge.mixins.json into net.minecraft.world.level.storage.loot.LootTable
[10Jan2026 02:46:26.857] [modloading-worker-0/DEBUG] [mixin/]: Mixing LootContextParamSetsAccess from treechop.mixins.json into net.minecraft.world.level.storage.loot.parameters.LootContextParamSets
[10Jan2026 02:46:26.858] [modloading-worker-0/DEBUG] [mixin/]: Renaming @Invoker method callRegister(Ljava/lang/String;Ljava/util/function/Consumer;)Lnet/minecraft/world/level/storage/loot/parameters/LootContextParamSet; to callRegister_$md$a58a52$0 in treechop.mixins.json:LootContextParamSetsAccess
[10Jan2026 02:46:26.890] [modloading-worker-0/DEBUG] [creativecore/]: Created network creativecore:main
[10Jan2026 02:46:26.899] [modloading-worker-0/DEBUG] [net.minecraftforge.fml.javafmlmod.AutomaticEventSubscriber/LOADING]: Attempting to inject @EventBusSubscriber classes into the eventbus for creativecore
[10Jan2026 02:46:26.905] [modloading-worker-0/DEBUG] [net.minecraftforge.fml.javafmlmod.AutomaticEventSubscriber/LOADING]: Attempting to inject @EventBusSubscriber classes into the eventbus for chunky
[10Jan2026 02:46:26.937] [modloading-worker-0/DEBUG] [mixin/]: Mixing common.access.loot.AccessLootContextBuilder from crafttweaker.mixins.json into net.minecraft.world.level.storage.loot.LootContext$Builder
[10Jan2026 02:46:27.000] [modloading-worker-0/DEBUG] [mixin/]: Mixing common.transform.item.attribute.MixinItemAttributeModifierEvent from crafttweaker.forge.mixins.json into net.minecraftforge.event.ItemAttributeModifierEvent
[10Jan2026 02:46:27.580] [modloading-worker-0/DEBUG] [net.minecraftforge.fml.javafmlmod.AutomaticEventSubscriber/LOADING]: Attempting to inject @EventBusSubscriber classes into the eventbus for tconstruct
[10Jan2026 02:46:27.581] [modloading-worker-0/DEBUG] [net.minecraftforge.fml.javafmlmod.AutomaticEventSubscriber/LOADING]: Auto-subscribing slimeknights.tconstruct.world.WorldEvents to FORGE
[10Jan2026 02:46:27.583] [modloading-worker-0/DEBUG] [mixin/]: Mixing common.access.tag.AccessTagManager from crafttweaker.mixins.json into net.minecraft.tags.TagManager
[10Jan2026 02:46:27.584] [modloading-worker-0/DEBUG] [mixin/]: Mixing common.transform.tags.MixinTagManager from crafttweaker.mixins.json into net.minecraft.tags.TagManager
[10Jan2026 02:46:27.584] [modloading-worker-0/DEBUG] [mixin/]: Renaming synthetic method lambda$crafttweaker$appendConsumer$0(Ljava/lang/Object;)V to mda58a52$lambda$crafttweaker$appendConsumer$0$0 in crafttweaker.mixins.json:common.transform.tags.MixinTagManager
[10Jan2026 02:46:27.592] [modloading-worker-0/DEBUG] [mixin/]: Mixing MixinLootDataManager from architectury.mixins.json into net.minecraft.world.level.storage.loot.LootDataManager
[10Jan2026 02:46:27.593] [modloading-worker-0/DEBUG] [mixin/]: Mixing LootDataManagerForgeMixin from puzzleslib.forge.mixins.json into net.minecraft.world.level.storage.loot.LootDataManager
[10Jan2026 02:46:27.602] [modloading-worker-0/DEBUG] [net.minecraftforge.fml.javafmlmod.AutomaticEventSubscriber/LOADING]: Auto-subscribing slimeknights.tconstruct.tools.logic.ToolEvents to FORGE
[10Jan2026 02:46:27.611] [modloading-worker-0/DEBUG] [net.minecraftforge.fml.javafmlmod.AutomaticEventSubscriber/LOADING]: Auto-subscribing slimeknights.tconstruct.tools.logic.ModifierEvents to FORGE
[10Jan2026 02:46:27.621] [modloading-worker-0/DEBUG] [net.minecraftforge.fml.javafmlmod.AutomaticEventSubscriber/LOADING]: Attempting to inject @EventBusSubscriber classes into the eventbus for twilightforest
[10Jan2026 02:46:27.621] [modloading-worker-0/DEBUG] [net.minecraftforge.fml.javafmlmod.AutomaticEventSubscriber/LOADING]: Auto-subscribing twilightforest.util.TFRemapper to FORGE
[10Jan2026 02:46:27.622] [modloading-worker-0/DEBUG] [net.minecraftforge.fml.javafmlmod.AutomaticEventSubscriber/LOADING]: Auto-subscribing slimeknights.tconstruct.tools.logic.InteractionHandler to FORGE
[10Jan2026 02:46:27.624] [modloading-worker-0/DEBUG] [net.minecraftforge.fml.javafmlmod.AutomaticEventSubscriber/LOADING]: Auto-subscribing twilightforest.loot.modifiers.GiantToolGroupingModifier to FORGE
[10Jan2026 02:46:27.626] [modloading-worker-0/DEBUG] [net.minecraftforge.fml.javafmlmod.AutomaticEventSubscriber/LOADING]: Auto-subscribing twilightforest.item.OreMagnetItem to FORGE
[10Jan2026 02:46:27.632] [modloading-worker-0/DEBUG] [net.minecraftforge.fml.javafmlmod.AutomaticEventSubscriber/LOADING]: Auto-subscribing slimeknights.tconstruct.tools.logic.DoubleJumpHandler to FORGE
[10Jan2026 02:46:27.637] [modloading-worker-0/DEBUG] [net.minecraftforge.fml.javafmlmod.AutomaticEventSubscriber/LOADING]: Auto-subscribing slimeknights.tconstruct.shared.CommonsEvents to FORGE
[10Jan2026 02:46:27.637] [modloading-worker-0/DEBUG] [net.minecraftforge.fml.javafmlmod.AutomaticEventSubscriber/LOADING]: Auto-subscribing twilightforest.item.FierySwordItem to FORGE
[10Jan2026 02:46:27.639] [modloading-worker-0/DEBUG] [net.minecraftforge.fml.javafmlmod.AutomaticEventSubscriber/LOADING]: Auto-subscribing slimeknights.tconstruct.shared.AchievementEvents to FORGE
[10Jan2026 02:46:27.639] [modloading-worker-0/DEBUG] [net.minecraftforge.fml.javafmlmod.AutomaticEventSubscriber/LOADING]: Auto-subscribing twilightforest.init.TFEntities to MOD
[10Jan2026 02:46:27.640] [modloading-worker-0/DEBUG] [net.minecraftforge.fml.javafmlmod.AutomaticEventSubscriber/LOADING]: Auto-subscribing slimeknights.tconstruct.fluids.FluidEvents to FORGE
[10Jan2026 02:46:27.641] [modloading-worker-0/DEBUG] [net.minecraftforge.fml.javafmlmod.AutomaticEventSubscriber/LOADING]: Auto-subscribing slimeknights.tconstruct.common.Sounds to MOD
[10Jan2026 02:46:27.642] [modloading-worker-0/DEBUG] [net.minecraftforge.fml.javafmlmod.AutomaticEventSubscriber/LOADING]: Auto-subscribing slimeknights.tconstruct.TConstruct to MOD
[10Jan2026 02:46:27.645] [modloading-worker-0/DEBUG] [net.minecraftforge.fml.javafmlmod.AutomaticEventSubscriber/LOADING]: Attempting to inject @EventBusSubscriber classes into the eventbus for spark
[10Jan2026 02:46:27.646] [modloading-worker-0/DEBUG] [net.minecraftforge.fml.javafmlmod.AutomaticEventSubscriber/LOADING]: Auto-subscribing twilightforest.init.TFCaveCarvers to MOD
[10Jan2026 02:46:27.648] [modloading-worker-0/DEBUG] [net.minecraftforge.fml.javafmlmod.AutomaticEventSubscriber/LOADING]: Auto-subscribing twilightforest.events.ToolEvents to FORGE
[10Jan2026 02:46:27.651] [modloading-worker-0/DEBUG] [net.minecraftforge.fml.javafmlmod.AutomaticEventSubscriber/LOADING]: Auto-subscribing twilightforest.events.ProgressionEvents to FORGE
[10Jan2026 02:46:27.657] [modloading-worker-0/DEBUG] [net.minecraftforge.fml.javafmlmod.AutomaticEventSubscriber/LOADING]: Auto-subscribing twilightforest.events.MiscEvents to FORGE
[10Jan2026 02:46:27.658] [modloading-worker-0/DEBUG] [mixin/]: Mixing StalkerImmunity from borninconfiguration.mixins.json into net.mcreator.borninchaosv.entity.NightmareStalkerEntity
[10Jan2026 02:46:27.658] [modloading-worker-0/DEBUG] [mixin/]: borninconfiguration.mixins.json:StalkerImmunity: Class version 61 required is higher than the class version supported by the current version of Mixin (JAVA_8 supports class version 52)
[10Jan2026 02:46:27.664] [modloading-worker-0/DEBUG] [net.minecraftforge.fml.javafmlmod.AutomaticEventSubscriber/LOADING]: Auto-subscribing twilightforest.events.HostileMountEvents to FORGE
[10Jan2026 02:46:27.669] [modloading-worker-0/DEBUG] [net.minecraftforge.fml.javafmlmod.AutomaticEventSubscriber/LOADING]: Auto-subscribing twilightforest.events.EntityEvents to FORGE
[10Jan2026 02:46:27.680] [modloading-worker-0/DEBUG] [net.minecraftforge.fml.javafmlmod.AutomaticEventSubscriber/LOADING]: Auto-subscribing twilightforest.events.CharmEvents to FORGE
[10Jan2026 02:46:27.682] [modloading-worker-0/DEBUG] [net.minecraftforge.fml.javafmlmod.AutomaticEventSubscriber/LOADING]: Auto-subscribing twilightforest.events.CapabilityEvents to FORGE
[10Jan2026 02:46:27.685] [modloading-worker-0/DEBUG] [net.minecraftforge.fml.javafmlmod.AutomaticEventSubscriber/LOADING]: Auto-subscribing twilightforest.data.DataGenerators to MOD
[10Jan2026 02:46:27.688] [modloading-worker-0/DEBUG] [net.minecraftforge.fml.javafmlmod.AutomaticEventSubscriber/LOADING]: Auto-subscribing twilightforest.TFTickHandler to FORGE
[10Jan2026 02:46:27.690] [modloading-worker-0/DEBUG] [net.minecraftforge.fml.javafmlmod.AutomaticEventSubscriber/LOADING]: Auto-subscribing twilightforest.TFConfig to MOD
[10Jan2026 02:46:27.691] [modloading-worker-0/DEBUG] [net.minecraftforge.fml.javafmlmod.AutomaticEventSubscriber/LOADING]: Auto-subscribing twilightforest.TFConfig$ConfigSync to FORGE
[10Jan2026 02:46:27.698] [modloading-worker-0/DEBUG] [net.minecraftforge.fml.config.ConfigTracker/CONFIG]: Config file curios-client.toml for curios tracking
[10Jan2026 02:46:27.700] [modloading-worker-0/DEBUG] [net.minecraftforge.fml.config.ConfigTracker/CONFIG]: Config file curios-common.toml for curios tracking
[10Jan2026 02:46:27.703] [modloading-worker-0/DEBUG] [net.minecraftforge.fml.config.ConfigTracker/CONFIG]: Config file curios-server.toml for curios tracking
[10Jan2026 02:46:27.703] [modloading-worker-0/DEBUG] [net.minecraftforge.fml.javafmlmod.AutomaticEventSubscriber/LOADING]: Attempting to inject @EventBusSubscriber classes into the eventbus for curios
[10Jan2026 02:46:27.707] [modloading-worker-0/DEBUG] [net.minecraftforge.fml.config.ConfigTracker/CONFIG]: Config file mantle-client.toml for mantle tracking
[10Jan2026 02:46:27.707] [modloading-worker-0/DEBUG] [net.minecraftforge.fml.config.ConfigTracker/CONFIG]: Config file mantle-server.toml for mantle tracking
[10Jan2026 02:46:27.722] [modloading-worker-0/DEBUG] [net.minecraftforge.fml.javafmlmod.AutomaticEventSubscriber/LOADING]: Attempting to inject @EventBusSubscriber classes into the eventbus for mantle
[10Jan2026 02:46:27.763] [modloading-worker-0/DEBUG] [net.minecraftforge.fml.javafmlmod.AutomaticEventSubscriber/LOADING]: Attempting to inject @EventBusSubscriber classes into the eventbus for born_in_chaos_v1
[10Jan2026 02:46:27.764] [modloading-worker-0/DEBUG] [net.minecraftforge.fml.javafmlmod.AutomaticEventSubscriber/LOADING]: Auto-subscribing net.mcreator.borninchaosv.recipes.brewing.StimulatingDecoctionPBrewingRecipe to MOD
[10Jan2026 02:46:27.765] [modloading-worker-0/DEBUG] [net.minecraftforge.fml.javafmlmod.AutomaticEventSubscriber/LOADING]: Auto-subscribing net.mcreator.borninchaosv.recipes.brewing.SeaTerrorEyeKBrewingRecipe to MOD
[10Jan2026 02:46:27.766] [modloading-worker-0/DEBUG] [net.minecraftforge.fml.javafmlmod.AutomaticEventSubscriber/LOADING]: Auto-subscribing net.mcreator.borninchaosv.recipes.brewing.PotionofRampagekBrewingRecipe to MOD
[10Jan2026 02:46:27.767] [modloading-worker-0/DEBUG] [net.minecraftforge.fml.javafmlmod.AutomaticEventSubscriber/LOADING]: Auto-subscribing net.mcreator.borninchaosv.recipes.brewing.PotionofMagicalDepletionKBrewingRecipe to MOD
[10Jan2026 02:46:27.767] [modloading-worker-0/DEBUG] [net.minecraftforge.fml.javafmlmod.AutomaticEventSubscriber/LOADING]: Auto-subscribing net.mcreator.borninchaosv.recipes.brewing.PotionofLivingCocoonCraftBrewingRecipe to MOD
[10Jan2026 02:46:27.769] [modloading-worker-0/DEBUG] [net.minecraftforge.fml.javafmlmod.AutomaticEventSubscriber/LOADING]: Auto-subscribing net.mcreator.borninchaosv.recipes.brewing.IntoxicationPotionKBrewingRecipe to MOD
[10Jan2026 02:46:27.770] [modloading-worker-0/DEBUG] [net.minecraftforge.fml.javafmlmod.AutomaticEventSubscriber/LOADING]: Auto-subscribing net.mcreator.borninchaosv.recipes.brewing.ElixirofWitherResistanceCraftBrewingRecipe to MOD
[10Jan2026 02:46:27.771] [modloading-worker-0/DEBUG] [net.minecraftforge.fml.javafmlmod.AutomaticEventSubscriber/LOADING]: Auto-subscribing net.mcreator.borninchaosv.recipes.brewing.ElixirofVampirismKBrewingRecipe to MOD
[10Jan2026 02:46:27.774] [modloading-worker-0/DEBUG] [xaero.hud.minimap.MinimapLogs/]: Loaded xaero.common.platform.services.ForgePlatformHelper@301c22da for service interface xaero.common.platform.services.IPlatformHelper
[10Jan2026 02:46:27.774] [modloading-worker-0/DEBUG] [net.minecraftforge.fml.javafmlmod.AutomaticEventSubscriber/LOADING]: Auto-subscribing net.mcreator.borninchaosv.recipes.brewing.ElixirofInsectProtectionCraftBrewingRecipe to MOD
[10Jan2026 02:46:27.775] [modloading-worker-0/DEBUG] [net.minecraftforge.fml.javafmlmod.AutomaticEventSubscriber/LOADING]: Auto-subscribing net.mcreator.borninchaosv.recipes.brewing.ElixirofIceBarrierCraftBrewingRecipe to MOD
[10Jan2026 02:46:27.776] [modloading-worker-0/DEBUG] [net.minecraftforge.fml.javafmlmod.AutomaticEventSubscriber/LOADING]: Auto-subscribing net.mcreator.borninchaosv.recipes.brewing.ChaosComponentCraftBrewingRecipe to MOD
[10Jan2026 02:46:27.777] [modloading-worker-0/DEBUG] [net.minecraftforge.fml.javafmlmod.AutomaticEventSubscriber/LOADING]: Auto-subscribing net.mcreator.borninchaosv.recipes.brewing.BottleOfMagicalEnergyKBrewingRecipe to MOD
[10Jan2026 02:46:27.779] [modloading-worker-0/DEBUG] [net.minecraftforge.fml.javafmlmod.AutomaticEventSubscriber/LOADING]: Auto-subscribing net.mcreator.borninchaosv.procedures.ZombieswithDoorPriObnovlieniiTaktaSushchnostiProcedure to FORGE
[10Jan2026 02:46:27.780] [modloading-worker-0/DEBUG] [net.minecraftforge.fml.javafmlmod.AutomaticEventSubscriber/LOADING]: Auto-subscribing net.mcreator.borninchaosv.procedures.ZombiefishermanatackProcedure to FORGE
[10Jan2026 02:46:27.782] [modloading-worker-0/DEBUG] [net.minecraftforge.fml.javafmlmod.AutomaticEventSubscriber/LOADING]: Auto-subscribing net.mcreator.borninchaosv.procedures.ZombieclownatacProcedure to FORGE
[10Jan2026 02:46:27.783] [modloading-worker-0/DEBUG] [net.minecraftforge.fml.javafmlmod.AutomaticEventSubscriber/LOADING]: Auto-subscribing net.mcreator.borninchaosv.procedures.ZombieMaggotsProcedure to FORGE
[10Jan2026 02:46:27.788] [modloading-worker-0/DEBUG] [net.minecraftforge.fml.javafmlmod.AutomaticEventSubscriber/LOADING]: Auto-subscribing net.mcreator.borninchaosv.procedures.ZombieLumberjackAtackProcedure to FORGE
[10Jan2026 02:46:27.788] [modloading-worker-0/DEBUG] [net.minecraftforge.fml.javafmlmod.AutomaticEventSubscriber/LOADING]: Auto-subscribing net.mcreator.borninchaosv.procedures.ZombieBruiseratackProcedure to FORGE
[10Jan2026 02:46:27.789] [modloading-worker-0/DEBUG] [net.minecraftforge.fml.javafmlmod.AutomaticEventSubscriber/LOADING]: Auto-subscribing net.mcreator.borninchaosv.procedures.WarningSoundProcedure to FORGE
[10Jan2026 02:46:27.790] [modloading-worker-0/DEBUG] [mixin/]: Mixing spawning.WarningConfig from borninconfiguration.mixins.json into net.mcreator.borninchaosv.procedures.WarningSoundProcedure
[10Jan2026 02:46:27.790] [modloading-worker-0/DEBUG] [mixin/]: borninconfiguration.mixins.json:spawning.WarningConfig: Class version 61 required is higher than the class version supported by the current version of Mixin (JAVA_8 supports class version 52)
[10Jan2026 02:46:27.794] [modloading-worker-0/DEBUG] [net.minecraftforge.fml.javafmlmod.AutomaticEventSubscriber/LOADING]: Auto-subscribing net.mcreator.borninchaosv.procedures.VampiricTouchAtackProcedure to FORGE
[10Jan2026 02:46:27.796] [modloading-worker-0/DEBUG] [net.minecraftforge.fml.javafmlmod.AutomaticEventSubscriber/LOADING]: Auto-subscribing net.mcreator.borninchaosv.procedures.TransmutingElixirclicProcedure to FORGE
[10Jan2026 02:46:27.798] [modloading-worker-0/DEBUG] [net.minecraftforge.fml.javafmlmod.AutomaticEventSubscriber/LOADING]: Auto-subscribing net.mcreator.borninchaosv.procedures.ThornshellCrabPriShchielchkiePKMPoSushchnostiProcedure to FORGE
[10Jan2026 02:46:27.796] [modloading-worker-0/DEBUG] [net.minecraftforge.fml.javafmlmod.AutomaticEventSubscriber/LOADING]: Attempting to inject @EventBusSubscriber classes into the eventbus for xaerominimap
[10Jan2026 02:46:27.802] [modloading-worker-0/DEBUG] [net.minecraftforge.fml.javafmlmod.AutomaticEventSubscriber/LOADING]: Auto-subscribing net.mcreator.borninchaosv.procedures.SwarmerPreparationProcedure to FORGE
[10Jan2026 02:46:27.804] [modloading-worker-0/INFO] [Collective/]: Loading Collective version 8.13.
[10Jan2026 02:46:27.805] [modloading-worker-0/DEBUG] [net.minecraftforge.fml.javafmlmod.AutomaticEventSubscriber/LOADING]: Auto-subscribing net.mcreator.borninchaosv.procedures.SpiritofChaosAtackProcedure to FORGE
[10Jan2026 02:46:27.811] [modloading-worker-0/DEBUG] [net.minecraftforge.fml.javafmlmod.AutomaticEventSubscriber/LOADING]: Auto-subscribing net.mcreator.borninchaosv.procedures.SpiritGuideAtacProcedure to FORGE
[10Jan2026 02:46:27.814] [modloading-worker-0/DEBUG] [mixin/]: Mixing item.wearable.charmofsinking.EnchantmentHelperMixin from mixins.artifacts.common.json into net.minecraft.world.item.enchantment.EnchantmentHelper
[10Jan2026 02:46:27.816] [modloading-worker-0/DEBUG] [mixin/]: Mixing item.wearable.pendant.EnchantmentHelperMixin from mixins.artifacts.common.json into net.minecraft.world.item.enchantment.EnchantmentHelper
[10Jan2026 02:46:27.819] [modloading-worker-0/DEBUG] [net.minecraftforge.fml.javafmlmod.AutomaticEventSubscriber/LOADING]: Auto-subscribing net.mcreator.borninchaosv.procedures.SpinyShellArmorKazhdyiTikDliaShliemaProcedure to FORGE
[10Jan2026 02:46:27.822] [modloading-worker-0/DEBUG] [mixin/]: Mixing common.access.recipe.AccessSmithingTrimRecipe from crafttweaker.mixins.json into net.minecraft.world.item.crafting.SmithingTrimRecipe
[10Jan2026 02:46:27.826] [modloading-worker-0/DEBUG] [net.minecraftforge.fml.javafmlmod.AutomaticEventSubscriber/LOADING]: Auto-subscribing net.mcreator.borninchaosv.procedures.SkeletonThrasherDProcedure to FORGE
[10Jan2026 02:46:27.827] [modloading-worker-0/DEBUG] [net.minecraftforge.fml.javafmlmod.AutomaticEventSubscriber/LOADING]: Auto-subscribing net.mcreator.borninchaosv.procedures.SerPumpkinheadAtacProcedure to FORGE
[10Jan2026 02:46:27.828] [modloading-worker-0/DEBUG] [mixin/]: Mixing common.access.recipe.AccessSmithingTransformRecipe from crafttweaker.mixins.json into net.minecraft.world.item.crafting.SmithingTransformRecipe
[10Jan2026 02:46:27.828] [modloading-worker-0/DEBUG] [net.minecraftforge.fml.javafmlmod.AutomaticEventSubscriber/LOADING]: Auto-subscribing net.mcreator.borninchaosv.procedures.SearedspiritPProcedure to FORGE
[10Jan2026 02:46:27.829] [modloading-worker-0/DEBUG] [net.minecraftforge.fml.javafmlmod.AutomaticEventSubscriber/LOADING]: Auto-subscribing net.mcreator.borninchaosv.procedures.RampagePProcedure to FORGE
[10Jan2026 02:46:27.831] [modloading-worker-0/DEBUG] [net.minecraftforge.fml.javafmlmod.AutomaticEventSubscriber/LOADING]: Auto-subscribing net.mcreator.borninchaosv.procedures.PumpkinbruiserAtacProcedure to FORGE
[10Jan2026 02:46:27.833] [modloading-worker-0/DEBUG] [net.minecraftforge.fml.javafmlmod.AutomaticEventSubscriber/LOADING]: Auto-subscribing net.mcreator.borninchaosv.procedures.PositiveTamingProcedure to FORGE
[10Jan2026 02:46:27.837] [modloading-worker-0/DEBUG] [net.minecraftforge.fml.javafmlmod.AutomaticEventSubscriber/LOADING]: Auto-subscribing net.mcreator.borninchaosv.procedures.PositiveFertilizerProcedure to FORGE
[10Jan2026 02:46:27.839] [modloading-worker-0/DEBUG] [net.minecraftforge.fml.javafmlmod.AutomaticEventSubscriber/LOADING]: Auto-subscribing net.mcreator.borninchaosv.procedures.PiritAtacProcedure to FORGE
[10Jan2026 02:46:27.842] [modloading-worker-0/DEBUG] [net.minecraftforge.fml.javafmlmod.AutomaticEventSubscriber/LOADING]: Attempting to inject @EventBusSubscriber classes into the eventbus for collective
[10Jan2026 02:46:27.842] [modloading-worker-0/DEBUG] [net.minecraftforge.fml.javafmlmod.AutomaticEventSubscriber/LOADING]: Auto-subscribing com.natamus.collective.forge.events.RegisterCollectiveForgeEvents to FORGE
[10Jan2026 02:46:27.842] [modloading-worker-0/DEBUG] [net.minecraftforge.fml.javafmlmod.AutomaticEventSubscriber/LOADING]: Auto-subscribing net.mcreator.borninchaosv.procedures.ObsessiondeadProcedure to FORGE
[10Jan2026 02:46:27.843] [modloading-worker-0/DEBUG] [net.minecraftforge.fml.javafmlmod.AutomaticEventSubscriber/LOADING]: Auto-subscribing net.mcreator.borninchaosv.procedures.NightmareStalkerDamProcedure to FORGE
[10Jan2026 02:46:27.846] [modloading-worker-0/DEBUG] [net.minecraftforge.fml.javafmlmod.AutomaticEventSubscriber/LOADING]: Auto-subscribing net.mcreator.borninchaosv.procedures.MrPumpkinAtacProcedure to FORGE
[10Jan2026 02:46:27.847] [modloading-worker-0/DEBUG] [net.minecraftforge.fml.javafmlmod.AutomaticEventSubscriber/LOADING]: Auto-subscribing net.mcreator.borninchaosv.procedures.MotherSpiderAtackProcedure to FORGE
[10Jan2026 02:46:27.849] [modloading-worker-0/DEBUG] [net.minecraftforge.fml.javafmlmod.AutomaticEventSubscriber/LOADING]: Auto-subscribing net.mcreator.borninchaosv.procedures.MissionaryHatpProcedure to FORGE
[10Jan2026 02:46:27.850] [modloading-worker-0/DEBUG] [net.minecraftforge.fml.javafmlmod.AutomaticEventSubscriber/LOADING]: Auto-subscribing net.mcreator.borninchaosv.procedures.MissionaryAtacktargetProcedure to FORGE
[10Jan2026 02:46:27.851] [modloading-worker-0/DEBUG] [net.minecraftforge.fml.javafmlmod.AutomaticEventSubscriber/LOADING]: Auto-subscribing net.mcreator.borninchaosv.procedures.MinionsattacktargetProcedure to FORGE
[10Jan2026 02:46:27.854] [modloading-worker-0/DEBUG] [net.minecraftforge.fml.javafmlmod.AutomaticEventSubscriber/LOADING]: Auto-subscribing net.mcreator.borninchaosv.procedures.LunarSpruceCowboyPProcedure to FORGE
[10Jan2026 02:46:27.855] [modloading-worker-0/DEBUG] [net.minecraftforge.fml.javafmlmod.AutomaticEventSubscriber/LOADING]: Auto-subscribing net.mcreator.borninchaosv.procedures.LordsFelsteedatackProcedure to FORGE
[10Jan2026 02:46:27.856] [modloading-worker-0/DEBUG] [net.minecraftforge.fml.javafmlmod.AutomaticEventSubscriber/LOADING]: Auto-subscribing net.mcreator.borninchaosv.procedures.LordTheHeadlessAtackProcedure to FORGE
[10Jan2026 02:46:27.852] [modloading-worker-0/DEBUG] [net.minecraftforge.fml.config.ConfigTracker/CONFIG]: Config file securitycraft-client.toml for securitycraft tracking
[10Jan2026 02:46:27.856] [modloading-worker-0/DEBUG] [net.minecraftforge.fml.config.ConfigTracker/CONFIG]: Config file securitycraft-server.toml for securitycraft tracking
[10Jan2026 02:46:27.856] [modloading-worker-0/DEBUG] [net.minecraftforge.fml.javafmlmod.AutomaticEventSubscriber/LOADING]: Auto-subscribing net.mcreator.borninchaosv.procedures.LordPumpkinheadsHatHitProcedure to FORGE
[10Jan2026 02:46:27.860] [modloading-worker-0/DEBUG] [net.minecraftforge.fml.javafmlmod.AutomaticEventSubscriber/LOADING]: Auto-subscribing net.mcreator.borninchaosv.procedures.LordPumpkinheadatackProcedure to FORGE
[10Jan2026 02:46:27.861] [modloading-worker-0/DEBUG] [net.minecraftforge.fml.javafmlmod.AutomaticEventSubscriber/LOADING]: Auto-subscribing net.mcreator.borninchaosv.procedures.LivingcocoonplayersideDeadProcedure to FORGE
[10Jan2026 02:46:27.863] [modloading-worker-0/DEBUG] [net.minecraftforge.fml.javafmlmod.AutomaticEventSubscriber/LOADING]: Auto-subscribing net.mcreator.borninchaosv.procedures.LivingCocoonDeadProcedure to FORGE
[10Jan2026 02:46:27.864] [modloading-worker-0/DEBUG] [net.minecraftforge.fml.javafmlmod.AutomaticEventSubscriber/LOADING]: Auto-subscribing net.mcreator.borninchaosv.procedures.LifestealerTFAtackProcedure to FORGE
[10Jan2026 02:46:27.865] [modloading-worker-0/DEBUG] [net.minecraftforge.fml.javafmlmod.AutomaticEventSubscriber/LOADING]: Auto-subscribing net.mcreator.borninchaosv.procedures.LifestealerAtackProcedure to FORGE
[10Jan2026 02:46:27.867] [modloading-worker-0/DEBUG] [net.minecraftforge.fml.javafmlmod.AutomaticEventSubscriber/LOADING]: Auto-subscribing net.mcreator.borninchaosv.procedures.KrampusHenchmanAttackProcedure to FORGE
[10Jan2026 02:46:27.869] [modloading-worker-0/DEBUG] [mixin/]: Mixing HenchmanAttackMixin from borninconfiguration.mixins.json into net.mcreator.borninchaosv.procedures.KrampusHenchmanAttackProcedure
[10Jan2026 02:46:27.869] [modloading-worker-0/DEBUG] [mixin/]: borninconfiguration.mixins.json:HenchmanAttackMixin: Class version 61 required is higher than the class version supported by the current version of Mixin (JAVA_8 supports class version 52)
[10Jan2026 02:46:27.871] [modloading-worker-0/DEBUG] [net.minecraftforge.fml.javafmlmod.AutomaticEventSubscriber/LOADING]: Auto-subscribing net.mcreator.borninchaosv.procedures.KrampusAttackProcedure to FORGE
[10Jan2026 02:46:27.874] [modloading-worker-0/DEBUG] [net.minecraftforge.fml.javafmlmod.AutomaticEventSubscriber/LOADING]: Auto-subscribing net.mcreator.borninchaosv.procedures.KillinganimalsProcedure to FORGE
[10Jan2026 02:46:27.875] [modloading-worker-0/DEBUG] [net.minecraftforge.fml.javafmlmod.AutomaticEventSubscriber/LOADING]: Auto-subscribing net.mcreator.borninchaosv.procedures.KillingVillagersProcedure to FORGE
[10Jan2026 02:46:27.876] [modloading-worker-0/DEBUG] [net.minecraftforge.fml.javafmlmod.AutomaticEventSubscriber/LOADING]: Auto-subscribing net.mcreator.borninchaosv.procedures.InsectProtectionTrigerProcedure to FORGE
[10Jan2026 02:46:27.879] [modloading-worker-0/DEBUG] [net.minecraftforge.fml.javafmlmod.AutomaticEventSubscriber/LOADING]: Auto-subscribing net.mcreator.borninchaosv.procedures.InfernalSpiritAtackProcedure to FORGE
[10Jan2026 02:46:27.881] [modloading-worker-0/DEBUG] [net.minecraftforge.fml.javafmlmod.AutomaticEventSubscriber/LOADING]: Auto-subscribing net.mcreator.borninchaosv.procedures.IceBarrierAttackProcedure to FORGE
[10Jan2026 02:46:27.884] [modloading-worker-0/DEBUG] [net.minecraftforge.fml.javafmlmod.AutomaticEventSubscriber/LOADING]: Auto-subscribing net.mcreator.borninchaosv.procedures.HewnScorchedLogPProcedure to FORGE
[10Jan2026 02:46:27.885] [modloading-worker-0/DEBUG] [net.minecraftforge.fml.javafmlmod.AutomaticEventSubscriber/LOADING]: Auto-subscribing net.mcreator.borninchaosv.procedures.HalloweenEventSpawnProcedure to FORGE
[10Jan2026 02:46:27.888] [modloading-worker-0/DEBUG] [net.minecraftforge.fml.javafmlmod.AutomaticEventSubscriber/LOADING]: Auto-subscribing net.mcreator.borninchaosv.procedures.HalloweenEventDropProcedure to FORGE
[10Jan2026 02:46:27.889] [modloading-worker-0/DEBUG] [net.minecraftforge.fml.javafmlmod.AutomaticEventSubscriber/LOADING]: Auto-subscribing net.mcreator.borninchaosv.procedures.GluttonfishatackProcedure to FORGE
[10Jan2026 02:46:27.891] [modloading-worker-0/DEBUG] [net.minecraftforge.fml.javafmlmod.AutomaticEventSubscriber/LOADING]: Auto-subscribing net.mcreator.borninchaosv.procedures.FragileScorchedPlanksPProcedure to FORGE
[10Jan2026 02:46:27.892] [modloading-worker-0/DEBUG] [net.minecraftforge.fml.javafmlmod.AutomaticEventSubscriber/LOADING]: Auto-subscribing net.mcreator.borninchaosv.procedures.FirelightDProcedure to FORGE
[10Jan2026 02:46:27.893] [modloading-worker-0/DEBUG] [net.minecraftforge.fml.javafmlmod.AutomaticEventSubscriber/LOADING]: Auto-subscribing net.mcreator.borninchaosv.procedures.ExperienceContainerDeathProcedure to FORGE
[10Jan2026 02:46:27.897] [modloading-worker-0/DEBUG] [net.minecraftforge.fml.javafmlmod.AutomaticEventSubscriber/LOADING]: Auto-subscribing net.mcreator.borninchaosv.procedures.EvilCarvedPumpkinPProcedure to FORGE
[10Jan2026 02:46:27.897] [modloading-worker-0/DEBUG] [net.minecraftforge.fml.javafmlmod.AutomaticEventSubscriber/LOADING]: Auto-subscribing net.mcreator.borninchaosv.procedures.EatingRottenFleshProcedure to FORGE
[10Jan2026 02:46:27.898] [modloading-worker-0/DEBUG] [mixin/]: Mixing RottenConsumption from borninconfiguration.mixins.json into net.mcreator.borninchaosv.procedures.EatingRottenFleshProcedure
[10Jan2026 02:46:27.898] [modloading-worker-0/DEBUG] [mixin/]: borninconfiguration.mixins.json:RottenConsumption: Class version 61 required is higher than the class version supported by the current version of Mixin (JAVA_8 supports class version 52)
[10Jan2026 02:46:27.902] [modloading-worker-0/DEBUG] [net.minecraftforge.fml.javafmlmod.AutomaticEventSubscriber/LOADING]: Auto-subscribing net.mcreator.borninchaosv.procedures.EasterDropProcedure to FORGE
[10Jan2026 02:46:27.907] [modloading-worker-0/DEBUG] [net.minecraftforge.fml.javafmlmod.AutomaticEventSubscriber/LOADING]: Auto-subscribing net.mcreator.borninchaosv.procedures.DreadHoundPriNazhatiiPravoiKnopkiNaSushchnostProcedure to FORGE
[10Jan2026 02:46:27.909] [modloading-worker-0/DEBUG] [net.minecraftforge.fml.javafmlmod.AutomaticEventSubscriber/LOADING]: Auto-subscribing net.mcreator.borninchaosv.procedures.DreadHoundAtacProcedure to FORGE
[10Jan2026 02:46:27.909] [modloading-worker-0/DEBUG] [net.minecraftforge.fml.javafmlmod.AutomaticEventSubscriber/LOADING]: Auto-subscribing net.mcreator.borninchaosv.procedures.DireHoundLeaderAtackProcedure to FORGE
[10Jan2026 02:46:27.910] [modloading-worker-0/DEBUG] [net.minecraftforge.fml.javafmlmod.AutomaticEventSubscriber/LOADING]: Auto-subscribing net.mcreator.borninchaosv.procedures.DimonBaitProcedure to FORGE
[10Jan2026 02:46:27.917] [modloading-worker-0/DEBUG] [net.minecraftforge.fml.javafmlmod.AutomaticEventSubscriber/LOADING]: Auto-subscribing net.mcreator.borninchaosv.procedures.DeathTotemKoghdaPriedmietNakhoditsiaVRukieProcedure to FORGE
[10Jan2026 02:46:27.918] [modloading-worker-0/DEBUG] [net.minecraftforge.fml.javafmlmod.AutomaticEventSubscriber/LOADING]: Auto-subscribing net.mcreator.borninchaosv.procedures.DarkWardActivProcedure to FORGE
[10Jan2026 02:46:27.919] [modloading-worker-0/DEBUG] [net.minecraftforge.fml.javafmlmod.AutomaticEventSubscriber/LOADING]: Auto-subscribing net.mcreator.borninchaosv.procedures.DarkRitualDaggerPProcedure to FORGE
[10Jan2026 02:46:27.923] [modloading-worker-0/DEBUG] [net.minecraftforge.fml.javafmlmod.AutomaticEventSubscriber/LOADING]: Auto-subscribing net.mcreator.borninchaosv.procedures.DZombieDProcedure to FORGE
[10Jan2026 02:46:27.923] [modloading-worker-0/DEBUG] [net.minecraftforge.fml.javafmlmod.AutomaticEventSubscriber/LOADING]: Auto-subscribing net.mcreator.borninchaosv.procedures.CursedMarkAtacProcedure to FORGE
[10Jan2026 02:46:27.926] [modloading-worker-0/DEBUG] [mixin/]: Mixing CursedMarkAttack from borninconfiguration.mixins.json into net.mcreator.borninchaosv.procedures.CursedMarkAtacProcedure
[10Jan2026 02:46:27.927] [modloading-worker-0/DEBUG] [mixin/]: borninconfiguration.mixins.json:CursedMarkAttack: Class version 61 required is higher than the class version supported by the current version of Mixin (JAVA_8 supports class version 52)
[10Jan2026 02:46:27.931] [modloading-worker-0/DEBUG] [net.minecraftforge.fml.javafmlmod.AutomaticEventSubscriber/LOADING]: Auto-subscribing net.mcreator.borninchaosv.procedures.CorpseflyatacProcedure to FORGE
[10Jan2026 02:46:27.932] [modloading-worker-0/DEBUG] [net.minecraftforge.fml.javafmlmod.AutomaticEventSubscriber/LOADING]: Auto-subscribing net.mcreator.borninchaosv.procedures.BoneBarrierProProcedure to FORGE
[10Jan2026 02:46:27.933] [modloading-worker-0/DEBUG] [net.minecraftforge.fml.javafmlmod.AutomaticEventSubscriber/LOADING]: Auto-subscribing net.mcreator.borninchaosv.procedures.BloodyGadflyAtacProcedure to FORGE
[10Jan2026 02:46:27.934] [modloading-worker-0/DEBUG] [net.minecraftforge.fml.javafmlmod.AutomaticEventSubscriber/LOADING]: Auto-subscribing net.mcreator.borninchaosv.procedures.BlockSkeletonTrasherProcedure to FORGE
[10Jan2026 02:46:27.936] [modloading-worker-0/DEBUG] [net.minecraftforge.fml.javafmlmod.AutomaticEventSubscriber/LOADING]: Auto-subscribing net.mcreator.borninchaosv.procedures.BabyspidercontrolledAtackProcedure to FORGE
[10Jan2026 02:46:27.938] [modloading-worker-0/DEBUG] [net.minecraftforge.fml.javafmlmod.AutomaticEventSubscriber/LOADING]: Auto-subscribing net.mcreator.borninchaosv.procedures.BabySpiderAtackProcedure to FORGE
[10Jan2026 02:46:27.939] [modloading-worker-0/DEBUG] [net.minecraftforge.fml.javafmlmod.AutomaticEventSubscriber/LOADING]: Auto-subscribing net.mcreator.borninchaosv.procedures.AxeAtackProcedure to FORGE
[10Jan2026 02:46:27.942] [modloading-worker-0/DEBUG] [mixin/]: Mixing AxeAttackMixin from borninconfiguration.mixins.json into net.mcreator.borninchaosv.procedures.AxeAtackProcedure
[10Jan2026 02:46:27.942] [modloading-worker-0/DEBUG] [mixin/]: borninconfiguration.mixins.json:AxeAttackMixin: Class version 61 required is higher than the class version supported by the current version of Mixin (JAVA_8 supports class version 52)
[10Jan2026 02:46:27.950] [modloading-worker-0/DEBUG] [net.minecraftforge.fml.javafmlmod.AutomaticEventSubscriber/LOADING]: Auto-subscribing net.mcreator.borninchaosv.procedures.AttackoftheDisobedientProcedure to FORGE
[10Jan2026 02:46:27.953] [modloading-worker-0/DEBUG] [net.minecraftforge.fml.javafmlmod.AutomaticEventSubscriber/LOADING]: Auto-subscribing net.mcreator.borninchaosv.network.BornInChaosV1ModVariables to MOD
[10Jan2026 02:46:27.955] [modloading-worker-0/DEBUG] [net.minecraftforge.fml.javafmlmod.AutomaticEventSubscriber/LOADING]: Auto-subscribing net.mcreator.borninchaosv.network.BornInChaosV1ModVariables$PlayerVariablesProvider to FORGE
[10Jan2026 02:46:27.959] [modloading-worker-0/DEBUG] [net.minecraftforge.fml.javafmlmod.AutomaticEventSubscriber/LOADING]: Auto-subscribing net.mcreator.borninchaosv.network.BornInChaosV1ModVariables$EventBusVariableHandlers to FORGE
[10Jan2026 02:46:27.961] [modloading-worker-0/DEBUG] [net.minecraftforge.fml.javafmlmod.AutomaticEventSubscriber/LOADING]: Auto-subscribing net.mcreator.borninchaosv.init.ItemAnimationFactory to FORGE
[10Jan2026 02:46:27.962] [modloading-worker-0/DEBUG] [net.minecraftforge.fml.javafmlmod.AutomaticEventSubscriber/LOADING]: Auto-subscribing net.mcreator.borninchaosv.init.EntityAnimationFactory to FORGE
[10Jan2026 02:46:27.964] [modloading-worker-0/DEBUG] [net.minecraftforge.fml.javafmlmod.AutomaticEventSubscriber/LOADING]: Auto-subscribing net.mcreator.borninchaosv.init.BornInChaosV1ModGameRules to MOD
[10Jan2026 02:46:27.966] [modloading-worker-0/DEBUG] [net.minecraftforge.fml.javafmlmod.AutomaticEventSubscriber/LOADING]: Auto-subscribing net.mcreator.borninchaosv.init.BornInChaosV1ModFuels to FORGE
[10Jan2026 02:46:27.969] [modloading-worker-0/DEBUG] [net.minecraftforge.fml.javafmlmod.AutomaticEventSubscriber/LOADING]: Auto-subscribing net.mcreator.borninchaosv.init.BornInChaosV1ModFeatures to FORGE
[10Jan2026 02:46:27.969] [modloading-worker-0/DEBUG] [net.minecraftforge.fml.javafmlmod.AutomaticEventSubscriber/LOADING]: Auto-subscribing net.mcreator.borninchaosv.init.BornInChaosV1ModEntities to MOD
[10Jan2026 02:46:27.970] [modloading-worker-0/DEBUG] [net.minecraftforge.fml.javafmlmod.AutomaticEventSubscriber/LOADING]: Auto-subscribing net.mcreator.borninchaosv.init.BornInChaosV1ModCompostableItems to MOD
[10Jan2026 02:46:28.007] [modloading-worker-0/DEBUG] [net.minecraftforge.fml.config.ConfigTracker/CONFIG]: Config file tombstone-client.toml for tombstone tracking
[10Jan2026 02:46:28.007] [modloading-worker-0/DEBUG] [net.minecraftforge.fml.javafmlmod.AutomaticEventSubscriber/LOADING]: Attempting to inject @EventBusSubscriber classes into the eventbus for crafttweaker
[10Jan2026 02:46:28.008] [modloading-worker-0/DEBUG] [net.minecraftforge.fml.javafmlmod.AutomaticEventSubscriber/LOADING]: Auto-subscribing com.blamejared.crafttweaker.impl.event.CTModEventHandler to MOD
[10Jan2026 02:46:28.009] [modloading-worker-0/DEBUG] [net.minecraftforge.fml.javafmlmod.AutomaticEventSubscriber/LOADING]: Auto-subscribing com.blamejared.crafttweaker.impl.event.CTCommonEventHandler to FORGE
[10Jan2026 02:46:28.009] [modloading-worker-0/DEBUG] [net.minecraftforge.fml.config.ConfigTracker/CONFIG]: Config file tombstone-common.toml for tombstone tracking
[10Jan2026 02:46:28.017] [modloading-worker-0/DEBUG] [net.minecraftforge.fml.config.ConfigTracker/CONFIG]: Config file tombstone-server.toml for tombstone tracking
[10Jan2026 02:46:28.023] [modloading-worker-0/DEBUG] [net.minecraftforge.fml.javafmlmod.AutomaticEventSubscriber/LOADING]: Attempting to inject @EventBusSubscriber classes into the eventbus for tombstone
[10Jan2026 02:46:28.023] [modloading-worker-0/DEBUG] [net.minecraftforge.fml.javafmlmod.AutomaticEventSubscriber/LOADING]: Auto-subscribing ovh.corail.tombstone.registry.Registration to MOD
[10Jan2026 02:46:28.026] [modloading-worker-0/DEBUG] [net.minecraftforge.fml.javafmlmod.AutomaticEventSubscriber/LOADING]: Auto-subscribing ovh.corail.tombstone.perk.PerkRegistry to MOD
[10Jan2026 02:46:28.027] [modloading-worker-0/DEBUG] [net.minecraftforge.fml.javafmlmod.AutomaticEventSubscriber/LOADING]: Auto-subscribing ovh.corail.tombstone.helper.PlacedBlocksTracker$PlacedBlocksEvents to FORGE
[10Jan2026 02:46:28.029] [modloading-worker-0/DEBUG] [net.minecraftforge.fml.javafmlmod.AutomaticEventSubscriber/LOADING]: Auto-subscribing ovh.corail.tombstone.helper.LootHelper to FORGE
[10Jan2026 02:46:28.059] [modloading-worker-0/DEBUG] [net.minecraftforge.fml.javafmlmod.AutomaticEventSubscriber/LOADING]: Auto-subscribing ovh.corail.tombstone.event.EventHandler to FORGE
[10Jan2026 02:46:28.065] [modloading-worker-0/DEBUG] [net.minecraftforge.fml.javafmlmod.AutomaticEventSubscriber/LOADING]: Attempting to inject @EventBusSubscriber classes into the eventbus for architectury
[10Jan2026 02:46:28.068] [modloading-worker-0/DEBUG] [net.minecraftforge.fml.javafmlmod.AutomaticEventSubscriber/LOADING]: Auto-subscribing dev.architectury.registry.level.entity.trade.forge.TradeRegistryImpl to FORGE
[10Jan2026 02:46:28.069] [modloading-worker-0/DEBUG] [net.minecraftforge.fml.javafmlmod.AutomaticEventSubscriber/LOADING]: Auto-subscribing dev.architectury.registry.forge.ReloadListenerRegistryImpl to FORGE
[10Jan2026 02:46:28.072] [modloading-worker-0/DEBUG] [net.minecraftforge.fml.javafmlmod.AutomaticEventSubscriber/LOADING]: Auto-subscribing dev.architectury.networking.forge.NetworkManagerImpl to FORGE
[10Jan2026 02:46:28.104] [modloading-worker-0/DEBUG] [net.minecraftforge.fml.javafmlmod.AutomaticEventSubscriber/LOADING]: Auto-subscribing ovh.corail.tombstone.config.ConfigTombstone$ConfigEvent to MOD
[10Jan2026 02:46:28.108] [modloading-worker-0/DEBUG] [net.minecraftforge.fml.javafmlmod.AutomaticEventSubscriber/LOADING]: Attempting to inject @EventBusSubscriber classes into the eventbus for ferritecore
[10Jan2026 02:46:28.110] [modloading-worker-0/DEBUG] [net.minecraftforge.fml.javafmlmod.AutomaticEventSubscriber/LOADING]: Attempting to inject @EventBusSubscriber classes into the eventbus for puzzleslib
[10Jan2026 02:46:28.110] [modloading-worker-0/DEBUG] [net.minecraftforge.fml.javafmlmod.AutomaticEventSubscriber/LOADING]: Auto-subscribing fuzs.puzzleslib.impl.PuzzlesLibForge to MOD
[10Jan2026 02:46:28.149] [modloading-worker-0/INFO] [Puzzles Lib/]: Constructing common components for puzzleslib:main
[10Jan2026 02:46:28.204] [modloading-worker-0/INFO] [thedarkcolour.kotlinforforge.test.KotlinForForge/]: Kotlin For Forge Enabled!
[10Jan2026 02:46:28.206] [modloading-worker-0/DEBUG] [thedarkcolour.kotlinforforge.LoggerKt/LOADING]: Attempting to inject @EventBusSubscriber kotlin objects in to the event bus for kotlinforforge
[10Jan2026 02:46:28.208] [modloading-worker-0/DEBUG] [mixin/]: Mixing MixinEntitySpawnExtension from architectury.mixins.json into dev.architectury.extensions.network.EntitySpawnExtension
[10Jan2026 02:46:28.212] [modloading-worker-0/INFO] [be.florens.expandability.ExpandAbility/]: ExpandAbility here, who dis?
[10Jan2026 02:46:28.212] [modloading-worker-0/DEBUG] [net.minecraftforge.fml.javafmlmod.AutomaticEventSubscriber/LOADING]: Attempting to inject @EventBusSubscriber classes into the eventbus for expandability
[10Jan2026 02:46:28.218] [modloading-worker-0/DEBUG] [net.minecraftforge.fml.javafmlmod.AutomaticEventSubscriber/LOADING]: Attempting to inject @EventBusSubscriber classes into the eventbus for moblassos
[10Jan2026 02:46:28.218] [modloading-worker-0/DEBUG] [net.minecraftforge.fml.javafmlmod.AutomaticEventSubscriber/LOADING]: Auto-subscribing fuzs.moblassos.MobLassosForge to MOD
[10Jan2026 02:46:28.223] [modloading-worker-0/INFO] [Puzzles Lib/]: Constructing common components for moblassos:main
[10Jan2026 02:46:28.231] [modloading-worker-0/DEBUG] [net.minecraftforge.fml.config.ConfigTracker/CONFIG]: Config file moblassos-server.toml for moblassos tracking
[10Jan2026 02:46:28.233] [modloading-worker-0/INFO] [ObservableNet/]: Registering class observable.net.BetterChannel$PartialPacketBegin
[10Jan2026 02:46:28.238] [modloading-worker-0/DEBUG] [mixin/]: Mixing AnimationControllerAccessor from fossil_common.mixins.json into software.bernie.geckolib.core.animation.AnimationController
[10Jan2026 02:46:28.240] [modloading-worker-0/DEBUG] [mixin/]: Mixing AnimationControllerMixin from fossil_common.mixins.json into software.bernie.geckolib.core.animation.AnimationController
[10Jan2026 02:46:28.298] [modloading-worker-0/DEBUG] [playerrevive/]: Created network playerrevive:main
[10Jan2026 02:46:28.300] [modloading-worker-0/DEBUG] [net.minecraftforge.fml.javafmlmod.AutomaticEventSubscriber/LOADING]: Attempting to inject @EventBusSubscriber classes into the eventbus for playerrevive
[10Jan2026 02:46:28.304] [modloading-worker-0/INFO] [dev.architectury.networking.forge.NetworkManagerImpl/]: Registering C2S receiver with id minecraft:channel/observable/61a49a35c5283c0aaa7b0dfea5b7a53a
[10Jan2026 02:46:28.304] [modloading-worker-0/INFO] [ObservableNet/]: Registered class observable.net.BetterChannel$PartialPacketBegin
[10Jan2026 02:46:28.305] [modloading-worker-0/INFO] [ObservableNet/]: Registering class observable.net.BetterChannel$PartialPacketData
[10Jan2026 02:46:28.311] [modloading-worker-0/INFO] [dev.architectury.networking.forge.NetworkManagerImpl/]: Registering C2S receiver with id minecraft:channel/observable/3dd73fd88be832559bc3a3c4a2e63b4a
[10Jan2026 02:46:28.316] [modloading-worker-0/INFO] [ObservableNet/]: Registered class observable.net.BetterChannel$PartialPacketData
[10Jan2026 02:46:28.318] [modloading-worker-0/INFO] [ObservableNet/]: Registering class observable.net.C2SPacket$InitTPSProfile
[10Jan2026 02:46:28.325] [modloading-worker-0/INFO] [dev.architectury.networking.forge.NetworkManagerImpl/]: Registering C2S receiver with id minecraft:channel/observable/b453c08f23b83b82b690c31bf8b2a45a
[10Jan2026 02:46:28.326] [modloading-worker-0/INFO] [ObservableNet/]: Registered class observable.net.C2SPacket$InitTPSProfile
[10Jan2026 02:46:28.327] [modloading-worker-0/INFO] [ObservableNet/]: Registering class observable.net.C2SPacket$RequestAvailability
[10Jan2026 02:46:28.330] [modloading-worker-0/INFO] [dev.architectury.networking.forge.NetworkManagerImpl/]: Registering C2S receiver with id minecraft:channel/observable/0c662822629034678f5a8f0e70375315
[10Jan2026 02:46:28.330] [modloading-worker-0/INFO] [ObservableNet/]: Registered class observable.net.C2SPacket$RequestAvailability
[10Jan2026 02:46:28.331] [modloading-worker-0/INFO] [ObservableNet/]: Registering class observable.net.S2CPacket$ProfilingStarted
[10Jan2026 02:46:28.334] [modloading-worker-0/INFO] [dev.architectury.networking.forge.NetworkManagerImpl/]: Registering C2S receiver with id minecraft:channel/observable/2e815604a29b3a5cbfe0208e619d86c4
[10Jan2026 02:46:28.335] [modloading-worker-0/INFO] [ObservableNet/]: Registered class observable.net.S2CPacket$ProfilingStarted
[10Jan2026 02:46:28.336] [modloading-worker-0/INFO] [ObservableNet/]: Registering class observable.net.S2CPacket$ProfilingCompleted
[10Jan2026 02:46:28.339] [modloading-worker-0/INFO] [dev.architectury.networking.forge.NetworkManagerImpl/]: Registering C2S receiver with id minecraft:channel/observable/9ae83199b65a3768862799cc5e461a02
[10Jan2026 02:46:28.339] [modloading-worker-0/INFO] [ObservableNet/]: Registered class observable.net.S2CPacket$ProfilingCompleted
[10Jan2026 02:46:28.341] [modloading-worker-0/INFO] [ObservableNet/]: Registering class observable.net.S2CPacket$ProfilerInactive
[10Jan2026 02:46:28.344] [modloading-worker-0/INFO] [dev.architectury.networking.forge.NetworkManagerImpl/]: Registering C2S receiver with id minecraft:channel/observable/ae8dfae1238e312397aa53e9d14c45ca
[10Jan2026 02:46:28.344] [modloading-worker-0/INFO] [ObservableNet/]: Registered class observable.net.S2CPacket$ProfilerInactive
[10Jan2026 02:46:28.345] [modloading-worker-0/INFO] [ObservableNet/]: Registering class observable.net.S2CPacket$ProfilingResult
[10Jan2026 02:46:28.348] [modloading-worker-0/INFO] [dev.architectury.networking.forge.NetworkManagerImpl/]: Registering C2S receiver with id minecraft:channel/observable/3a94cae7336038df9152bcb7b4b94825
[10Jan2026 02:46:28.349] [modloading-worker-0/INFO] [ObservableNet/]: Registered class observable.net.S2CPacket$ProfilingResult
[10Jan2026 02:46:28.352] [modloading-worker-0/INFO] [ObservableNet/]: Registering class observable.net.S2CPacket$Availability
[10Jan2026 02:46:28.359] [modloading-worker-0/INFO] [dev.architectury.networking.forge.NetworkManagerImpl/]: Registering C2S receiver with id minecraft:channel/observable/c86a824e756d312396d1ba30e943e6aa
[10Jan2026 02:46:28.362] [modloading-worker-0/DEBUG] [net.minecraftforge.fml.javafmlmod.AutomaticEventSubscriber/LOADING]: Attempting to inject @EventBusSubscriber classes into the eventbus for securitycraft
[10Jan2026 02:46:28.362] [modloading-worker-0/INFO] [ObservableNet/]: Registered class observable.net.S2CPacket$Availability
[10Jan2026 02:46:28.363] [modloading-worker-0/DEBUG] [net.minecraftforge.fml.javafmlmod.AutomaticEventSubscriber/LOADING]: Auto-subscribing net.geforcemods.securitycraft.api.SecurityCraftAPI to MOD
[10Jan2026 02:46:28.363] [modloading-worker-0/DEBUG] [net.minecraftforge.fml.javafmlmod.AutomaticEventSubscriber/LOADING]: Attempting to inject @EventBusSubscriber classes into the eventbus for observable
[10Jan2026 02:46:28.364] [modloading-worker-0/DEBUG] [net.minecraftforge.fml.javafmlmod.AutomaticEventSubscriber/LOADING]: Auto-subscribing net.geforcemods.securitycraft.SecurityCraft to MOD
[10Jan2026 02:46:28.365] [modloading-worker-0/DEBUG] [net.minecraftforge.fml.javafmlmod.AutomaticEventSubscriber/LOADING]: Auto-subscribing net.geforcemods.securitycraft.SCEventHandler to FORGE
[10Jan2026 02:46:28.373] [modloading-worker-0/DEBUG] [net.minecraftforge.fml.javafmlmod.AutomaticEventSubscriber/LOADING]: Auto-subscribing net.geforcemods.securitycraft.RegistrationHandler to MOD
[10Jan2026 02:46:28.376] [modloading-worker-0/DEBUG] [net.minecraftforge.fml.javafmlmod.AutomaticEventSubscriber/LOADING]: Auto-subscribing net.geforcemods.securitycraft.ConfigHandler to MOD
[10Jan2026 02:46:28.486] [modloading-worker-0/DEBUG] [mixin/]: Mixing EnergyContainerBlockEntityMixin from fossil_forge.mixins.json into com.github.teamfossilsarcheology.fossil.block.entity.EnergyContainerBlockEntity
[10Jan2026 02:46:28.487] [modloading-worker-0/DEBUG] [mixin/]: Renaming synthetic method lambda$onLoad$0()Lnet/minecraftforge/energy/IEnergyStorage; to mda58a52$lambda$onLoad$0$0 in fossil_forge.mixins.json:EnergyContainerBlockEntityMixin
[10Jan2026 02:46:28.490] [modloading-worker-0/DEBUG] [mixin/]: Mixing MachineContainerBlockEntityMixin from fossil_forge.mixins.json into com.github.teamfossilsarcheology.fossil.block.entity.MachineContainerBlockEntity
[10Jan2026 02:46:28.535] [modloading-worker-0/INFO] [dev.architectury.networking.forge.NetworkManagerImpl/]: Registering C2S receiver with id fossil:cap_channel/537e4f78f24b30e4bee5892e8d9314fa
[10Jan2026 02:46:28.536] [modloading-worker-0/INFO] [dev.architectury.networking.forge.NetworkManagerImpl/]: Registering C2S receiver with id fossil:sync_channel/f7d73d83d6fa3fb99fb754f57f7238af
[10Jan2026 02:46:28.537] [modloading-worker-0/INFO] [dev.architectury.networking.forge.NetworkManagerImpl/]: Registering C2S receiver with id fossil:sync_channel/5ecf814711a7357f8ebd58d771f05139
[10Jan2026 02:46:28.539] [modloading-worker-0/INFO] [dev.architectury.networking.forge.NetworkManagerImpl/]: Registering C2S receiver with id fossil:sync_channel/2ae61e410df635b2b2c2d4eaa7b7afcb
[10Jan2026 02:46:28.544] [modloading-worker-0/INFO] [dev.architectury.networking.forge.NetworkManagerImpl/]: Registering C2S receiver with id fossil:sync_channel/600dc9ad56393757ae8315ba075af416
[10Jan2026 02:46:28.545] [modloading-worker-0/INFO] [dev.architectury.networking.forge.NetworkManagerImpl/]: Registering C2S receiver with id fossil:sync_channel/ec18fa987d5331379c9156102188220c
[10Jan2026 02:46:28.546] [modloading-worker-0/INFO] [dev.architectury.networking.forge.NetworkManagerImpl/]: Registering C2S receiver with id fossil:sync_channel/b0228010ee3d3689beb49186e8009925
[10Jan2026 02:46:28.547] [modloading-worker-0/INFO] [dev.architectury.networking.forge.NetworkManagerImpl/]: Registering C2S receiver with id fossil:sync_channel/ed688e568fc63151a34c0f912fce9d27
[10Jan2026 02:46:28.549] [modloading-worker-0/INFO] [dev.architectury.networking.forge.NetworkManagerImpl/]: Registering C2S receiver with id fossil:sync_channel/8aaf614d5e2d39dd9e136e8c430145a9
[10Jan2026 02:46:28.553] [modloading-worker-0/INFO] [dev.architectury.networking.forge.NetworkManagerImpl/]: Registering C2S receiver with id fossil:sync_channel/08e9f40b177134efbc5eb99e2ad6bcb5
[10Jan2026 02:46:28.554] [modloading-worker-0/INFO] [dev.architectury.networking.forge.NetworkManagerImpl/]: Registering C2S receiver with id fossil:sync_channel/531d15ea7fd13018964a31b3ccac540a
[10Jan2026 02:46:28.558] [modloading-worker-0/DEBUG] [net.minecraftforge.fml.config.ConfigTracker/CONFIG]: Config file fossil-common.toml for fossil tracking
[10Jan2026 02:46:28.558] [modloading-worker-0/DEBUG] [net.minecraftforge.fml.config.ConfigTracker/CONFIG]: Config file fossil-client.toml for fossil tracking
[10Jan2026 02:46:28.559] [modloading-worker-0/DEBUG] [net.minecraftforge.fml.javafmlmod.AutomaticEventSubscriber/LOADING]: Attempting to inject @EventBusSubscriber classes into the eventbus for fossil
[10Jan2026 02:46:28.559] [modloading-worker-0/DEBUG] [net.minecraftforge.fml.javafmlmod.AutomaticEventSubscriber/LOADING]: Auto-subscribing com.github.teamfossilsarcheology.fossil.world.feature.village.forge.ModVillagesImpl to FORGE
[10Jan2026 02:46:28.559] [modloading-worker-0/DEBUG] [net.minecraftforge.fml.javafmlmod.AutomaticEventSubscriber/LOADING]: Auto-subscribing com.github.teamfossilsarcheology.fossil.world.feature.forge.ModFeaturesImpl to MOD
[10Jan2026 02:46:28.560] [modloading-worker-0/DEBUG] [net.minecraftforge.fml.javafmlmod.AutomaticEventSubscriber/LOADING]: Auto-subscribing com.github.teamfossilsarcheology.fossil.forge.event.ForgeModEvents to FORGE
[10Jan2026 02:46:28.564] [modloading-worker-0/DEBUG] [net.minecraftforge.fml.javafmlmod.AutomaticEventSubscriber/LOADING]: Auto-subscribing com.github.teamfossilsarcheology.fossil.forge.data.DataGenerators to MOD
[10Jan2026 02:46:29.195] [main/DEBUG] [net.minecraftforge.common.capabilities.CapabilityManager/CAPABILITIES]: Attempting to automatically register: Lcom/tiviacz/travelersbackpack/capability/ITravelersBackpack;
[10Jan2026 02:46:29.196] [main/DEBUG] [net.minecraftforge.common.capabilities.CapabilityManager/CAPABILITIES]: Attempting to automatically register: Lnet/minecraftforge/energy/IEnergyStorage;
[10Jan2026 02:46:29.196] [main/DEBUG] [net.minecraftforge.common.capabilities.CapabilityManager/CAPABILITIES]: Attempting to automatically register: Lnet/minecraftforge/fluids/capability/IFluidHandler;
[10Jan2026 02:46:29.196] [main/DEBUG] [net.minecraftforge.common.capabilities.CapabilityManager/CAPABILITIES]: Attempting to automatically register: Lnet/minecraftforge/fluids/capability/IFluidHandlerItem;
[10Jan2026 02:46:29.196] [main/DEBUG] [net.minecraftforge.common.capabilities.CapabilityManager/CAPABILITIES]: Attempting to automatically register: Lnet/minecraftforge/items/IItemHandler;
[10Jan2026 02:46:29.607] [main/WARN] [net.minecraftforge.registries.ForgeRegistry/REGISTRIES]: Registry minecraft:sound_event: The object net.minecraft.sounds.SoundEvent@5506ff53 has been registered twice for the same name treechop:chop_wood.
[10Jan2026 02:46:29.739] [main/WARN] [dev.architectury.registry.registries.forge.RegistrarManagerImpl/]: Registry entry listened Registry Entry [minecraft:block / fossil:stripped_calamites_wood] was not realized!
[10Jan2026 02:46:29.739] [main/WARN] [dev.architectury.registry.registries.forge.RegistrarManagerImpl/]: Registry entry listened Registry Entry [minecraft:block / fossil:stripped_palm_log] was not realized!
[10Jan2026 02:46:29.739] [main/WARN] [dev.architectury.registry.registries.forge.RegistrarManagerImpl/]: Registry entry listened Registry Entry [minecraft:block / fossil:stripped_cordaites_wood] was not realized!
[10Jan2026 02:46:29.739] [main/WARN] [dev.architectury.registry.registries.forge.RegistrarManagerImpl/]: Registry entry listened Registry Entry [minecraft:block / fossil:stripped_calamites_log] was not realized!
[10Jan2026 02:46:29.739] [main/WARN] [dev.architectury.registry.registries.forge.RegistrarManagerImpl/]: Registry entry listened Registry Entry [minecraft:block / fossil:stripped_tempskya_wood] was not realized!
[10Jan2026 02:46:29.740] [main/WARN] [dev.architectury.registry.registries.forge.RegistrarManagerImpl/]: Registry entry listened Registry Entry [minecraft:block / fossil:stripped_palm_wood] was not realized!
[10Jan2026 02:46:29.740] [main/WARN] [dev.architectury.registry.registries.forge.RegistrarManagerImpl/]: Registry entry listened Registry Entry [minecraft:block / fossil:stripped_tempskya_log] was not realized!
[10Jan2026 02:46:29.740] [main/WARN] [dev.architectury.registry.registries.forge.RegistrarManagerImpl/]: Registry entry listened Registry Entry [minecraft:block / fossil:stripped_mutant_tree_log] was not realized!
[10Jan2026 02:46:29.740] [main/WARN] [dev.architectury.registry.registries.forge.RegistrarManagerImpl/]: Registry entry listened Registry Entry [minecraft:block / fossil:stripped_cordaites_log] was not realized!
[10Jan2026 02:46:29.740] [main/WARN] [dev.architectury.registry.registries.forge.RegistrarManagerImpl/]: Registry entry listened Registry Entry [minecraft:block / fossil:stripped_sigillaria_log] was not realized!
[10Jan2026 02:46:29.740] [main/WARN] [dev.architectury.registry.registries.forge.RegistrarManagerImpl/]: Registry entry listened Registry Entry [minecraft:block / fossil:stripped_mutant_tree_wood] was not realized!
[10Jan2026 02:46:29.740] [main/WARN] [dev.architectury.registry.registries.forge.RegistrarManagerImpl/]: Registry entry listened Registry Entry [minecraft:block / fossil:stripped_sigillaria_wood] was not realized!
[10Jan2026 02:46:30.353] [main/WARN] [dev.architectury.registry.registries.forge.RegistrarManagerImpl/]: Registry entry listened Registry Entry [minecraft:item / fossil:bone_skull_quetzalcoatlus] was not realized!
[10Jan2026 02:46:30.353] [main/WARN] [dev.architectury.registry.registries.forge.RegistrarManagerImpl/]: Registry entry listened Registry Entry [minecraft:item / fossil:meat_titanis] was not realized!
[10Jan2026 02:46:30.354] [main/WARN] [dev.architectury.registry.registries.forge.RegistrarManagerImpl/]: Registry entry listened Registry Entry [minecraft:item / fossil:syringe_ocelot] was not realized!
[10Jan2026 02:46:30.354] [main/WARN] [dev.architectury.registry.registries.forge.RegistrarManagerImpl/]: Registry entry listened Registry Entry [minecraft:item / fossil:bone_foot_protoceratops] was not realized!
[10Jan2026 02:46:30.354] [main/WARN] [dev.architectury.registry.registries.forge.RegistrarManagerImpl/]: Registry entry listened Registry Entry [minecraft:item / fossil:bone_skull_henodus] was not realized!
[10Jan2026 02:46:30.354] [main/WARN] [dev.architectury.registry.registries.forge.RegistrarManagerImpl/]: Registry entry listened Registry Entry [minecraft:item / fossil:bone_arm_crassigyrinus] was not realized!
[10Jan2026 02:46:30.355] [main/WARN] [dev.architectury.registry.registries.forge.RegistrarManagerImpl/]: Registry entry listened Registry Entry [minecraft:item / fossil:bone_skull_allosaurus] was not realized!
[10Jan2026 02:46:30.355] [main/WARN] [dev.architectury.registry.registries.forge.RegistrarManagerImpl/]: Registry entry listened Registry Entry [minecraft:item / fossil:syringe_elasmotherium] was not realized!
[10Jan2026 02:46:30.355] [main/WARN] [dev.architectury.registry.registries.forge.RegistrarManagerImpl/]: Registry entry listened Registry Entry [minecraft:item / fossil:cooked_therizinosaurus] was not realized!
[10Jan2026 02:46:30.355] [main/WARN] [dev.architectury.registry.registries.forge.RegistrarManagerImpl/]: Registry entry listened Registry Entry [minecraft:item / fossil:bone_arm_therizinosaurus] was not realized!
[10Jan2026 02:46:30.356] [main/WARN] [dev.architectury.registry.registries.forge.RegistrarManagerImpl/]: Registry entry listened Registry Entry [minecraft:item / fossil:quetzalcoatlus_dna] was not realized!
[10Jan2026 02:46:30.356] [main/WARN] [dev.architectury.registry.registries.forge.RegistrarManagerImpl/]: Registry entry listened Registry Entry [minecraft:item / fossil:spawn_egg_diplocaulus] was not realized!
[10Jan2026 02:46:30.356] [main/WARN] [dev.architectury.registry.registries.forge.RegistrarManagerImpl/]: Registry entry listened Registry Entry [minecraft:item / fossil:cooked_ankylosaurus] was not realized!
[10Jan2026 02:46:30.356] [main/WARN] [dev.architectury.registry.registries.forge.RegistrarManagerImpl/]: Registry entry listened Registry Entry [minecraft:item / fossil:bone_tail_allosaurus] was not realized!
[10Jan2026 02:46:30.356] [main/WARN] [dev.architectury.registry.registries.forge.RegistrarManagerImpl/]: Registry entry listened Registry Entry [minecraft:item / fossil:bone_skull_kelenken] was not realized!
[10Jan2026 02:46:30.357] [main/WARN] [dev.architectury.registry.registries.forge.RegistrarManagerImpl/]: Registry entry listened Registry Entry [minecraft:item / fossil:meat_compsognathus] was not realized!
[10Jan2026 02:46:30.357] [main/WARN] [dev.architectury.registry.registries.forge.RegistrarManagerImpl/]: Registry entry listened Registry Entry [minecraft:item / fossil:egg_item_postosuchus] was not realized!
[10Jan2026 02:46:30.358] [main/WARN] [dev.architectury.registry.registries.forge.RegistrarManagerImpl/]: Registry entry listened Registry Entry [minecraft:item / fossil:bone_arm_platybelodon] was not realized!
[10Jan2026 02:46:30.358] [main/WARN] [dev.architectury.registry.registries.forge.RegistrarManagerImpl/]: Registry entry listened Registry Entry [minecraft:item / fossil:cooked_postosuchus] was not realized!
[10Jan2026 02:46:30.358] [main/WARN] [dev.architectury.registry.registries.forge.RegistrarManagerImpl/]: Registry entry listened Registry Entry [minecraft:item / fossil:cooked_mosasaurus] was not realized!
[10Jan2026 02:46:30.358] [main/WARN] [dev.architectury.registry.registries.forge.RegistrarManagerImpl/]: Registry entry listened Registry Entry [minecraft:item / fossil:bone_unique_pachyrhinosaurus] was not realized!
[10Jan2026 02:46:30.358] [main/WARN] [dev.architectury.registry.registries.forge.RegistrarManagerImpl/]: Registry entry listened Registry Entry [minecraft:item / fossil:meat_ceratosaurus] was not realized!
[10Jan2026 02:46:30.359] [main/WARN] [dev.architectury.registry.registries.forge.RegistrarManagerImpl/]: Registry entry listened Registry Entry [minecraft:item / fossil:spawn_egg_sarcosuchus] was not realized!
[10Jan2026 02:46:30.359] [main/WARN] [dev.architectury.registry.registries.forge.RegistrarManagerImpl/]: Registry entry listened Registry Entry [minecraft:item / fossil:egg_item_walliserops] was not realized!
[10Jan2026 02:46:30.359] [main/WARN] [dev.architectury.registry.registries.forge.RegistrarManagerImpl/]: Registry entry listened Registry Entry [minecraft:item / fossil:bone_tail_quagga] was not realized!
[10Jan2026 02:46:30.359] [main/WARN] [dev.architectury.registry.registries.forge.RegistrarManagerImpl/]: Registry entry listened Registry Entry [minecraft:item / fossil:meat_gastornis] was not realized!
[10Jan2026 02:46:30.359] [main/WARN] [dev.architectury.registry.registries.forge.RegistrarManagerImpl/]: Registry entry listened Registry Entry [minecraft:item / fossil:bone_vertebrae_smilodon] was not realized!
[10Jan2026 02:46:30.359] [main/WARN] [dev.architectury.registry.registries.forge.RegistrarManagerImpl/]: Registry entry listened Registry Entry [minecraft:item / fossil:meat_edaphosaurus] was not realized!
[10Jan2026 02:46:30.359] [main/WARN] [dev.architectury.registry.registries.forge.RegistrarManagerImpl/]: Registry entry listened Registry Entry [minecraft:item / fossil:syringe_wolf] was not realized!
[10Jan2026 02:46:30.359] [main/WARN] [dev.architectury.registry.registries.forge.RegistrarManagerImpl/]: Registry entry listened Registry Entry [minecraft:item / fossil:spawn_egg_triceratops] was not realized!
[10Jan2026 02:46:30.360] [main/WARN] [dev.architectury.registry.registries.forge.RegistrarManagerImpl/]: Registry entry listened Registry Entry [minecraft:item / fossil:egg_item_protoceratops] was not realized!
[10Jan2026 02:46:30.360] [main/WARN] [dev.architectury.registry.registries.forge.RegistrarManagerImpl/]: Registry entry listened Registry Entry [minecraft:item / fossil:bone_unique_mammoth] was not realized!
[10Jan2026 02:46:30.360] [main/WARN] [dev.architectury.registry.registries.forge.RegistrarManagerImpl/]: Registry entry listened Registry Entry [minecraft:item / fossil:bone_foot_pteranodon] was not realized!
[10Jan2026 02:46:30.360] [main/WARN] [dev.architectury.registry.registries.forge.RegistrarManagerImpl/]: Registry entry listened Registry Entry [minecraft:item / fossil:egg_item_tyrannosaurus] was not realized!
[10Jan2026 02:46:30.360] [main/WARN] [dev.architectury.registry.registries.forge.RegistrarManagerImpl/]: Registry entry listened Registry Entry [minecraft:item / fossil:bucket_item_plesiosaurus] was not realized!
[10Jan2026 02:46:30.360] [main/WARN] [dev.architectury.registry.registries.forge.RegistrarManagerImpl/]: Registry entry listened Registry Entry [minecraft:item / fossil:parrot_dna] was not realized!
[10Jan2026 02:46:30.360] [main/WARN] [dev.architectury.registry.registries.forge.RegistrarManagerImpl/]: Registry entry listened Registry Entry [minecraft:item / fossil:bone_ribcage_deinonychus] was not realized!
[10Jan2026 02:46:30.360] [main/WARN] [dev.architectury.registry.registries.forge.RegistrarManagerImpl/]: Registry entry listened Registry Entry [minecraft:item / fossil:egg_gastornis] was not realized!
[10Jan2026 02:46:30.360] [main/WARN] [dev.architectury.registry.registries.forge.RegistrarManagerImpl/]: Registry entry listened Registry Entry [minecraft:item / fossil:bone_vertebrae_gastornis] was not realized!
[10Jan2026 02:46:30.361] [main/WARN] [dev.architectury.registry.registries.forge.RegistrarManagerImpl/]: Registry entry listened Registry Entry [minecraft:item / fossil:megalania_dna] was not realized!
[10Jan2026 02:46:30.363] [main/WARN] [dev.architectury.registry.registries.forge.RegistrarManagerImpl/]: Registry entry listened Registry Entry [minecraft:item / fossil:syringe_donkey] was not realized!
[10Jan2026 02:46:30.363] [main/WARN] [dev.architectury.registry.registries.forge.RegistrarManagerImpl/]: Registry entry listened Registry Entry [minecraft:item / fossil:bone_foot_deinonychus] was not realized!
[10Jan2026 02:46:30.364] [main/WARN] [dev.architectury.registry.registries.forge.RegistrarManagerImpl/]: Registry entry listened Registry Entry [minecraft:item / fossil:bone_ribcage_ichthyosaurus] was not realized!
[10Jan2026 02:46:30.364] [main/WARN] [dev.architectury.registry.registries.forge.RegistrarManagerImpl/]: Registry entry listened Registry Entry [minecraft:item / fossil:bone_unique_diplodocus] was not realized!
[10Jan2026 02:46:30.364] [main/WARN] [dev.architectury.registry.registries.forge.RegistrarManagerImpl/]: Registry entry listened Registry Entry [minecraft:item / fossil:gallimimus_dna] was not realized!
[10Jan2026 02:46:30.365] [main/WARN] [dev.architectury.registry.registries.forge.RegistrarManagerImpl/]: Registry entry listened Registry Entry [minecraft:item / fossil:spawn_egg_ornitholestes] was not realized!
[10Jan2026 02:46:30.365] [main/WARN] [dev.architectury.registry.registries.forge.RegistrarManagerImpl/]: Registry entry listened Registry Entry [minecraft:item / fossil:bone_leg_dimetrodon] was not realized!
[10Jan2026 02:46:30.365] [main/WARN] [dev.architectury.registry.registries.forge.RegistrarManagerImpl/]: Registry entry listened Registry Entry [minecraft:item / fossil:meat_diplodocus] was not realized!
[10Jan2026 02:46:30.366] [main/WARN] [dev.architectury.registry.registries.forge.RegistrarManagerImpl/]: Registry entry listened Registry Entry [minecraft:item / fossil:cooked_walliserops] was not realized!
[10Jan2026 02:46:30.366] [main/WARN] [dev.architectury.registry.registries.forge.RegistrarManagerImpl/]: Registry entry listened Registry Entry [minecraft:item / fossil:bone_skull_crassigyrinus] was not realized!
[10Jan2026 02:46:30.366] [main/WARN] [dev.architectury.registry.registries.forge.RegistrarManagerImpl/]: Registry entry listened Registry Entry [minecraft:item / fossil:bone_arm_confuciusornis] was not realized!
[10Jan2026 02:46:30.367] [main/WARN] [dev.architectury.registry.registries.forge.RegistrarManagerImpl/]: Registry entry listened Registry Entry [minecraft:item / fossil:meat_elasmotherium] was not realized!
[10Jan2026 02:46:30.367] [main/WARN] [dev.architectury.registry.registries.forge.RegistrarManagerImpl/]: Registry entry listened Registry Entry [minecraft:item / fossil:egg_item_mosasaurus] was not realized!
[10Jan2026 02:46:30.367] [main/WARN] [dev.architectury.registry.registries.forge.RegistrarManagerImpl/]: Registry entry listened Registry Entry [minecraft:item / fossil:bone_skull_plesiosaurus] was not realized!
[10Jan2026 02:46:30.368] [main/WARN] [dev.architectury.registry.registries.forge.RegistrarManagerImpl/]: Registry entry listened Registry Entry [minecraft:item / fossil:dicranurus_dna] was not realized!
[10Jan2026 02:46:30.368] [main/WARN] [dev.architectury.registry.registries.forge.RegistrarManagerImpl/]: Registry entry listened Registry Entry [minecraft:item / fossil:bone_tail_henodus] was not realized!
[10Jan2026 02:46:30.368] [main/WARN] [dev.architectury.registry.registries.forge.RegistrarManagerImpl/]: Registry entry listened Registry Entry [minecraft:item / fossil:bone_tail_tiktaalik] was not realized!
[10Jan2026 02:46:30.369] [main/WARN] [dev.architectury.registry.registries.forge.RegistrarManagerImpl/]: Registry entry listened Registry Entry [minecraft:item / fossil:syringe_goat] was not realized!
[10Jan2026 02:46:30.369] [main/WARN] [dev.architectury.registry.registries.forge.RegistrarManagerImpl/]: Registry entry listened Registry Entry [minecraft:item / fossil:bone_arm_pachyrhinosaurus] was not realized!
[10Jan2026 02:46:30.369] [main/WARN] [dev.architectury.registry.registries.forge.RegistrarManagerImpl/]: Registry entry listened Registry Entry [minecraft:item / fossil:spawn_egg_brachiosaurus] was not realized!
[10Jan2026 02:46:30.370] [main/WARN] [dev.architectury.registry.registries.forge.RegistrarManagerImpl/]: Registry entry listened Registry Entry [minecraft:item / fossil:spawn_egg_ankylosaurus] was not realized!
[10Jan2026 02:46:30.370] [main/WARN] [dev.architectury.registry.registries.forge.RegistrarManagerImpl/]: Registry entry listened Registry Entry [minecraft:item / fossil:bone_tail_diplodocus] was not realized!
[10Jan2026 02:46:30.370] [main/WARN] [dev.architectury.registry.registries.forge.RegistrarManagerImpl/]: Registry entry listened Registry Entry [minecraft:item / fossil:bone_unique_ichthyosaurus] was not realized!
[10Jan2026 02:46:30.370] [main/WARN] [dev.architectury.registry.registries.forge.RegistrarManagerImpl/]: Registry entry listened Registry Entry [minecraft:item / fossil:bone_vertebrae_psittacosaurus] was not realized!
[10Jan2026 02:46:30.371] [main/WARN] [dev.architectury.registry.registries.forge.RegistrarManagerImpl/]: Registry entry listened Registry Entry [minecraft:item / fossil:bone_arm_smilodon] was not realized!
[10Jan2026 02:46:30.371] [main/WARN] [dev.architectury.registry.registries.forge.RegistrarManagerImpl/]: Registry entry listened Registry Entry [minecraft:item / fossil:bone_leg_ankylosaurus] was not realized!
[10Jan2026 02:46:30.371] [main/WARN] [dev.architectury.registry.registries.forge.RegistrarManagerImpl/]: Registry entry listened Registry Entry [minecraft:item / fossil:walliserops_dna] was not realized!
[10Jan2026 02:46:30.372] [main/WARN] [dev.architectury.registry.registries.forge.RegistrarManagerImpl/]: Registry entry listened Registry Entry [minecraft:item / fossil:cat_dna] was not realized!
[10Jan2026 02:46:30.372] [main/WARN] [dev.architectury.registry.registries.forge.RegistrarManagerImpl/]: Registry entry listened Registry Entry [minecraft:item / fossil:ankylosaurus_dna] was not realized!
[10Jan2026 02:46:30.372] [main/WARN] [dev.architectury.registry.registries.forge.RegistrarManagerImpl/]: Registry entry listened Registry Entry [minecraft:item / fossil:cooked_aquilolamna] was not realized!
[10Jan2026 02:46:30.372] [main/WARN] [dev.architectury.registry.registries.forge.RegistrarManagerImpl/]: Registry entry listened Registry Entry [minecraft:item / fossil:bone_ribcage_crassigyrinus] was not realized!
[10Jan2026 02:46:30.373] [main/WARN] [dev.architectury.registry.registries.forge.RegistrarManagerImpl/]: Registry entry listened Registry Entry [minecraft:item / fossil:bone_ribcage_ankylosaurus] was not realized!
[10Jan2026 02:46:30.373] [main/WARN] [dev.architectury.registry.registries.forge.RegistrarManagerImpl/]: Registry entry listened Registry Entry [minecraft:item / fossil:bone_leg_gastornis] was not realized!
[10Jan2026 02:46:30.373] [main/WARN] [dev.architectury.registry.registries.forge.RegistrarManagerImpl/]: Registry entry listened Registry Entry [minecraft:item / fossil:meat_scotoharpes] was not realized!
[10Jan2026 02:46:30.373] [main/WARN] [dev.architectury.registry.registries.forge.RegistrarManagerImpl/]: Registry entry listened Registry Entry [minecraft:item / fossil:meat_megalograptus] was not realized!
[10Jan2026 02:46:30.374] [main/WARN] [dev.architectury.registry.registries.forge.RegistrarManagerImpl/]: Registry entry listened Registry Entry [minecraft:item / fossil:bone_ribcage_mosasaurus] was not realized!
[10Jan2026 02:46:30.374] [main/WARN] [dev.architectury.registry.registries.forge.RegistrarManagerImpl/]: Registry entry listened Registry Entry [minecraft:item / fossil:bone_vertebrae_quetzalcoatlus] was not realized!
[10Jan2026 02:46:30.374] [main/WARN] [dev.architectury.registry.registries.forge.RegistrarManagerImpl/]: Registry entry listened Registry Entry [minecraft:item / fossil:bone_skull_megaloceros] was not realized!
[10Jan2026 02:46:30.374] [main/WARN] [dev.architectury.registry.registries.forge.RegistrarManagerImpl/]: Registry entry listened Registry Entry [minecraft:item / fossil:bone_arm_velociraptor] was not realized!
[10Jan2026 02:46:30.375] [main/WARN] [dev.architectury.registry.registries.forge.RegistrarManagerImpl/]: Registry entry listened Registry Entry [minecraft:item / fossil:bone_leg_quetzalcoatlus] was not realized!
[10Jan2026 02:46:30.375] [main/WARN] [dev.architectury.registry.registries.forge.RegistrarManagerImpl/]: Registry entry listened Registry Entry [minecraft:item / fossil:spawn_egg_pachycephalosaurus] was not realized!
[10Jan2026 02:46:30.375] [main/WARN] [dev.architectury.registry.registries.forge.RegistrarManagerImpl/]: Registry entry listened Registry Entry [minecraft:item / fossil:bone_leg_gallimimus] was not realized!
[10Jan2026 02:46:30.375] [main/WARN] [dev.architectury.registry.registries.forge.RegistrarManagerImpl/]: Registry entry listened Registry Entry [minecraft:item / fossil:bone_foot_spinosaurus] was not realized!
[10Jan2026 02:46:30.375] [main/WARN] [dev.architectury.registry.registries.forge.RegistrarManagerImpl/]: Registry entry listened Registry Entry [minecraft:item / fossil:bone_vertebrae_tyrannosaurus] was not realized!
[10Jan2026 02:46:30.376] [main/WARN] [dev.architectury.registry.registries.forge.RegistrarManagerImpl/]: Registry entry listened Registry Entry [minecraft:item / fossil:cooked_pachyrhinosaurus] was not realized!
[10Jan2026 02:46:30.376] [main/WARN] [dev.architectury.registry.registries.forge.RegistrarManagerImpl/]: Registry entry listened Registry Entry [minecraft:item / fossil:bone_unique_phorusrhacos] was not realized!
[10Jan2026 02:46:30.376] [main/WARN] [dev.architectury.registry.registries.forge.RegistrarManagerImpl/]: Registry entry listened Registry Entry [minecraft:item / fossil:bone_foot_confuciusornis] was not realized!
[10Jan2026 02:46:30.377] [main/WARN] [dev.architectury.registry.registries.forge.RegistrarManagerImpl/]: Registry entry listened Registry Entry [minecraft:item / fossil:spawn_egg_liopleurodon] was not realized!
[10Jan2026 02:46:30.377] [main/WARN] [dev.architectury.registry.registries.forge.RegistrarManagerImpl/]: Registry entry listened Registry Entry [minecraft:item / fossil:spawn_egg_alligator_gar] was not realized!
[10Jan2026 02:46:30.377] [main/WARN] [dev.architectury.registry.registries.forge.RegistrarManagerImpl/]: Registry entry listened Registry Entry [minecraft:item / fossil:bone_leg_parasaurolophus] was not realized!
[10Jan2026 02:46:30.378] [main/WARN] [dev.architectury.registry.registries.forge.RegistrarManagerImpl/]: Registry entry listened Registry Entry [minecraft:item / fossil:bone_vertebrae_platybelodon] was not realized!
[10Jan2026 02:46:30.378] [main/WARN] [dev.architectury.registry.registries.forge.RegistrarManagerImpl/]: Registry entry listened Registry Entry [minecraft:item / fossil:bone_unique_confuciusornis] was not realized!
[10Jan2026 02:46:30.378] [main/WARN] [dev.architectury.registry.registries.forge.RegistrarManagerImpl/]: Registry entry listened Registry Entry [minecraft:item / fossil:diplocaulus_dna] was not realized!
[10Jan2026 02:46:30.379] [main/WARN] [dev.architectury.registry.registries.forge.RegistrarManagerImpl/]: Registry entry listened Registry Entry [minecraft:item / fossil:bone_foot_mosasaurus] was not realized!
[10Jan2026 02:46:30.379] [main/WARN] [dev.architectury.registry.registries.forge.RegistrarManagerImpl/]: Registry entry listened Registry Entry [minecraft:item / fossil:bone_skull_phorusrhacos] was not realized!
[10Jan2026 02:46:30.379] [main/WARN] [dev.architectury.registry.registries.forge.RegistrarManagerImpl/]: Registry entry listened Registry Entry [minecraft:item / fossil:bone_tail_dryosaurus] was not realized!
[10Jan2026 02:46:30.380] [main/WARN] [dev.architectury.registry.registries.forge.RegistrarManagerImpl/]: Registry entry listened Registry Entry [minecraft:item / fossil:bone_tail_dodo] was not realized!
[10Jan2026 02:46:30.380] [main/WARN] [dev.architectury.registry.registries.forge.RegistrarManagerImpl/]: Registry entry listened Registry Entry [minecraft:item / fossil:bone_unique_plesiosaurus] was not realized!
[10Jan2026 02:46:30.380] [main/WARN] [dev.architectury.registry.registries.forge.RegistrarManagerImpl/]: Registry entry listened Registry Entry [minecraft:item / fossil:egg_item_aquilolamna] was not realized!
[10Jan2026 02:46:30.380] [main/WARN] [dev.architectury.registry.registries.forge.RegistrarManagerImpl/]: Registry entry listened Registry Entry [minecraft:item / fossil:syringe_cat] was not realized!
[10Jan2026 02:46:30.381] [main/WARN] [dev.architectury.registry.registries.forge.RegistrarManagerImpl/]: Registry entry listened Registry Entry [minecraft:item / fossil:bone_unique_therizinosaurus] was not realized!
[10Jan2026 02:46:30.381] [main/WARN] [dev.architectury.registry.registries.forge.RegistrarManagerImpl/]: Registry entry listened Registry Entry [minecraft:item / fossil:bone_unique_crassigyrinus] was not realized!
[10Jan2026 02:46:30.381] [main/WARN] [dev.architectury.registry.registries.forge.RegistrarManagerImpl/]: Registry entry listened Registry Entry [minecraft:item / fossil:bone_tail_gastornis] was not realized!
[10Jan2026 02:46:30.381] [main/WARN] [dev.architectury.registry.registries.forge.RegistrarManagerImpl/]: Registry entry listened Registry Entry [minecraft:item / fossil:spawn_egg_dodo] was not realized!
[10Jan2026 02:46:30.381] [main/WARN] [dev.architectury.registry.registries.forge.RegistrarManagerImpl/]: Registry entry listened Registry Entry [minecraft:item / fossil:syringe_hoglin] was not realized!
[10Jan2026 02:46:30.382] [main/WARN] [dev.architectury.registry.registries.forge.RegistrarManagerImpl/]: Registry entry listened Registry Entry [minecraft:item / fossil:bone_unique_ornitholestes] was not realized!
[10Jan2026 02:46:30.382] [main/WARN] [dev.architectury.registry.registries.forge.RegistrarManagerImpl/]: Registry entry listened Registry Entry [minecraft:item / fossil:bone_foot_plesiosaurus] was not realized!
[10Jan2026 02:46:30.382] [main/WARN] [dev.architectury.registry.registries.forge.RegistrarManagerImpl/]: Registry entry listened Registry Entry [minecraft:item / fossil:meat_aquilolamna] was not realized!
[10Jan2026 02:46:30.382] [main/WARN] [dev.architectury.registry.registries.forge.RegistrarManagerImpl/]: Registry entry listened Registry Entry [minecraft:item / fossil:bone_skull_sarcosuchus] was not realized!
[10Jan2026 02:46:30.383] [main/WARN] [dev.architectury.registry.registries.forge.RegistrarManagerImpl/]: Registry entry listened Registry Entry [minecraft:item / fossil:bone_tail_ceratosaurus] was not realized!
[10Jan2026 02:46:30.383] [main/WARN] [dev.architectury.registry.registries.forge.RegistrarManagerImpl/]: Registry entry listened Registry Entry [minecraft:item / fossil:spawn_egg_dimorphodon] was not realized!
[10Jan2026 02:46:30.383] [main/WARN] [dev.architectury.registry.registries.forge.RegistrarManagerImpl/]: Registry entry listened Registry Entry [minecraft:item / fossil:egg_item_tropical_fish] was not realized!
[10Jan2026 02:46:30.383] [main/WARN] [dev.architectury.registry.registries.forge.RegistrarManagerImpl/]: Registry entry listened Registry Entry [minecraft:item / fossil:meat_therizinosaurus] was not realized!
[10Jan2026 02:46:30.383] [main/WARN] [dev.architectury.registry.registries.forge.RegistrarManagerImpl/]: Registry entry listened Registry Entry [minecraft:item / fossil:bone_ribcage_pteranodon] was not realized!
[10Jan2026 02:46:30.384] [main/WARN] [dev.architectury.registry.registries.forge.RegistrarManagerImpl/]: Registry entry listened Registry Entry [minecraft:item / fossil:cooked_tyrannosaurus] was not realized!
[10Jan2026 02:46:30.384] [main/WARN] [dev.architectury.registry.registries.forge.RegistrarManagerImpl/]: Registry entry listened Registry Entry [minecraft:item / fossil:bone_tail_ichthyosaurus] was not realized!
[10Jan2026 02:46:30.384] [main/WARN] [dev.architectury.registry.registries.forge.RegistrarManagerImpl/]: Registry entry listened Registry Entry [minecraft:item / fossil:bone_foot_therizinosaurus] was not realized!
[10Jan2026 02:46:30.384] [main/WARN] [dev.architectury.registry.registries.forge.RegistrarManagerImpl/]: Registry entry listened Registry Entry [minecraft:item / fossil:dryosaurus_dna] was not realized!
[10Jan2026 02:46:30.385] [main/WARN] [dev.architectury.registry.registries.forge.RegistrarManagerImpl/]: Registry entry listened Registry Entry [minecraft:item / fossil:meat_brachiosaurus] was not realized!
[10Jan2026 02:46:30.385] [main/WARN] [dev.architectury.registry.registries.forge.RegistrarManagerImpl/]: Registry entry listened Registry Entry [minecraft:item / fossil:cooked_pteranodon] was not realized!
[10Jan2026 02:46:30.385] [main/WARN] [dev.architectury.registry.registries.forge.RegistrarManagerImpl/]: Registry entry listened Registry Entry [minecraft:item / fossil:bone_ribcage_spinosaurus] was not realized!
[10Jan2026 02:46:30.386] [main/WARN] [dev.architectury.registry.registries.forge.RegistrarManagerImpl/]: Registry entry listened Registry Entry [minecraft:item / fossil:bone_arm_megalania] was not realized!
[10Jan2026 02:46:30.386] [main/WARN] [dev.architectury.registry.registries.forge.RegistrarManagerImpl/]: Registry entry listened Registry Entry [minecraft:item / fossil:bone_leg_dodo] was not realized!
[10Jan2026 02:46:30.386] [main/WARN] [dev.architectury.registry.registries.forge.RegistrarManagerImpl/]: Registry entry listened Registry Entry [minecraft:item / fossil:fox_dna] was not realized!
[10Jan2026 02:46:30.386] [main/WARN] [dev.architectury.registry.registries.forge.RegistrarManagerImpl/]: Registry entry listened Registry Entry [minecraft:item / fossil:syringe_smilodon] was not realized!
[10Jan2026 02:46:30.386] [main/WARN] [dev.architectury.registry.registries.forge.RegistrarManagerImpl/]: Registry entry listened Registry Entry [minecraft:item / fossil:compsognathus_dna] was not realized!
[10Jan2026 02:46:30.387] [main/WARN] [dev.architectury.registry.registries.forge.RegistrarManagerImpl/]: Registry entry listened Registry Entry [minecraft:item / fossil:plesiosaurus_dna] was not realized!
[10Jan2026 02:46:30.387] [main/WARN] [dev.architectury.registry.registries.forge.RegistrarManagerImpl/]: Registry entry listened Registry Entry [minecraft:item / fossil:meat_smilodon] was not realized!
[10Jan2026 02:46:30.387] [main/WARN] [dev.architectury.registry.registries.forge.RegistrarManagerImpl/]: Registry entry listened Registry Entry [minecraft:item / fossil:bone_vertebrae_confuciusornis] was not realized!
[10Jan2026 02:46:30.387] [main/WARN] [dev.architectury.registry.registries.forge.RegistrarManagerImpl/]: Registry entry listened Registry Entry [minecraft:item / fossil:spawn_egg_edaphosaurus] was not realized!
[10Jan2026 02:46:30.387] [main/WARN] [dev.architectury.registry.registries.forge.RegistrarManagerImpl/]: Registry entry listened Registry Entry [minecraft:item / fossil:meat_dilophosaurus] was not realized!
[10Jan2026 02:46:30.388] [main/WARN] [dev.architectury.registry.registries.forge.RegistrarManagerImpl/]: Registry entry listened Registry Entry [minecraft:item / fossil:meat_dryosaurus] was not realized!
[10Jan2026 02:46:30.388] [main/WARN] [dev.architectury.registry.registries.forge.RegistrarManagerImpl/]: Registry entry listened Registry Entry [minecraft:item / fossil:megalodon_dna] was not realized!
[10Jan2026 02:46:30.388] [main/WARN] [dev.architectury.registry.registries.forge.RegistrarManagerImpl/]: Registry entry listened Registry Entry [minecraft:item / fossil:bone_ribcage_titanis] was not realized!
[10Jan2026 02:46:30.388] [main/WARN] [dev.architectury.registry.registries.forge.RegistrarManagerImpl/]: Registry entry listened Registry Entry [minecraft:item / fossil:cow_dna] was not realized!
[10Jan2026 02:46:30.388] [main/WARN] [dev.architectury.registry.registries.forge.RegistrarManagerImpl/]: Registry entry listened Registry Entry [minecraft:item / fossil:bone_unique_dryosaurus] was not realized!
[10Jan2026 02:46:30.388] [main/WARN] [dev.architectury.registry.registries.forge.RegistrarManagerImpl/]: Registry entry listened Registry Entry [minecraft:item / fossil:meat_citipati] was not realized!
[10Jan2026 02:46:30.389] [main/WARN] [dev.architectury.registry.registries.forge.RegistrarManagerImpl/]: Registry entry listened Registry Entry [minecraft:item / fossil:egg_item_henodus] was not realized!
[10Jan2026 02:46:30.389] [main/WARN] [dev.architectury.registry.registries.forge.RegistrarManagerImpl/]: Registry entry listened Registry Entry [minecraft:item / fossil:bone_leg_stegosaurus] was not realized!
[10Jan2026 02:46:30.389] [main/WARN] [dev.architectury.registry.registries.forge.RegistrarManagerImpl/]: Registry entry listened Registry Entry [minecraft:item / fossil:spawn_egg_smilodon] was not realized!
[10Jan2026 02:46:30.389] [main/WARN] [dev.architectury.registry.registries.forge.RegistrarManagerImpl/]: Registry entry listened Registry Entry [minecraft:item / fossil:bone_vertebrae_dimorphodon] was not realized!
[10Jan2026 02:46:30.390] [main/WARN] [dev.architectury.registry.registries.forge.RegistrarManagerImpl/]: Registry entry listened Registry Entry [minecraft:item / fossil:cooked_ceratosaurus] was not realized!
[10Jan2026 02:46:30.390] [main/WARN] [dev.architectury.registry.registries.forge.RegistrarManagerImpl/]: Registry entry listened Registry Entry [minecraft:item / fossil:bone_arm_quagga] was not realized!
[10Jan2026 02:46:30.390] [main/WARN] [dev.architectury.registry.registries.forge.RegistrarManagerImpl/]: Registry entry listened Registry Entry [minecraft:item / fossil:syringe_quagga] was not realized!
[10Jan2026 02:46:30.390] [main/WARN] [dev.architectury.registry.registries.forge.RegistrarManagerImpl/]: Registry entry listened Registry Entry [minecraft:item / fossil:bone_tail_kelenken] was not realized!
[10Jan2026 02:46:30.391] [main/WARN] [dev.architectury.registry.registries.forge.RegistrarManagerImpl/]: Registry entry listened Registry Entry [minecraft:item / fossil:pig_dna] was not realized!
[10Jan2026 02:46:30.391] [main/WARN] [dev.architectury.registry.registries.forge.RegistrarManagerImpl/]: Registry entry listened Registry Entry [minecraft:item / fossil:spawn_egg_diplodocus] was not realized!
[10Jan2026 02:46:30.391] [main/WARN] [dev.architectury.registry.registries.forge.RegistrarManagerImpl/]: Registry entry listened Registry Entry [minecraft:item / fossil:cooked_protoceratops] was not realized!
[10Jan2026 02:46:30.391] [main/WARN] [dev.architectury.registry.registries.forge.RegistrarManagerImpl/]: Registry entry listened Registry Entry [minecraft:item / fossil:bone_vertebrae_dimetrodon] was not realized!
[10Jan2026 02:46:30.391] [main/WARN] [dev.architectury.registry.registries.forge.RegistrarManagerImpl/]: Registry entry listened Registry Entry [minecraft:item / fossil:bone_arm_pachycephalosaurus] was not realized!
[10Jan2026 02:46:30.391] [main/WARN] [dev.architectury.registry.registries.forge.RegistrarManagerImpl/]: Registry entry listened Registry Entry [minecraft:item / fossil:bone_tail_phorusrhacos] was not realized!
[10Jan2026 02:46:30.391] [main/WARN] [dev.architectury.registry.registries.forge.RegistrarManagerImpl/]: Registry entry listened Registry Entry [minecraft:item / fossil:bone_vertebrae_spinosaurus] was not realized!
[10Jan2026 02:46:30.392] [main/WARN] [dev.architectury.registry.registries.forge.RegistrarManagerImpl/]: Registry entry listened Registry Entry [minecraft:item / fossil:egg_item_pufferfish] was not realized!
[10Jan2026 02:46:30.392] [main/WARN] [dev.architectury.registry.registries.forge.RegistrarManagerImpl/]: Registry entry listened Registry Entry [minecraft:item / fossil:bone_leg_edaphosaurus] was not realized!
[10Jan2026 02:46:30.392] [main/WARN] [dev.architectury.registry.registries.forge.RegistrarManagerImpl/]: Registry entry listened Registry Entry [minecraft:item / fossil:egg_kelenken] was not realized!
[10Jan2026 02:46:30.392] [main/WARN] [dev.architectury.registry.registries.forge.RegistrarManagerImpl/]: Registry entry listened Registry Entry [minecraft:item / fossil:bone_unique_parasaurolophus] was not realized!
[10Jan2026 02:46:30.392] [main/WARN] [dev.architectury.registry.registries.forge.RegistrarManagerImpl/]: Registry entry listened Registry Entry [minecraft:item / fossil:spawn_egg_postosuchus] was not realized!
[10Jan2026 02:46:30.392] [main/WARN] [dev.architectury.registry.registries.forge.RegistrarManagerImpl/]: Registry entry listened Registry Entry [minecraft:item / fossil:spawn_egg_gastornis] was not realized!
[10Jan2026 02:46:30.392] [main/WARN] [dev.architectury.registry.registries.forge.RegistrarManagerImpl/]: Registry entry listened Registry Entry [minecraft:item / fossil:bone_arm_mammoth] was not realized!
[10Jan2026 02:46:30.392] [main/WARN] [dev.architectury.registry.registries.forge.RegistrarManagerImpl/]: Registry entry listened Registry Entry [minecraft:item / fossil:cooked_mammoth] was not realized!
[10Jan2026 02:46:30.393] [main/WARN] [dev.architectury.registry.registries.forge.RegistrarManagerImpl/]: Registry entry listened Registry Entry [minecraft:item / fossil:crassigyrinus_dna] was not realized!
[10Jan2026 02:46:30.393] [main/WARN] [dev.architectury.registry.registries.forge.RegistrarManagerImpl/]: Registry entry listened Registry Entry [minecraft:item / fossil:bone_leg_deinonychus] was not realized!
[10Jan2026 02:46:30.393] [main/WARN] [dev.architectury.registry.registries.forge.RegistrarManagerImpl/]: Registry entry listened Registry Entry [minecraft:item / fossil:cooked_henodus] was not realized!
[10Jan2026 02:46:30.393] [main/WARN] [dev.architectury.registry.registries.forge.RegistrarManagerImpl/]: Registry entry listened Registry Entry [minecraft:item / fossil:bone_vertebrae_mammoth] was not realized!
[10Jan2026 02:46:30.393] [main/WARN] [dev.architectury.registry.registries.forge.RegistrarManagerImpl/]: Registry entry listened Registry Entry [minecraft:item / fossil:bone_vertebrae_deinonychus] was not realized!
[10Jan2026 02:46:30.393] [main/WARN] [dev.architectury.registry.registries.forge.RegistrarManagerImpl/]: Registry entry listened Registry Entry [minecraft:item / fossil:bone_leg_spinosaurus] was not realized!
[10Jan2026 02:46:30.393] [main/WARN] [dev.architectury.registry.registries.forge.RegistrarManagerImpl/]: Registry entry listened Registry Entry [minecraft:item / fossil:bone_leg_dryosaurus] was not realized!
[10Jan2026 02:46:30.393] [main/WARN] [dev.architectury.registry.registries.forge.RegistrarManagerImpl/]: Registry entry listened Registry Entry [minecraft:item / fossil:megalograptus_dna] was not realized!
[10Jan2026 02:46:30.393] [main/WARN] [dev.architectury.registry.registries.forge.RegistrarManagerImpl/]: Registry entry listened Registry Entry [minecraft:item / fossil:spawn_egg_allosaurus] was not realized!
[10Jan2026 02:46:30.394] [main/WARN] [dev.architectury.registry.registries.forge.RegistrarManagerImpl/]: Registry entry listened Registry Entry [minecraft:item / fossil:bone_unique_kelenken] was not realized!
[10Jan2026 02:46:30.394] [main/WARN] [dev.architectury.registry.registries.forge.RegistrarManagerImpl/]: Registry entry listened Registry Entry [minecraft:item / fossil:bone_leg_psittacosaurus] was not realized!
[10Jan2026 02:46:30.394] [main/WARN] [dev.architectury.registry.registries.forge.RegistrarManagerImpl/]: Registry entry listened Registry Entry [minecraft:item / fossil:meat_parasaurolophus] was not realized!
[10Jan2026 02:46:30.394] [main/WARN] [dev.architectury.registry.registries.forge.RegistrarManagerImpl/]: Registry entry listened Registry Entry [minecraft:item / fossil:meat_coelacanth] was not realized!
[10Jan2026 02:46:30.394] [main/WARN] [dev.architectury.registry.registries.forge.RegistrarManagerImpl/]: Registry entry listened Registry Entry [minecraft:item / fossil:meat_walliserops] was not realized!
[10Jan2026 02:46:30.394] [main/WARN] [dev.architectury.registry.registries.forge.RegistrarManagerImpl/]: Registry entry listened Registry Entry [minecraft:item / fossil:bone_leg_kelenken] was not realized!
[10Jan2026 02:46:30.394] [main/WARN] [dev.architectury.registry.registries.forge.RegistrarManagerImpl/]: Registry entry listened Registry Entry [minecraft:item / fossil:meat_protoceratops] was not realized!
[10Jan2026 02:46:30.395] [main/WARN] [dev.architectury.registry.registries.forge.RegistrarManagerImpl/]: Registry entry listened Registry Entry [minecraft:item / fossil:edaphosaurus_dna] was not realized!
[10Jan2026 02:46:30.395] [main/WARN] [dev.architectury.registry.registries.forge.RegistrarManagerImpl/]: Registry entry listened Registry Entry [minecraft:item / fossil:bone_tail_plesiosaurus] was not realized!
[10Jan2026 02:46:30.395] [main/WARN] [dev.architectury.registry.registries.forge.RegistrarManagerImpl/]: Registry entry listened Registry Entry [minecraft:item / fossil:bone_foot_dimetrodon] was not realized!
[10Jan2026 02:46:30.395] [main/WARN] [dev.architectury.registry.registries.forge.RegistrarManagerImpl/]: Registry entry listened Registry Entry [minecraft:item / fossil:bone_skull_dryosaurus] was not realized!
[10Jan2026 02:46:30.395] [main/WARN] [dev.architectury.registry.registries.forge.RegistrarManagerImpl/]: Registry entry listened Registry Entry [minecraft:item / fossil:bone_foot_tyrannosaurus] was not realized!
[10Jan2026 02:46:30.395] [main/WARN] [dev.architectury.registry.registries.forge.RegistrarManagerImpl/]: Registry entry listened Registry Entry [minecraft:item / fossil:spawn_egg_dilophosaurus] was not realized!
[10Jan2026 02:46:30.395] [main/WARN] [dev.architectury.registry.registries.forge.RegistrarManagerImpl/]: Registry entry listened Registry Entry [minecraft:item / fossil:dimetrodon_dna] was not realized!
[10Jan2026 02:46:30.395] [main/WARN] [dev.architectury.registry.registries.forge.RegistrarManagerImpl/]: Registry entry listened Registry Entry [minecraft:item / fossil:bone_foot_megalania] was not realized!
[10Jan2026 02:46:30.395] [main/WARN] [dev.architectury.registry.registries.forge.RegistrarManagerImpl/]: Registry entry listened Registry Entry [minecraft:item / fossil:bucket_item_henodus] was not realized!
[10Jan2026 02:46:30.396] [main/WARN] [dev.architectury.registry.registries.forge.RegistrarManagerImpl/]: Registry entry listened Registry Entry [minecraft:item / fossil:spawn_egg_pachyrhinosaurus] was not realized!
[10Jan2026 02:46:30.396] [main/WARN] [dev.architectury.registry.registries.forge.RegistrarManagerImpl/]: Registry entry listened Registry Entry [minecraft:item / fossil:bone_skull_psittacosaurus] was not realized!
[10Jan2026 02:46:30.396] [main/WARN] [dev.architectury.registry.registries.forge.RegistrarManagerImpl/]: Registry entry listened Registry Entry [minecraft:item / fossil:bone_foot_quagga] was not realized!
[10Jan2026 02:46:30.396] [main/WARN] [dev.architectury.registry.registries.forge.RegistrarManagerImpl/]: Registry entry listened Registry Entry [minecraft:item / fossil:bone_tail_pachycephalosaurus] was not realized!
[10Jan2026 02:46:30.396] [main/WARN] [dev.architectury.registry.registries.forge.RegistrarManagerImpl/]: Registry entry listened Registry Entry [minecraft:item / fossil:cooked_megalograptus] was not realized!
[10Jan2026 02:46:30.396] [main/WARN] [dev.architectury.registry.registries.forge.RegistrarManagerImpl/]: Registry entry listened Registry Entry [minecraft:item / fossil:bone_tail_crassigyrinus] was not realized!
[10Jan2026 02:46:30.396] [main/WARN] [dev.architectury.registry.registries.forge.RegistrarManagerImpl/]: Registry entry listened Registry Entry [minecraft:item / fossil:bone_vertebrae_henodus] was not realized!
[10Jan2026 02:46:30.396] [main/WARN] [dev.architectury.registry.registries.forge.RegistrarManagerImpl/]: Registry entry listened Registry Entry [minecraft:item / fossil:confuciusornis_dna] was not realized!
[10Jan2026 02:46:30.397] [main/WARN] [dev.architectury.registry.registries.forge.RegistrarManagerImpl/]: Registry entry listened Registry Entry [minecraft:item / fossil:wolf_dna] was not realized!
[10Jan2026 02:46:30.397] [main/WARN] [dev.architectury.registry.registries.forge.RegistrarManagerImpl/]: Registry entry listened Registry Entry [minecraft:item / fossil:bone_unique_gastornis] was not realized!
[10Jan2026 02:46:30.397] [main/WARN] [dev.architectury.registry.registries.forge.RegistrarManagerImpl/]: Registry entry listened Registry Entry [minecraft:item / fossil:bone_ribcage_edaphosaurus] was not realized!
[10Jan2026 02:46:30.397] [main/WARN] [dev.architectury.registry.registries.forge.RegistrarManagerImpl/]: Registry entry listened Registry Entry [minecraft:item / fossil:bone_skull_postosuchus] was not realized!
[10Jan2026 02:46:30.397] [main/WARN] [dev.architectury.registry.registries.forge.RegistrarManagerImpl/]: Registry entry listened Registry Entry [minecraft:item / fossil:bone_vertebrae_protoceratops] was not realized!
[10Jan2026 02:46:30.397] [main/WARN] [dev.architectury.registry.registries.forge.RegistrarManagerImpl/]: Registry entry listened Registry Entry [minecraft:item / fossil:bone_foot_pachycephalosaurus] was not realized!
[10Jan2026 02:46:30.397] [main/WARN] [dev.architectury.registry.registries.forge.RegistrarManagerImpl/]: Registry entry listened Registry Entry [minecraft:item / fossil:bone_tail_therizinosaurus] was not realized!
[10Jan2026 02:46:30.397] [main/WARN] [dev.architectury.registry.registries.forge.RegistrarManagerImpl/]: Registry entry listened Registry Entry [minecraft:item / fossil:cooked_gastornis] was not realized!
[10Jan2026 02:46:30.398] [main/WARN] [dev.architectury.registry.registries.forge.RegistrarManagerImpl/]: Registry entry listened Registry Entry [minecraft:item / fossil:bone_arm_liopleurodon] was not realized!
[10Jan2026 02:46:30.398] [main/WARN] [dev.architectury.registry.registries.forge.RegistrarManagerImpl/]: Registry entry listened Registry Entry [minecraft:item / fossil:sarcosuchus_dna] was not realized!
[10Jan2026 02:46:30.398] [main/WARN] [dev.architectury.registry.registries.forge.RegistrarManagerImpl/]: Registry entry listened Registry Entry [minecraft:item / fossil:egg_item_compsognathus] was not realized!
[10Jan2026 02:46:30.398] [main/WARN] [dev.architectury.registry.registries.forge.RegistrarManagerImpl/]: Registry entry listened Registry Entry [minecraft:item / fossil:meat_tyrannosaurus] was not realized!
[10Jan2026 02:46:30.398] [main/WARN] [dev.architectury.registry.registries.forge.RegistrarManagerImpl/]: Registry entry listened Registry Entry [minecraft:item / fossil:bone_tail_protoceratops] was not realized!
[10Jan2026 02:46:30.398] [main/WARN] [dev.architectury.registry.registries.forge.RegistrarManagerImpl/]: Registry entry listened Registry Entry [minecraft:item / fossil:turtle_dna] was not realized!
[10Jan2026 02:46:30.398] [main/WARN] [dev.architectury.registry.registries.forge.RegistrarManagerImpl/]: Registry entry listened Registry Entry [minecraft:item / fossil:bone_leg_diplodocus] was not realized!
[10Jan2026 02:46:30.398] [main/WARN] [dev.architectury.registry.registries.forge.RegistrarManagerImpl/]: Registry entry listened Registry Entry [minecraft:item / fossil:bone_leg_pteranodon] was not realized!
[10Jan2026 02:46:30.399] [main/WARN] [dev.architectury.registry.registries.forge.RegistrarManagerImpl/]: Registry entry listened Registry Entry [minecraft:item / fossil:bone_arm_dodo] was not realized!
[10Jan2026 02:46:30.399] [main/WARN] [dev.architectury.registry.registries.forge.RegistrarManagerImpl/]: Registry entry listened Registry Entry [minecraft:item / fossil:cooked_megalania] was not realized!
[10Jan2026 02:46:30.399] [main/WARN] [dev.architectury.registry.registries.forge.RegistrarManagerImpl/]: Registry entry listened Registry Entry [minecraft:item / fossil:cooked_sturgeon] was not realized!
[10Jan2026 02:46:30.399] [main/WARN] [dev.architectury.registry.registries.forge.RegistrarManagerImpl/]: Registry entry listened Registry Entry [minecraft:item / fossil:bone_vertebrae_parasaurolophus] was not realized!
[10Jan2026 02:46:30.399] [main/WARN] [dev.architectury.registry.registries.forge.RegistrarManagerImpl/]: Registry entry listened Registry Entry [minecraft:item / fossil:bone_vertebrae_pachyrhinosaurus] was not realized!
[10Jan2026 02:46:30.399] [main/WARN] [dev.architectury.registry.registries.forge.RegistrarManagerImpl/]: Registry entry listened Registry Entry [minecraft:item / fossil:bone_tail_dimorphodon] was not realized!
[10Jan2026 02:46:30.399] [main/WARN] [dev.architectury.registry.registries.forge.RegistrarManagerImpl/]: Registry entry listened Registry Entry [minecraft:item / fossil:spawn_egg_parasaurolophus] was not realized!
[10Jan2026 02:46:30.400] [main/WARN] [dev.architectury.registry.registries.forge.RegistrarManagerImpl/]: Registry entry listened Registry Entry [minecraft:item / fossil:egg_item_salmon] was not realized!
[10Jan2026 02:46:30.400] [main/WARN] [dev.architectury.registry.registries.forge.RegistrarManagerImpl/]: Registry entry listened Registry Entry [minecraft:item / fossil:bone_foot_dimorphodon] was not realized!
[10Jan2026 02:46:30.400] [main/WARN] [dev.architectury.registry.registries.forge.RegistrarManagerImpl/]: Registry entry listened Registry Entry [minecraft:item / fossil:tiktaalik_dna] was not realized!
[10Jan2026 02:46:30.400] [main/WARN] [dev.architectury.registry.registries.forge.RegistrarManagerImpl/]: Registry entry listened Registry Entry [minecraft:item / fossil:meat_sarcosuchus] was not realized!
[10Jan2026 02:46:30.400] [main/WARN] [dev.architectury.registry.registries.forge.RegistrarManagerImpl/]: Registry entry listened Registry Entry [minecraft:item / fossil:spawn_egg_confuciusornis] was not realized!
[10Jan2026 02:46:30.400] [main/WARN] [dev.architectury.registry.registries.forge.RegistrarManagerImpl/]: Registry entry listened Registry Entry [minecraft:item / fossil:diplodocus_dna] was not realized!
[10Jan2026 02:46:30.400] [main/WARN] [dev.architectury.registry.registries.forge.RegistrarManagerImpl/]: Registry entry listened Registry Entry [minecraft:item / fossil:meat_dodo] was not realized!
[10Jan2026 02:46:30.400] [main/WARN] [dev.architectury.registry.registries.forge.RegistrarManagerImpl/]: Registry entry listened Registry Entry [minecraft:item / fossil:spawn_egg_titanis] was not realized!
[10Jan2026 02:46:30.400] [main/WARN] [dev.architectury.registry.registries.forge.RegistrarManagerImpl/]: Registry entry listened Registry Entry [minecraft:item / fossil:bone_skull_ceratosaurus] was not realized!
[10Jan2026 02:46:30.401] [main/WARN] [dev.architectury.registry.registries.forge.RegistrarManagerImpl/]: Registry entry listened Registry Entry [minecraft:item / fossil:bone_foot_stegosaurus] was not realized!
[10Jan2026 02:46:30.401] [main/WARN] [dev.architectury.registry.registries.forge.RegistrarManagerImpl/]: Registry entry listened Registry Entry [minecraft:item / fossil:lonchodomas_dna] was not realized!
[10Jan2026 02:46:30.401] [main/WARN] [dev.architectury.registry.registries.forge.RegistrarManagerImpl/]: Registry entry listened Registry Entry [minecraft:item / fossil:bone_leg_protoceratops] was not realized!
[10Jan2026 02:46:30.401] [main/WARN] [dev.architectury.registry.registries.forge.RegistrarManagerImpl/]: Registry entry listened Registry Entry [minecraft:item / fossil:spawn_egg_meganeura] was not realized!
[10Jan2026 02:46:30.401] [main/WARN] [dev.architectury.registry.registries.forge.RegistrarManagerImpl/]: Registry entry listened Registry Entry [minecraft:item / fossil:bone_tail_ankylosaurus] was not realized!
[10Jan2026 02:46:30.401] [main/WARN] [dev.architectury.registry.registries.forge.RegistrarManagerImpl/]: Registry entry listened Registry Entry [minecraft:item / fossil:bone_ribcage_dimorphodon] was not realized!
[10Jan2026 02:46:30.401] [main/WARN] [dev.architectury.registry.registries.forge.RegistrarManagerImpl/]: Registry entry listened Registry Entry [minecraft:item / fossil:cooked_sarcosuchus] was not realized!
[10Jan2026 02:46:30.401] [main/WARN] [dev.architectury.registry.registries.forge.RegistrarManagerImpl/]: Registry entry listened Registry Entry [minecraft:item / fossil:egg_item_ankylosaurus] was not realized!
[10Jan2026 02:46:30.401] [main/WARN] [dev.architectury.registry.registries.forge.RegistrarManagerImpl/]: Registry entry listened Registry Entry [minecraft:item / fossil:bone_skull_ornitholestes] was not realized!
[10Jan2026 02:46:30.402] [main/WARN] [dev.architectury.registry.registries.forge.RegistrarManagerImpl/]: Registry entry listened Registry Entry [minecraft:item / fossil:bone_ribcage_liopleurodon] was not realized!
[10Jan2026 02:46:30.402] [main/WARN] [dev.architectury.registry.registries.forge.RegistrarManagerImpl/]: Registry entry listened Registry Entry [minecraft:item / fossil:chicken_dna] was not realized!
[10Jan2026 02:46:30.402] [main/WARN] [dev.architectury.registry.registries.forge.RegistrarManagerImpl/]: Registry entry listened Registry Entry [minecraft:item / fossil:bone_arm_kelenken] was not realized!
[10Jan2026 02:46:30.402] [main/WARN] [dev.architectury.registry.registries.forge.RegistrarManagerImpl/]: Registry entry listened Registry Entry [minecraft:item / fossil:postosuchus_dna] was not realized!
[10Jan2026 02:46:30.402] [main/WARN] [dev.architectury.registry.registries.forge.RegistrarManagerImpl/]: Registry entry listened Registry Entry [minecraft:item / fossil:bone_skull_tyrannosaurus] was not realized!
[10Jan2026 02:46:30.402] [main/WARN] [dev.architectury.registry.registries.forge.RegistrarManagerImpl/]: Registry entry listened Registry Entry [minecraft:item / fossil:bucket_item_walliserops] was not realized!
[10Jan2026 02:46:30.402] [main/WARN] [dev.architectury.registry.registries.forge.RegistrarManagerImpl/]: Registry entry listened Registry Entry [minecraft:item / fossil:bone_vertebrae_citipati] was not realized!
[10Jan2026 02:46:30.402] [main/WARN] [dev.architectury.registry.registries.forge.RegistrarManagerImpl/]: Registry entry listened Registry Entry [minecraft:item / fossil:bone_arm_spinosaurus] was not realized!
[10Jan2026 02:46:30.403] [main/WARN] [dev.architectury.registry.registries.forge.RegistrarManagerImpl/]: Registry entry listened Registry Entry [minecraft:item / fossil:bone_foot_henodus] was not realized!
[10Jan2026 02:46:30.403] [main/WARN] [dev.architectury.registry.registries.forge.RegistrarManagerImpl/]: Registry entry listened Registry Entry [minecraft:item / fossil:bone_unique_psittacosaurus] was not realized!
[10Jan2026 02:46:30.403] [main/WARN] [dev.architectury.registry.registries.forge.RegistrarManagerImpl/]: Registry entry listened Registry Entry [minecraft:item / fossil:bone_skull_stegosaurus] was not realized!
[10Jan2026 02:46:30.403] [main/WARN] [dev.architectury.registry.registries.forge.RegistrarManagerImpl/]: Registry entry listened Registry Entry [minecraft:item / fossil:egg_item_sarcosuchus] was not realized!
[10Jan2026 02:46:30.403] [main/WARN] [dev.architectury.registry.registries.forge.RegistrarManagerImpl/]: Registry entry listened Registry Entry [minecraft:item / fossil:arthropleura_dna] was not realized!
[10Jan2026 02:46:30.403] [main/WARN] [dev.architectury.registry.registries.forge.RegistrarManagerImpl/]: Registry entry listened Registry Entry [minecraft:item / fossil:egg_item_parasaurolophus] was not realized!
[10Jan2026 02:46:30.403] [main/WARN] [dev.architectury.registry.registries.forge.RegistrarManagerImpl/]: Registry entry listened Registry Entry [minecraft:item / fossil:bone_tail_ornitholestes] was not realized!
[10Jan2026 02:46:30.403] [main/WARN] [dev.architectury.registry.registries.forge.RegistrarManagerImpl/]: Registry entry listened Registry Entry [minecraft:item / fossil:spawn_egg_lonchodomas] was not realized!
[10Jan2026 02:46:30.404] [main/WARN] [dev.architectury.registry.registries.forge.RegistrarManagerImpl/]: Registry entry listened Registry Entry [minecraft:item / fossil:bone_foot_titanis] was not realized!
[10Jan2026 02:46:30.404] [main/WARN] [dev.architectury.registry.registries.forge.RegistrarManagerImpl/]: Registry entry listened Registry Entry [minecraft:item / fossil:bone_tail_mammoth] was not realized!
[10Jan2026 02:46:30.404] [main/WARN] [dev.architectury.registry.registries.forge.RegistrarManagerImpl/]: Registry entry listened Registry Entry [minecraft:item / fossil:cooked_megalodon] was not realized!
[10Jan2026 02:46:30.404] [main/WARN] [dev.architectury.registry.registries.forge.RegistrarManagerImpl/]: Registry entry listened Registry Entry [minecraft:item / fossil:egg_item_axolotl] was not realized!
[10Jan2026 02:46:30.404] [main/WARN] [dev.architectury.registry.registries.forge.RegistrarManagerImpl/]: Registry entry listened Registry Entry [minecraft:item / fossil:egg_item_crassigyrinus] was not realized!
[10Jan2026 02:46:30.404] [main/WARN] [dev.architectury.registry.registries.forge.RegistrarManagerImpl/]: Registry entry listened Registry Entry [minecraft:item / fossil:bone_arm_pteranodon] was not realized!
[10Jan2026 02:46:30.404] [main/WARN] [dev.architectury.registry.registries.forge.RegistrarManagerImpl/]: Registry entry listened Registry Entry [minecraft:item / fossil:bone_foot_dilophosaurus] was not realized!
[10Jan2026 02:46:30.404] [main/WARN] [dev.architectury.registry.registries.forge.RegistrarManagerImpl/]: Registry entry listened Registry Entry [minecraft:item / fossil:bucket_item_aquilolamna] was not realized!
[10Jan2026 02:46:30.404] [main/WARN] [dev.architectury.registry.registries.forge.RegistrarManagerImpl/]: Registry entry listened Registry Entry [minecraft:item / fossil:bone_vertebrae_gallimimus] was not realized!
[10Jan2026 02:46:30.404] [main/WARN] [dev.architectury.registry.registries.forge.RegistrarManagerImpl/]: Registry entry listened Registry Entry [minecraft:item / fossil:bone_foot_phorusrhacos] was not realized!
[10Jan2026 02:46:30.405] [main/WARN] [dev.architectury.registry.registries.forge.RegistrarManagerImpl/]: Registry entry listened Registry Entry [minecraft:item / fossil:egg_item_plesiosaurus] was not realized!
[10Jan2026 02:46:30.405] [main/WARN] [dev.architectury.registry.registries.forge.RegistrarManagerImpl/]: Registry entry listened Registry Entry [minecraft:item / fossil:bone_arm_protoceratops] was not realized!
[10Jan2026 02:46:30.405] [main/WARN] [dev.architectury.registry.registries.forge.RegistrarManagerImpl/]: Registry entry listened Registry Entry [minecraft:item / fossil:bone_foot_triceratops] was not realized!
[10Jan2026 02:46:30.405] [main/WARN] [dev.architectury.registry.registries.forge.RegistrarManagerImpl/]: Registry entry listened Registry Entry [minecraft:item / fossil:egg_item_pteranodon] was not realized!
[10Jan2026 02:46:30.405] [main/WARN] [dev.architectury.registry.registries.forge.RegistrarManagerImpl/]: Registry entry listened Registry Entry [minecraft:item / fossil:bone_skull_brachiosaurus] was not realized!
[10Jan2026 02:46:30.405] [main/WARN] [dev.architectury.registry.registries.forge.RegistrarManagerImpl/]: Registry entry listened Registry Entry [minecraft:item / fossil:bone_ribcage_quagga] was not realized!
[10Jan2026 02:46:30.405] [main/WARN] [dev.architectury.registry.registries.forge.RegistrarManagerImpl/]: Registry entry listened Registry Entry [minecraft:item / fossil:cooked_dilophosaurus] was not realized!
[10Jan2026 02:46:30.405] [main/WARN] [dev.architectury.registry.registries.forge.RegistrarManagerImpl/]: Registry entry listened Registry Entry [minecraft:item / fossil:bone_skull_dimetrodon] was not realized!
[10Jan2026 02:46:30.405] [main/WARN] [dev.architectury.registry.registries.forge.RegistrarManagerImpl/]: Registry entry listened Registry Entry [minecraft:item / fossil:cod_dna] was not realized!
[10Jan2026 02:46:30.405] [main/WARN] [dev.architectury.registry.registries.forge.RegistrarManagerImpl/]: Registry entry listened Registry Entry [minecraft:item / fossil:aquilolamna_dna] was not realized!
[10Jan2026 02:46:30.405] [main/WARN] [dev.architectury.registry.registries.forge.RegistrarManagerImpl/]: Registry entry listened Registry Entry [minecraft:item / fossil:bone_vertebrae_allosaurus] was not realized!
[10Jan2026 02:46:30.406] [main/WARN] [dev.architectury.registry.registries.forge.RegistrarManagerImpl/]: Registry entry listened Registry Entry [minecraft:item / fossil:bat_dna] was not realized!
[10Jan2026 02:46:30.406] [main/WARN] [dev.architectury.registry.registries.forge.RegistrarManagerImpl/]: Registry entry listened Registry Entry [minecraft:item / fossil:bone_unique_postosuchus] was not realized!
[10Jan2026 02:46:30.406] [main/WARN] [dev.architectury.registry.registries.forge.RegistrarManagerImpl/]: Registry entry listened Registry Entry [minecraft:item / fossil:spawn_egg_henodus] was not realized!
[10Jan2026 02:46:30.406] [main/WARN] [dev.architectury.registry.registries.forge.RegistrarManagerImpl/]: Registry entry listened Registry Entry [minecraft:item / fossil:meat_liopleurodon] was not realized!
[10Jan2026 02:46:30.406] [main/WARN] [dev.architectury.registry.registries.forge.RegistrarManagerImpl/]: Registry entry listened Registry Entry [minecraft:item / fossil:bee_dna] was not realized!
[10Jan2026 02:46:30.406] [main/WARN] [dev.architectury.registry.registries.forge.RegistrarManagerImpl/]: Registry entry listened Registry Entry [minecraft:item / fossil:egg_item_glow_squid] was not realized!
[10Jan2026 02:46:30.406] [main/WARN] [dev.architectury.registry.registries.forge.RegistrarManagerImpl/]: Registry entry listened Registry Entry [minecraft:item / fossil:meat_ornitholestes] was not realized!
[10Jan2026 02:46:30.406] [main/WARN] [dev.architectury.registry.registries.forge.RegistrarManagerImpl/]: Registry entry listened Registry Entry [minecraft:item / fossil:egg_item_diplodocus] was not realized!
[10Jan2026 02:46:30.407] [main/WARN] [dev.architectury.registry.registries.forge.RegistrarManagerImpl/]: Registry entry listened Registry Entry [minecraft:item / fossil:bone_leg_liopleurodon] was not realized!
[10Jan2026 02:46:30.407] [main/WARN] [dev.architectury.registry.registries.forge.RegistrarManagerImpl/]: Registry entry listened Registry Entry [minecraft:item / fossil:bone_arm_citipati] was not realized!
[10Jan2026 02:46:30.407] [main/WARN] [dev.architectury.registry.registries.forge.RegistrarManagerImpl/]: Registry entry listened Registry Entry [minecraft:item / fossil:spawn_egg_kelenken] was not realized!
[10Jan2026 02:46:30.407] [main/WARN] [dev.architectury.registry.registries.forge.RegistrarManagerImpl/]: Registry entry listened Registry Entry [minecraft:item / fossil:bone_tail_edaphosaurus] was not realized!
[10Jan2026 02:46:30.407] [main/WARN] [dev.architectury.registry.registries.forge.RegistrarManagerImpl/]: Registry entry listened Registry Entry [minecraft:item / fossil:bone_vertebrae_ichthyosaurus] was not realized!
[10Jan2026 02:46:30.407] [main/WARN] [dev.architectury.registry.registries.forge.RegistrarManagerImpl/]: Registry entry listened Registry Entry [minecraft:item / fossil:meat_gallimimus] was not realized!
[10Jan2026 02:46:30.407] [main/WARN] [dev.architectury.registry.registries.forge.RegistrarManagerImpl/]: Registry entry listened Registry Entry [minecraft:item / fossil:egg_item_dilophosaurus] was not realized!
[10Jan2026 02:46:30.407] [main/WARN] [dev.architectury.registry.registries.forge.RegistrarManagerImpl/]: Registry entry listened Registry Entry [minecraft:item / fossil:bucket_item_scotoharpes] was not realized!
[10Jan2026 02:46:30.408] [main/WARN] [dev.architectury.registry.registries.forge.RegistrarManagerImpl/]: Registry entry listened Registry Entry [minecraft:item / fossil:rabbit_dna] was not realized!
[10Jan2026 02:46:30.408] [main/WARN] [dev.architectury.registry.registries.forge.RegistrarManagerImpl/]: Registry entry listened Registry Entry [minecraft:item / fossil:bone_tail_pachyrhinosaurus] was not realized!
[10Jan2026 02:46:30.408] [main/WARN] [dev.architectury.registry.registries.forge.RegistrarManagerImpl/]: Registry entry listened Registry Entry [minecraft:item / fossil:bone_arm_deinonychus] was not realized!
[10Jan2026 02:46:30.408] [main/WARN] [dev.architectury.registry.registries.forge.RegistrarManagerImpl/]: Registry entry listened Registry Entry [minecraft:item / fossil:bone_foot_mammoth] was not realized!
[10Jan2026 02:46:30.408] [main/WARN] [dev.architectury.registry.registries.forge.RegistrarManagerImpl/]: Registry entry listened Registry Entry [minecraft:item / fossil:bone_foot_diplocaulus] was not realized!
[10Jan2026 02:46:30.408] [main/WARN] [dev.architectury.registry.registries.forge.RegistrarManagerImpl/]: Registry entry listened Registry Entry [minecraft:item / fossil:bone_tail_gallimimus] was not realized!
[10Jan2026 02:46:30.408] [main/WARN] [dev.architectury.registry.registries.forge.RegistrarManagerImpl/]: Registry entry listened Registry Entry [minecraft:item / fossil:bone_unique_ankylosaurus] was not realized!
[10Jan2026 02:46:30.408] [main/WARN] [dev.architectury.registry.registries.forge.RegistrarManagerImpl/]: Registry entry listened Registry Entry [minecraft:item / fossil:bone_vertebrae_tiktaalik] was not realized!
[10Jan2026 02:46:30.409] [main/WARN] [dev.architectury.registry.registries.forge.RegistrarManagerImpl/]: Registry entry listened Registry Entry [minecraft:item / fossil:bone_arm_dryosaurus] was not realized!
[10Jan2026 02:46:30.409] [main/WARN] [dev.architectury.registry.registries.forge.RegistrarManagerImpl/]: Registry entry listened Registry Entry [minecraft:item / fossil:egg_item_confuciusornis] was not realized!
[10Jan2026 02:46:30.409] [main/WARN] [dev.architectury.registry.registries.forge.RegistrarManagerImpl/]: Registry entry listened Registry Entry [minecraft:item / fossil:bone_vertebrae_plesiosaurus] was not realized!
[10Jan2026 02:46:30.409] [main/WARN] [dev.architectury.registry.registries.forge.RegistrarManagerImpl/]: Registry entry listened Registry Entry [minecraft:item / fossil:bone_unique_sarcosuchus] was not realized!
[10Jan2026 02:46:30.409] [main/WARN] [dev.architectury.registry.registries.forge.RegistrarManagerImpl/]: Registry entry listened Registry Entry [minecraft:item / fossil:cooked_psittacosaurus] was not realized!
[10Jan2026 02:46:30.409] [main/WARN] [dev.architectury.registry.registries.forge.RegistrarManagerImpl/]: Registry entry listened Registry Entry [minecraft:item / fossil:bone_leg_titanis] was not realized!
[10Jan2026 02:46:30.409] [main/WARN] [dev.architectury.registry.registries.forge.RegistrarManagerImpl/]: Registry entry listened Registry Entry [minecraft:item / fossil:cooked_nautilus] was not realized!
[10Jan2026 02:46:30.409] [main/WARN] [dev.architectury.registry.registries.forge.RegistrarManagerImpl/]: Registry entry listened Registry Entry [minecraft:item / fossil:citipati_dna] was not realized!
[10Jan2026 02:46:30.410] [main/WARN] [dev.architectury.registry.registries.forge.RegistrarManagerImpl/]: Registry entry listened Registry Entry [minecraft:item / fossil:sturgeon_dna] was not realized!
[10Jan2026 02:46:30.410] [main/WARN] [dev.architectury.registry.registries.forge.RegistrarManagerImpl/]: Registry entry listened Registry Entry [minecraft:item / fossil:egg_item_therizinosaurus] was not realized!
[10Jan2026 02:46:30.410] [main/WARN] [dev.architectury.registry.registries.forge.RegistrarManagerImpl/]: Registry entry listened Registry Entry [minecraft:item / fossil:bone_tail_elasmotherium] was not realized!
[10Jan2026 02:46:30.410] [main/WARN] [dev.architectury.registry.registries.forge.RegistrarManagerImpl/]: Registry entry listened Registry Entry [minecraft:item / fossil:egg_item_phorusrhacos] was not realized!
[10Jan2026 02:46:30.410] [main/WARN] [dev.architectury.registry.registries.forge.RegistrarManagerImpl/]: Registry entry listened Registry Entry [minecraft:item / fossil:bone_tail_spinosaurus] was not realized!
[10Jan2026 02:46:30.410] [main/WARN] [dev.architectury.registry.registries.forge.RegistrarManagerImpl/]: Registry entry listened Registry Entry [minecraft:item / fossil:egg_item_edaphosaurus] was not realized!
[10Jan2026 02:46:30.410] [main/WARN] [dev.architectury.registry.registries.forge.RegistrarManagerImpl/]: Registry entry listened Registry Entry [minecraft:item / fossil:bone_unique_triceratops] was not realized!
[10Jan2026 02:46:30.411] [main/WARN] [dev.architectury.registry.registries.forge.RegistrarManagerImpl/]: Registry entry listened Registry Entry [minecraft:item / fossil:bone_leg_ichthyosaurus] was not realized!
[10Jan2026 02:46:30.411] [main/WARN] [dev.architectury.registry.registries.forge.RegistrarManagerImpl/]: Registry entry listened Registry Entry [minecraft:item / fossil:meat_allosaurus] was not realized!
[10Jan2026 02:46:30.411] [main/WARN] [dev.architectury.registry.registries.forge.RegistrarManagerImpl/]: Registry entry listened Registry Entry [minecraft:item / fossil:gastornis_dna] was not realized!
[10Jan2026 02:46:30.411] [main/WARN] [dev.architectury.registry.registries.forge.RegistrarManagerImpl/]: Registry entry listened Registry Entry [minecraft:item / fossil:bone_unique_allosaurus] was not realized!
[10Jan2026 02:46:30.411] [main/WARN] [dev.architectury.registry.registries.forge.RegistrarManagerImpl/]: Registry entry listened Registry Entry [minecraft:item / fossil:bone_ribcage_therizinosaurus] was not realized!
[10Jan2026 02:46:30.411] [main/WARN] [dev.architectury.registry.registries.forge.RegistrarManagerImpl/]: Registry entry listened Registry Entry [minecraft:item / fossil:bone_foot_edaphosaurus] was not realized!
[10Jan2026 02:46:30.411] [main/WARN] [dev.architectury.registry.registries.forge.RegistrarManagerImpl/]: Registry entry listened Registry Entry [minecraft:item / fossil:dolphin_dna] was not realized!
[10Jan2026 02:46:30.412] [main/WARN] [dev.architectury.registry.registries.forge.RegistrarManagerImpl/]: Registry entry listened Registry Entry [minecraft:item / fossil:bucket_item_alligator_gar] was not realized!
[10Jan2026 02:46:30.412] [main/WARN] [dev.architectury.registry.registries.forge.RegistrarManagerImpl/]: Registry entry listened Registry Entry [minecraft:item / fossil:bone_vertebrae_ceratosaurus] was not realized!
[10Jan2026 02:46:30.412] [main/WARN] [dev.architectury.registry.registries.forge.RegistrarManagerImpl/]: Registry entry listened Registry Entry [minecraft:item / fossil:bone_vertebrae_edaphosaurus] was not realized!
[10Jan2026 02:46:30.412] [main/WARN] [dev.architectury.registry.registries.forge.RegistrarManagerImpl/]: Registry entry listened Registry Entry [minecraft:item / fossil:cooked_liopleurodon] was not realized!
[10Jan2026 02:46:30.412] [main/WARN] [dev.architectury.registry.registries.forge.RegistrarManagerImpl/]: Registry entry listened Registry Entry [minecraft:item / fossil:megaloceros_dna] was not realized!
[10Jan2026 02:46:30.412] [main/WARN] [dev.architectury.registry.registries.forge.RegistrarManagerImpl/]: Registry entry listened Registry Entry [minecraft:item / fossil:cooked_coelacanth] was not realized!
[10Jan2026 02:46:30.412] [main/WARN] [dev.architectury.registry.registries.forge.RegistrarManagerImpl/]: Registry entry listened Registry Entry [minecraft:item / fossil:bone_vertebrae_pachycephalosaurus] was not realized!
[10Jan2026 02:46:30.412] [main/WARN] [dev.architectury.registry.registries.forge.RegistrarManagerImpl/]: Registry entry listened Registry Entry [minecraft:item / fossil:bone_ribcage_parasaurolophus] was not realized!
[10Jan2026 02:46:30.413] [main/WARN] [dev.architectury.registry.registries.forge.RegistrarManagerImpl/]: Registry entry listened Registry Entry [minecraft:item / fossil:bone_vertebrae_dodo] was not realized!
[10Jan2026 02:46:30.413] [main/WARN] [dev.architectury.registry.registries.forge.RegistrarManagerImpl/]: Registry entry listened Registry Entry [minecraft:item / fossil:syringe_pig] was not realized!
[10Jan2026 02:46:30.413] [main/WARN] [dev.architectury.registry.registries.forge.RegistrarManagerImpl/]: Registry entry listened Registry Entry [minecraft:item / fossil:protoceratops_dna] was not realized!
[10Jan2026 02:46:30.413] [main/WARN] [dev.architectury.registry.registries.forge.RegistrarManagerImpl/]: Registry entry listened Registry Entry [minecraft:item / fossil:bone_skull_pteranodon] was not realized!
[10Jan2026 02:46:30.413] [main/WARN] [dev.architectury.registry.registries.forge.RegistrarManagerImpl/]: Registry entry listened Registry Entry [minecraft:item / fossil:syringe_cow] was not realized!
[10Jan2026 02:46:30.413] [main/WARN] [dev.architectury.registry.registries.forge.RegistrarManagerImpl/]: Registry entry listened Registry Entry [minecraft:item / fossil:bone_arm_dimorphodon] was not realized!
[10Jan2026 02:46:30.413] [main/WARN] [dev.architectury.registry.registries.forge.RegistrarManagerImpl/]: Registry entry listened Registry Entry [minecraft:item / fossil:bone_vertebrae_quagga] was not realized!
[10Jan2026 02:46:30.413] [main/WARN] [dev.architectury.registry.registries.forge.RegistrarManagerImpl/]: Registry entry listened Registry Entry [minecraft:item / fossil:cooked_dryosaurus] was not realized!
[10Jan2026 02:46:30.414] [main/WARN] [dev.architectury.registry.registries.forge.RegistrarManagerImpl/]: Registry entry listened Registry Entry [minecraft:item / fossil:bone_ribcage_stegosaurus] was not realized!
[10Jan2026 02:46:30.414] [main/WARN] [dev.architectury.registry.registries.forge.RegistrarManagerImpl/]: Registry entry listened Registry Entry [minecraft:item / fossil:meat_postosuchus] was not realized!
[10Jan2026 02:46:30.414] [main/WARN] [dev.architectury.registry.registries.forge.RegistrarManagerImpl/]: Registry entry listened Registry Entry [minecraft:item / fossil:bone_ribcage_mammoth] was not realized!
[10Jan2026 02:46:30.414] [main/WARN] [dev.architectury.registry.registries.forge.RegistrarManagerImpl/]: Registry entry listened Registry Entry [minecraft:item / fossil:bone_ribcage_compsognathus] was not realized!
[10Jan2026 02:46:30.414] [main/WARN] [dev.architectury.registry.registries.forge.RegistrarManagerImpl/]: Registry entry listened Registry Entry [minecraft:item / fossil:bone_ribcage_pachycephalosaurus] was not realized!
[10Jan2026 02:46:30.414] [main/WARN] [dev.architectury.registry.registries.forge.RegistrarManagerImpl/]: Registry entry listened Registry Entry [minecraft:item / fossil:bone_ribcage_ornitholestes] was not realized!
[10Jan2026 02:46:30.414] [main/WARN] [dev.architectury.registry.registries.forge.RegistrarManagerImpl/]: Registry entry listened Registry Entry [minecraft:item / fossil:bone_arm_stegosaurus] was not realized!
[10Jan2026 02:46:30.414] [main/WARN] [dev.architectury.registry.registries.forge.RegistrarManagerImpl/]: Registry entry listened Registry Entry [minecraft:item / fossil:cooked_arthropleura] was not realized!
[10Jan2026 02:46:30.415] [main/WARN] [dev.architectury.registry.registries.forge.RegistrarManagerImpl/]: Registry entry listened Registry Entry [minecraft:item / fossil:egg_item_meganeura] was not realized!
[10Jan2026 02:46:30.415] [main/WARN] [dev.architectury.registry.registries.forge.RegistrarManagerImpl/]: Registry entry listened Registry Entry [minecraft:item / fossil:egg_item_pachycephalosaurus] was not realized!
[10Jan2026 02:46:30.415] [main/WARN] [dev.architectury.registry.registries.forge.RegistrarManagerImpl/]: Registry entry listened Registry Entry [minecraft:item / fossil:bone_ribcage_quetzalcoatlus] was not realized!
[10Jan2026 02:46:30.415] [main/WARN] [dev.architectury.registry.registries.forge.RegistrarManagerImpl/]: Registry entry listened Registry Entry [minecraft:item / fossil:bone_arm_mosasaurus] was not realized!
[10Jan2026 02:46:30.415] [main/WARN] [dev.architectury.registry.registries.forge.RegistrarManagerImpl/]: Registry entry listened Registry Entry [minecraft:item / fossil:bone_foot_megaloceros] was not realized!
[10Jan2026 02:46:30.415] [main/WARN] [dev.architectury.registry.registries.forge.RegistrarManagerImpl/]: Registry entry listened Registry Entry [minecraft:item / fossil:bone_ribcage_dodo] was not realized!
[10Jan2026 02:46:30.415] [main/WARN] [dev.architectury.registry.registries.forge.RegistrarManagerImpl/]: Registry entry listened Registry Entry [minecraft:item / fossil:bone_unique_protoceratops] was not realized!
[10Jan2026 02:46:30.415] [main/WARN] [dev.architectury.registry.registries.forge.RegistrarManagerImpl/]: Registry entry listened Registry Entry [minecraft:item / fossil:bone_arm_ichthyosaurus] was not realized!
[10Jan2026 02:46:30.415] [main/WARN] [dev.architectury.registry.registries.forge.RegistrarManagerImpl/]: Registry entry listened Registry Entry [minecraft:item / fossil:bone_vertebrae_phorusrhacos] was not realized!
[10Jan2026 02:46:30.416] [main/WARN] [dev.architectury.registry.registries.forge.RegistrarManagerImpl/]: Registry entry listened Registry Entry [minecraft:item / fossil:bone_leg_mammoth] was not realized!
[10Jan2026 02:46:30.416] [main/WARN] [dev.architectury.registry.registries.forge.RegistrarManagerImpl/]: Registry entry listened Registry Entry [minecraft:item / fossil:spawn_egg_ichthyosaurus] was not realized!
[10Jan2026 02:46:30.416] [main/WARN] [dev.architectury.registry.registries.forge.RegistrarManagerImpl/]: Registry entry listened Registry Entry [minecraft:item / fossil:egg_item_megalograptus] was not realized!
[10Jan2026 02:46:30.416] [main/WARN] [dev.architectury.registry.registries.forge.RegistrarManagerImpl/]: Registry entry listened Registry Entry [minecraft:item / fossil:ceratosaurus_dna] was not realized!
[10Jan2026 02:46:30.416] [main/WARN] [dev.architectury.registry.registries.forge.RegistrarManagerImpl/]: Registry entry listened Registry Entry [minecraft:item / fossil:meat_arthropleura] was not realized!
[10Jan2026 02:46:30.416] [main/WARN] [dev.architectury.registry.registries.forge.RegistrarManagerImpl/]: Registry entry listened Registry Entry [minecraft:item / fossil:bucket_item_ichthyosaurus] was not realized!
[10Jan2026 02:46:30.416] [main/WARN] [dev.architectury.registry.registries.forge.RegistrarManagerImpl/]: Registry entry listened Registry Entry [minecraft:item / fossil:egg_item_sturgeon] was not realized!
[10Jan2026 02:46:30.416] [main/WARN] [dev.architectury.registry.registries.forge.RegistrarManagerImpl/]: Registry entry listened Registry Entry [minecraft:item / fossil:egg_titanis] was not realized!
[10Jan2026 02:46:30.417] [main/WARN] [dev.architectury.registry.registries.forge.RegistrarManagerImpl/]: Registry entry listened Registry Entry [minecraft:item / fossil:bone_ribcage_dimetrodon] was not realized!
[10Jan2026 02:46:30.417] [main/WARN] [dev.architectury.registry.registries.forge.RegistrarManagerImpl/]: Registry entry listened Registry Entry [minecraft:item / fossil:cooked_platybelodon] was not realized!
[10Jan2026 02:46:30.417] [main/WARN] [dev.architectury.registry.registries.forge.RegistrarManagerImpl/]: Registry entry listened Registry Entry [minecraft:item / fossil:meat_megalania] was not realized!
[10Jan2026 02:46:30.417] [main/WARN] [dev.architectury.registry.registries.forge.RegistrarManagerImpl/]: Registry entry listened Registry Entry [minecraft:item / fossil:bone_skull_pachycephalosaurus] was not realized!
[10Jan2026 02:46:30.417] [main/WARN] [dev.architectury.registry.registries.forge.RegistrarManagerImpl/]: Registry entry listened Registry Entry [minecraft:item / fossil:egg_item_tiktaalik] was not realized!
[10Jan2026 02:46:30.417] [main/WARN] [dev.architectury.registry.registries.forge.RegistrarManagerImpl/]: Registry entry listened Registry Entry [minecraft:item / fossil:salmon_dna] was not realized!
[10Jan2026 02:46:30.417] [main/WARN] [dev.architectury.registry.registries.forge.RegistrarManagerImpl/]: Registry entry listened Registry Entry [minecraft:item / fossil:velociraptor_dna] was not realized!
[10Jan2026 02:46:30.417] [main/WARN] [dev.architectury.registry.registries.forge.RegistrarManagerImpl/]: Registry entry listened Registry Entry [minecraft:item / fossil:egg_item_brachiosaurus] was not realized!
[10Jan2026 02:46:30.417] [main/WARN] [dev.architectury.registry.registries.forge.RegistrarManagerImpl/]: Registry entry listened Registry Entry [minecraft:item / fossil:sniffer_dna] was not realized!
[10Jan2026 02:46:30.418] [main/WARN] [dev.architectury.registry.registries.forge.RegistrarManagerImpl/]: Registry entry listened Registry Entry [minecraft:item / fossil:parasaurolophus_dna] was not realized!
[10Jan2026 02:46:30.418] [main/WARN] [dev.architectury.registry.registries.forge.RegistrarManagerImpl/]: Registry entry listened Registry Entry [minecraft:item / fossil:bone_tail_deinonychus] was not realized!
[10Jan2026 02:46:30.418] [main/WARN] [dev.architectury.registry.registries.forge.RegistrarManagerImpl/]: Registry entry listened Registry Entry [minecraft:item / fossil:cooked_velociraptor] was not realized!
[10Jan2026 02:46:30.418] [main/WARN] [dev.architectury.registry.registries.forge.RegistrarManagerImpl/]: Registry entry listened Registry Entry [minecraft:item / fossil:meat_platybelodon] was not realized!
[10Jan2026 02:46:30.418] [main/WARN] [dev.architectury.registry.registries.forge.RegistrarManagerImpl/]: Registry entry listened Registry Entry [minecraft:item / fossil:bucket_item_dicranurus] was not realized!
[10Jan2026 02:46:30.418] [main/WARN] [dev.architectury.registry.registries.forge.RegistrarManagerImpl/]: Registry entry listened Registry Entry [minecraft:item / fossil:bone_skull_diplodocus] was not realized!
[10Jan2026 02:46:30.418] [main/WARN] [dev.architectury.registry.registries.forge.RegistrarManagerImpl/]: Registry entry listened Registry Entry [minecraft:item / fossil:bone_unique_gallimimus] was not realized!
[10Jan2026 02:46:30.418] [main/WARN] [dev.architectury.registry.registries.forge.RegistrarManagerImpl/]: Registry entry listened Registry Entry [minecraft:item / fossil:syringe_panda] was not realized!
[10Jan2026 02:46:30.419] [main/WARN] [dev.architectury.registry.registries.forge.RegistrarManagerImpl/]: Registry entry listened Registry Entry [minecraft:item / fossil:bone_skull_edaphosaurus] was not realized!
[10Jan2026 02:46:30.419] [main/WARN] [dev.architectury.registry.registries.forge.RegistrarManagerImpl/]: Registry entry listened Registry Entry [minecraft:item / fossil:pachycephalosaurus_dna] was not realized!
[10Jan2026 02:46:30.419] [main/WARN] [dev.architectury.registry.registries.forge.RegistrarManagerImpl/]: Registry entry listened Registry Entry [minecraft:item / fossil:bone_leg_henodus] was not realized!
[10Jan2026 02:46:30.419] [main/WARN] [dev.architectury.registry.registries.forge.RegistrarManagerImpl/]: Registry entry listened Registry Entry [minecraft:item / fossil:bone_leg_pachyrhinosaurus] was not realized!
[10Jan2026 02:46:30.419] [main/WARN] [dev.architectury.registry.registries.forge.RegistrarManagerImpl/]: Registry entry listened Registry Entry [minecraft:item / fossil:egg_item_nautilus] was not realized!
[10Jan2026 02:46:30.419] [main/WARN] [dev.architectury.registry.registries.forge.RegistrarManagerImpl/]: Registry entry listened Registry Entry [minecraft:item / fossil:meat_crassigyrinus] was not realized!
[10Jan2026 02:46:30.419] [main/WARN] [dev.architectury.registry.registries.forge.RegistrarManagerImpl/]: Registry entry listened Registry Entry [minecraft:item / fossil:dilophosaurus_dna] was not realized!
[10Jan2026 02:46:30.419] [main/WARN] [dev.architectury.registry.registries.forge.RegistrarManagerImpl/]: Registry entry listened Registry Entry [minecraft:item / fossil:bone_tail_stegosaurus] was not realized!
[10Jan2026 02:46:30.420] [main/WARN] [dev.architectury.registry.registries.forge.RegistrarManagerImpl/]: Registry entry listened Registry Entry [minecraft:item / fossil:bone_ribcage_tiktaalik] was not realized!
[10Jan2026 02:46:30.420] [main/WARN] [dev.architectury.registry.registries.forge.RegistrarManagerImpl/]: Registry entry listened Registry Entry [minecraft:item / fossil:bone_ribcage_megaloceros] was not realized!
[10Jan2026 02:46:30.420] [main/WARN] [dev.architectury.registry.registries.forge.RegistrarManagerImpl/]: Registry entry listened Registry Entry [minecraft:item / fossil:sheep_dna] was not realized!
[10Jan2026 02:46:30.420] [main/WARN] [dev.architectury.registry.registries.forge.RegistrarManagerImpl/]: Registry entry listened Registry Entry [minecraft:item / fossil:bone_arm_triceratops] was not realized!
[10Jan2026 02:46:30.420] [main/WARN] [dev.architectury.registry.registries.forge.RegistrarManagerImpl/]: Registry entry listened Registry Entry [minecraft:item / fossil:bone_tail_titanis] was not realized!
[10Jan2026 02:46:30.420] [main/WARN] [dev.architectury.registry.registries.forge.RegistrarManagerImpl/]: Registry entry listened Registry Entry [minecraft:item / fossil:bone_vertebrae_ornitholestes] was not realized!
[10Jan2026 02:46:30.420] [main/WARN] [dev.architectury.registry.registries.forge.RegistrarManagerImpl/]: Registry entry listened Registry Entry [minecraft:item / fossil:frog_dna] was not realized!
[10Jan2026 02:46:30.420] [main/WARN] [dev.architectury.registry.registries.forge.RegistrarManagerImpl/]: Registry entry listened Registry Entry [minecraft:item / fossil:spawn_egg_arthropleura] was not realized!
[10Jan2026 02:46:30.421] [main/WARN] [dev.architectury.registry.registries.forge.RegistrarManagerImpl/]: Registry entry listened Registry Entry [minecraft:item / fossil:bone_arm_edaphosaurus] was not realized!
[10Jan2026 02:46:30.421] [main/WARN] [dev.architectury.registry.registries.forge.RegistrarManagerImpl/]: Registry entry listened Registry Entry [minecraft:item / fossil:psittacosaurus_dna] was not realized!
[10Jan2026 02:46:30.421] [main/WARN] [dev.architectury.registry.registries.forge.RegistrarManagerImpl/]: Registry entry listened Registry Entry [minecraft:item / fossil:bone_leg_diplocaulus] was not realized!
[10Jan2026 02:46:30.421] [main/WARN] [dev.architectury.registry.registries.forge.RegistrarManagerImpl/]: Registry entry listened Registry Entry [minecraft:item / fossil:meat_confuciusornis] was not realized!
[10Jan2026 02:46:30.421] [main/WARN] [dev.architectury.registry.registries.forge.RegistrarManagerImpl/]: Registry entry listened Registry Entry [minecraft:item / fossil:cooked_lonchodomas] was not realized!
[10Jan2026 02:46:30.421] [main/WARN] [dev.architectury.registry.registries.forge.RegistrarManagerImpl/]: Registry entry listened Registry Entry [minecraft:item / fossil:bone_unique_pachycephalosaurus] was not realized!
[10Jan2026 02:46:30.421] [main/WARN] [dev.architectury.registry.registries.forge.RegistrarManagerImpl/]: Registry entry listened Registry Entry [minecraft:item / fossil:hoglin_dna] was not realized!
[10Jan2026 02:46:30.421] [main/WARN] [dev.architectury.registry.registries.forge.RegistrarManagerImpl/]: Registry entry listened Registry Entry [minecraft:item / fossil:egg_item_dicranurus] was not realized!
[10Jan2026 02:46:30.422] [main/WARN] [dev.architectury.registry.registries.forge.RegistrarManagerImpl/]: Registry entry listened Registry Entry [minecraft:item / fossil:cooked_quagga] was not realized!
[10Jan2026 02:46:30.422] [main/WARN] [dev.architectury.registry.registries.forge.RegistrarManagerImpl/]: Registry entry listened Registry Entry [minecraft:item / fossil:spawn_egg_sturgeon] was not realized!
[10Jan2026 02:46:30.422] [main/WARN] [dev.architectury.registry.registries.forge.RegistrarManagerImpl/]: Registry entry listened Registry Entry [minecraft:item / fossil:bone_foot_pachyrhinosaurus] was not realized!
[10Jan2026 02:46:30.422] [main/WARN] [dev.architectury.registry.registries.forge.RegistrarManagerImpl/]: Registry entry listened Registry Entry [minecraft:item / fossil:bone_ribcage_platybelodon] was not realized!
[10Jan2026 02:46:30.422] [main/WARN] [dev.architectury.registry.registries.forge.RegistrarManagerImpl/]: Registry entry listened Registry Entry [minecraft:item / fossil:meat_velociraptor] was not realized!
[10Jan2026 02:46:30.422] [main/WARN] [dev.architectury.registry.registries.forge.RegistrarManagerImpl/]: Registry entry listened Registry Entry [minecraft:item / fossil:bone_foot_tiktaalik] was not realized!
[10Jan2026 02:46:30.422] [main/WARN] [dev.architectury.registry.registries.forge.RegistrarManagerImpl/]: Registry entry listened Registry Entry [minecraft:item / fossil:bone_leg_compsognathus] was not realized!
[10Jan2026 02:46:30.422] [main/WARN] [dev.architectury.registry.registries.forge.RegistrarManagerImpl/]: Registry entry listened Registry Entry [minecraft:item / fossil:bone_tail_compsognathus] was not realized!
[10Jan2026 02:46:30.423] [main/WARN] [dev.architectury.registry.registries.forge.RegistrarManagerImpl/]: Registry entry listened Registry Entry [minecraft:item / fossil:bone_unique_citipati] was not realized!
[10Jan2026 02:46:30.423] [main/WARN] [dev.architectury.registry.registries.forge.RegistrarManagerImpl/]: Registry entry listened Registry Entry [minecraft:item / fossil:bone_unique_dimorphodon] was not realized!
[10Jan2026 02:46:30.423] [main/WARN] [dev.architectury.registry.registries.forge.RegistrarManagerImpl/]: Registry entry listened Registry Entry [minecraft:item / fossil:bone_ribcage_henodus] was not realized!
[10Jan2026 02:46:30.423] [main/WARN] [dev.architectury.registry.registries.forge.RegistrarManagerImpl/]: Registry entry listened Registry Entry [minecraft:item / fossil:bone_skull_elasmotherium] was not realized!
[10Jan2026 02:46:30.423] [main/WARN] [dev.architectury.registry.registries.forge.RegistrarManagerImpl/]: Registry entry listened Registry Entry [minecraft:item / fossil:bone_ribcage_pachyrhinosaurus] was not realized!
[10Jan2026 02:46:30.423] [main/WARN] [dev.architectury.registry.registries.forge.RegistrarManagerImpl/]: Registry entry listened Registry Entry [minecraft:item / fossil:bone_arm_elasmotherium] was not realized!
[10Jan2026 02:46:30.423] [main/WARN] [dev.architectury.registry.registries.forge.RegistrarManagerImpl/]: Registry entry listened Registry Entry [minecraft:item / fossil:meat_spinosaurus] was not realized!
[10Jan2026 02:46:30.423] [main/WARN] [dev.architectury.registry.registries.forge.RegistrarManagerImpl/]: Registry entry listened Registry Entry [minecraft:item / fossil:syringe_dolphin] was not realized!
[10Jan2026 02:46:30.424] [main/WARN] [dev.architectury.registry.registries.forge.RegistrarManagerImpl/]: Registry entry listened Registry Entry [minecraft:item / fossil:cooked_confuciusornis] was not realized!
[10Jan2026 02:46:30.424] [main/WARN] [dev.architectury.registry.registries.forge.RegistrarManagerImpl/]: Registry entry listened Registry Entry [minecraft:item / fossil:bucket_item_diplocaulus] was not realized!
[10Jan2026 02:46:30.424] [main/WARN] [dev.architectury.registry.registries.forge.RegistrarManagerImpl/]: Registry entry listened Registry Entry [minecraft:item / fossil:bone_tail_megaloceros] was not realized!
[10Jan2026 02:46:30.424] [main/WARN] [dev.architectury.registry.registries.forge.RegistrarManagerImpl/]: Registry entry listened Registry Entry [minecraft:item / fossil:bone_skull_deinonychus] was not realized!
[10Jan2026 02:46:30.424] [main/WARN] [dev.architectury.registry.registries.forge.RegistrarManagerImpl/]: Registry entry listened Registry Entry [minecraft:item / fossil:bone_unique_megalania] was not realized!
[10Jan2026 02:46:30.424] [main/WARN] [dev.architectury.registry.registries.forge.RegistrarManagerImpl/]: Registry entry listened Registry Entry [minecraft:item / fossil:nautilus_dna] was not realized!
[10Jan2026 02:46:30.424] [main/WARN] [dev.architectury.registry.registries.forge.RegistrarManagerImpl/]: Registry entry listened Registry Entry [minecraft:item / fossil:egg_item_gallimimus] was not realized!
[10Jan2026 02:46:30.425] [main/WARN] [dev.architectury.registry.registries.forge.RegistrarManagerImpl/]: Registry entry listened Registry Entry [minecraft:item / fossil:meat_megalodon] was not realized!
[10Jan2026 02:46:30.425] [main/WARN] [dev.architectury.registry.registries.forge.RegistrarManagerImpl/]: Registry entry listened Registry Entry [minecraft:item / fossil:bone_unique_liopleurodon] was not realized!
[10Jan2026 02:46:30.425] [main/WARN] [dev.architectury.registry.registries.forge.RegistrarManagerImpl/]: Registry entry listened Registry Entry [minecraft:item / fossil:bone_skull_citipati] was not realized!
[10Jan2026 02:46:30.425] [main/WARN] [dev.architectury.registry.registries.forge.RegistrarManagerImpl/]: Registry entry listened Registry Entry [minecraft:item / fossil:cooked_ichthyosaurus] was not realized!
[10Jan2026 02:46:30.425] [main/WARN] [dev.architectury.registry.registries.forge.RegistrarManagerImpl/]: Registry entry listened Registry Entry [minecraft:item / fossil:cooked_spinosaurus] was not realized!
[10Jan2026 02:46:30.425] [main/WARN] [dev.architectury.registry.registries.forge.RegistrarManagerImpl/]: Registry entry listened Registry Entry [minecraft:item / fossil:cooked_dicranurus] was not realized!
[10Jan2026 02:46:30.425] [main/WARN] [dev.architectury.registry.registries.forge.RegistrarManagerImpl/]: Registry entry listened Registry Entry [minecraft:item / fossil:egg_item_lonchodomas] was not realized!
[10Jan2026 02:46:30.425] [main/WARN] [dev.architectury.registry.registries.forge.RegistrarManagerImpl/]: Registry entry listened Registry Entry [minecraft:item / fossil:egg_item_quetzalcoatlus] was not realized!
[10Jan2026 02:46:30.426] [main/WARN] [dev.architectury.registry.registries.forge.RegistrarManagerImpl/]: Registry entry listened Registry Entry [minecraft:item / fossil:bone_arm_diplocaulus] was not realized!
[10Jan2026 02:46:30.426] [main/WARN] [dev.architectury.registry.registries.forge.RegistrarManagerImpl/]: Registry entry listened Registry Entry [minecraft:item / fossil:bone_ribcage_elasmotherium] was not realized!
[10Jan2026 02:46:30.426] [main/WARN] [dev.architectury.registry.registries.forge.RegistrarManagerImpl/]: Registry entry listened Registry Entry [minecraft:item / fossil:egg_item_ornitholestes] was not realized!
[10Jan2026 02:46:30.426] [main/WARN] [dev.architectury.registry.registries.forge.RegistrarManagerImpl/]: Registry entry listened Registry Entry [minecraft:item / fossil:bone_tail_dilophosaurus] was not realized!
[10Jan2026 02:46:30.426] [main/WARN] [dev.architectury.registry.registries.forge.RegistrarManagerImpl/]: Registry entry listened Registry Entry [minecraft:item / fossil:bone_arm_sarcosuchus] was not realized!
[10Jan2026 02:46:30.426] [main/WARN] [dev.architectury.registry.registries.forge.RegistrarManagerImpl/]: Registry entry listened Registry Entry [minecraft:item / fossil:spawn_egg_mammoth] was not realized!
[10Jan2026 02:46:30.426] [main/WARN] [dev.architectury.registry.registries.forge.RegistrarManagerImpl/]: Registry entry listened Registry Entry [minecraft:item / fossil:egg_item_spinosaurus] was not realized!
[10Jan2026 02:46:30.426] [main/WARN] [dev.architectury.registry.registries.forge.RegistrarManagerImpl/]: Registry entry listened Registry Entry [minecraft:item / fossil:bone_leg_megaloceros] was not realized!
[10Jan2026 02:46:30.427] [main/WARN] [dev.architectury.registry.registries.forge.RegistrarManagerImpl/]: Registry entry listened Registry Entry [minecraft:item / fossil:bone_foot_parasaurolophus] was not realized!
[10Jan2026 02:46:30.427] [main/WARN] [dev.architectury.registry.registries.forge.RegistrarManagerImpl/]: Registry entry listened Registry Entry [minecraft:item / fossil:bone_skull_titanis] was not realized!
[10Jan2026 02:46:30.427] [main/WARN] [dev.architectury.registry.registries.forge.RegistrarManagerImpl/]: Registry entry listened Registry Entry [minecraft:item / fossil:spinosaurus_dna] was not realized!
[10Jan2026 02:46:30.427] [main/WARN] [dev.architectury.registry.registries.forge.RegistrarManagerImpl/]: Registry entry listened Registry Entry [minecraft:item / fossil:meat_henodus] was not realized!
[10Jan2026 02:46:30.427] [main/WARN] [dev.architectury.registry.registries.forge.RegistrarManagerImpl/]: Registry entry listened Registry Entry [minecraft:item / fossil:bone_skull_ankylosaurus] was not realized!
[10Jan2026 02:46:30.427] [main/WARN] [dev.architectury.registry.registries.forge.RegistrarManagerImpl/]: Registry entry listened Registry Entry [minecraft:item / fossil:bone_tail_pteranodon] was not realized!
[10Jan2026 02:46:30.427] [main/WARN] [dev.architectury.registry.registries.forge.RegistrarManagerImpl/]: Registry entry listened Registry Entry [minecraft:item / fossil:bone_foot_postosuchus] was not realized!
[10Jan2026 02:46:30.427] [main/WARN] [dev.architectury.registry.registries.forge.RegistrarManagerImpl/]: Registry entry listened Registry Entry [minecraft:item / fossil:cooked_allosaurus] was not realized!
[10Jan2026 02:46:30.427] [main/WARN] [dev.architectury.registry.registries.forge.RegistrarManagerImpl/]: Registry entry listened Registry Entry [minecraft:item / fossil:bone_skull_compsognathus] was not realized!
[10Jan2026 02:46:30.428] [main/WARN] [dev.architectury.registry.registries.forge.RegistrarManagerImpl/]: Registry entry listened Registry Entry [minecraft:item / fossil:bone_foot_citipati] was not realized!
[10Jan2026 02:46:30.428] [main/WARN] [dev.architectury.registry.registries.forge.RegistrarManagerImpl/]: Registry entry listened Registry Entry [minecraft:item / fossil:panda_dna] was not realized!
[10Jan2026 02:46:30.428] [main/WARN] [dev.architectury.registry.registries.forge.RegistrarManagerImpl/]: Registry entry listened Registry Entry [minecraft:item / fossil:bone_tail_liopleurodon] was not realized!
[10Jan2026 02:46:30.428] [main/WARN] [dev.architectury.registry.registries.forge.RegistrarManagerImpl/]: Registry entry listened Registry Entry [minecraft:item / fossil:bone_tail_parasaurolophus] was not realized!
[10Jan2026 02:46:30.428] [main/WARN] [dev.architectury.registry.registries.forge.RegistrarManagerImpl/]: Registry entry listened Registry Entry [minecraft:item / fossil:cooked_gallimimus] was not realized!
[10Jan2026 02:46:30.428] [main/WARN] [dev.architectury.registry.registries.forge.RegistrarManagerImpl/]: Registry entry listened Registry Entry [minecraft:item / fossil:bone_arm_compsognathus] was not realized!
[10Jan2026 02:46:30.428] [main/WARN] [dev.architectury.registry.registries.forge.RegistrarManagerImpl/]: Registry entry listened Registry Entry [minecraft:item / fossil:quagga_dna] was not realized!
[10Jan2026 02:46:30.428] [main/WARN] [dev.architectury.registry.registries.forge.RegistrarManagerImpl/]: Registry entry listened Registry Entry [minecraft:item / fossil:spawn_egg_therizinosaurus] was not realized!
[10Jan2026 02:46:30.429] [main/WARN] [dev.architectury.registry.registries.forge.RegistrarManagerImpl/]: Registry entry listened Registry Entry [minecraft:item / fossil:bone_ribcage_gallimimus] was not realized!
[10Jan2026 02:46:30.429] [main/WARN] [dev.architectury.registry.registries.forge.RegistrarManagerImpl/]: Registry entry listened Registry Entry [minecraft:item / fossil:egg_item_deinonychus] was not realized!
[10Jan2026 02:46:30.429] [main/WARN] [dev.architectury.registry.registries.forge.RegistrarManagerImpl/]: Registry entry listened Registry Entry [minecraft:item / fossil:bone_tail_brachiosaurus] was not realized!
[10Jan2026 02:46:30.429] [main/WARN] [dev.architectury.registry.registries.forge.RegistrarManagerImpl/]: Registry entry listened Registry Entry [minecraft:item / fossil:bone_leg_sarcosuchus] was not realized!
[10Jan2026 02:46:30.429] [main/WARN] [dev.architectury.registry.registries.forge.RegistrarManagerImpl/]: Registry entry listened Registry Entry [minecraft:item / fossil:bone_foot_dodo] was not realized!
[10Jan2026 02:46:30.429] [main/WARN] [dev.architectury.registry.registries.forge.RegistrarManagerImpl/]: Registry entry listened Registry Entry [minecraft:item / fossil:bone_foot_allosaurus] was not realized!
[10Jan2026 02:46:30.429] [main/WARN] [dev.architectury.registry.registries.forge.RegistrarManagerImpl/]: Registry entry listened Registry Entry [minecraft:item / fossil:bone_unique_elasmotherium] was not realized!
[10Jan2026 02:46:30.429] [main/WARN] [dev.architectury.registry.registries.forge.RegistrarManagerImpl/]: Registry entry listened Registry Entry [minecraft:item / fossil:meat_kelenken] was not realized!
[10Jan2026 02:46:30.430] [main/WARN] [dev.architectury.registry.registries.forge.RegistrarManagerImpl/]: Registry entry listened Registry Entry [minecraft:item / fossil:egg_dodo] was not realized!
[10Jan2026 02:46:30.430] [main/WARN] [dev.architectury.registry.registries.forge.RegistrarManagerImpl/]: Registry entry listened Registry Entry [minecraft:item / fossil:bucket_item_coelacanth] was not realized!
[10Jan2026 02:46:30.430] [main/WARN] [dev.architectury.registry.registries.forge.RegistrarManagerImpl/]: Registry entry listened Registry Entry [minecraft:item / fossil:bone_skull_tiktaalik] was not realized!
[10Jan2026 02:46:30.430] [main/WARN] [dev.architectury.registry.registries.forge.RegistrarManagerImpl/]: Registry entry listened Registry Entry [minecraft:item / fossil:bone_leg_megalania] was not realized!
[10Jan2026 02:46:30.430] [main/WARN] [dev.architectury.registry.registries.forge.RegistrarManagerImpl/]: Registry entry listened Registry Entry [minecraft:item / fossil:bone_tail_mosasaurus] was not realized!
[10Jan2026 02:46:30.430] [main/WARN] [dev.architectury.registry.registries.forge.RegistrarManagerImpl/]: Registry entry listened Registry Entry [minecraft:item / fossil:egg_item_ceratosaurus] was not realized!
[10Jan2026 02:46:30.430] [main/WARN] [dev.architectury.registry.registries.forge.RegistrarManagerImpl/]: Registry entry listened Registry Entry [minecraft:item / fossil:bone_foot_dryosaurus] was not realized!
[10Jan2026 02:46:30.430] [main/WARN] [dev.architectury.registry.registries.forge.RegistrarManagerImpl/]: Registry entry listened Registry Entry [minecraft:item / fossil:bone_unique_pteranodon] was not realized!
[10Jan2026 02:46:30.430] [main/WARN] [dev.architectury.registry.registries.forge.RegistrarManagerImpl/]: Registry entry listened Registry Entry [minecraft:item / fossil:bone_ribcage_smilodon] was not realized!
[10Jan2026 02:46:30.431] [main/WARN] [dev.architectury.registry.registries.forge.RegistrarManagerImpl/]: Registry entry listened Registry Entry [minecraft:item / fossil:bone_leg_brachiosaurus] was not realized!
[10Jan2026 02:46:30.431] [main/WARN] [dev.architectury.registry.registries.forge.RegistrarManagerImpl/]: Registry entry listened Registry Entry [minecraft:item / fossil:egg_item_psittacosaurus] was not realized!
[10Jan2026 02:46:30.431] [main/WARN] [dev.architectury.registry.registries.forge.RegistrarManagerImpl/]: Registry entry listened Registry Entry [minecraft:item / fossil:egg_item_dryosaurus] was not realized!
[10Jan2026 02:46:30.431] [main/WARN] [dev.architectury.registry.registries.forge.RegistrarManagerImpl/]: Registry entry listened Registry Entry [minecraft:item / fossil:liopleurodon_dna] was not realized!
[10Jan2026 02:46:30.431] [main/WARN] [dev.architectury.registry.registries.forge.RegistrarManagerImpl/]: Registry entry listened Registry Entry [minecraft:item / fossil:tropical_fish_dna] was not realized!
[10Jan2026 02:46:30.431] [main/WARN] [dev.architectury.registry.registries.forge.RegistrarManagerImpl/]: Registry entry listened Registry Entry [minecraft:item / fossil:bone_skull_dodo] was not realized!
[10Jan2026 02:46:30.431] [main/WARN] [dev.architectury.registry.registries.forge.RegistrarManagerImpl/]: Registry entry listened Registry Entry [minecraft:item / fossil:elasmotherium_dna] was not realized!
[10Jan2026 02:46:30.431] [main/WARN] [dev.architectury.registry.registries.forge.RegistrarManagerImpl/]: Registry entry listened Registry Entry [minecraft:item / fossil:bone_ribcage_postosuchus] was not realized!
[10Jan2026 02:46:30.431] [main/WARN] [dev.architectury.registry.registries.forge.RegistrarManagerImpl/]: Registry entry listened Registry Entry [minecraft:item / fossil:bone_leg_therizinosaurus] was not realized!
[10Jan2026 02:46:30.432] [main/WARN] [dev.architectury.registry.registries.forge.RegistrarManagerImpl/]: Registry entry listened Registry Entry [minecraft:item / fossil:mammoth_dna] was not realized!
[10Jan2026 02:46:30.432] [main/WARN] [dev.architectury.registry.registries.forge.RegistrarManagerImpl/]: Registry entry listened Registry Entry [minecraft:item / fossil:bone_vertebrae_megalania] was not realized!
[10Jan2026 02:46:30.432] [main/WARN] [dev.architectury.registry.registries.forge.RegistrarManagerImpl/]: Registry entry listened Registry Entry [minecraft:item / fossil:bone_foot_ankylosaurus] was not realized!
[10Jan2026 02:46:30.432] [main/WARN] [dev.architectury.registry.registries.forge.RegistrarManagerImpl/]: Registry entry listened Registry Entry [minecraft:item / fossil:coelacanth_dna] was not realized!
[10Jan2026 02:46:30.432] [main/WARN] [dev.architectury.registry.registries.forge.RegistrarManagerImpl/]: Registry entry listened Registry Entry [minecraft:item / fossil:bone_ribcage_allosaurus] was not realized!
[10Jan2026 02:46:30.432] [main/WARN] [dev.architectury.registry.registries.forge.RegistrarManagerImpl/]: Registry entry listened Registry Entry [minecraft:item / fossil:bone_tail_citipati] was not realized!
[10Jan2026 02:46:30.432] [main/WARN] [dev.architectury.registry.registries.forge.RegistrarManagerImpl/]: Registry entry listened Registry Entry [minecraft:item / fossil:bone_tail_smilodon] was not realized!
[10Jan2026 02:46:30.432] [main/WARN] [dev.architectury.registry.registries.forge.RegistrarManagerImpl/]: Registry entry listened Registry Entry [minecraft:item / fossil:bone_foot_diplodocus] was not realized!
[10Jan2026 02:46:30.433] [main/WARN] [dev.architectury.registry.registries.forge.RegistrarManagerImpl/]: Registry entry listened Registry Entry [minecraft:item / fossil:meat_pachycephalosaurus] was not realized!
[10Jan2026 02:46:30.433] [main/WARN] [dev.architectury.registry.registries.forge.RegistrarManagerImpl/]: Registry entry listened Registry Entry [minecraft:item / fossil:bone_leg_citipati] was not realized!
[10Jan2026 02:46:30.433] [main/WARN] [dev.architectury.registry.registries.forge.RegistrarManagerImpl/]: Registry entry listened Registry Entry [minecraft:item / fossil:bone_leg_quagga] was not realized!
[10Jan2026 02:46:30.433] [main/WARN] [dev.architectury.registry.registries.forge.RegistrarManagerImpl/]: Registry entry listened Registry Entry [minecraft:item / fossil:meat_pachyrhinosaurus] was not realized!
[10Jan2026 02:46:30.433] [main/WARN] [dev.architectury.registry.registries.forge.RegistrarManagerImpl/]: Registry entry listened Registry Entry [minecraft:item / fossil:bone_arm_dimetrodon] was not realized!
[10Jan2026 02:46:30.433] [main/WARN] [dev.architectury.registry.registries.forge.RegistrarManagerImpl/]: Registry entry listened Registry Entry [minecraft:item / fossil:bone_tail_megalania] was not realized!
[10Jan2026 02:46:30.433] [main/WARN] [dev.architectury.registry.registries.forge.RegistrarManagerImpl/]: Registry entry listened Registry Entry [minecraft:item / fossil:bone_ribcage_protoceratops] was not realized!
[10Jan2026 02:46:30.433] [main/WARN] [dev.architectury.registry.registries.forge.RegistrarManagerImpl/]: Registry entry listened Registry Entry [minecraft:item / fossil:bone_arm_dilophosaurus] was not realized!
[10Jan2026 02:46:30.433] [main/WARN] [dev.architectury.registry.registries.forge.RegistrarManagerImpl/]: Registry entry listened Registry Entry [minecraft:item / fossil:syringe_horse] was not realized!
[10Jan2026 02:46:30.433] [main/WARN] [dev.architectury.registry.registries.forge.RegistrarManagerImpl/]: Registry entry listened Registry Entry [minecraft:item / fossil:spawn_egg_pteranodon] was not realized!
[10Jan2026 02:46:30.434] [main/WARN] [dev.architectury.registry.registries.forge.RegistrarManagerImpl/]: Registry entry listened Registry Entry [minecraft:item / fossil:egg_item_coelacanth] was not realized!
[10Jan2026 02:46:30.434] [main/WARN] [dev.architectury.registry.registries.forge.RegistrarManagerImpl/]: Registry entry listened Registry Entry [minecraft:item / fossil:bone_vertebrae_dilophosaurus] was not realized!
[10Jan2026 02:46:30.434] [main/WARN] [dev.architectury.registry.registries.forge.RegistrarManagerImpl/]: Registry entry listened Registry Entry [minecraft:item / fossil:spawn_egg_megalodon] was not realized!
[10Jan2026 02:46:30.434] [main/WARN] [dev.architectury.registry.registries.forge.RegistrarManagerImpl/]: Registry entry listened Registry Entry [minecraft:item / fossil:bone_unique_spinosaurus] was not realized!
[10Jan2026 02:46:30.434] [main/WARN] [dev.architectury.registry.registries.forge.RegistrarManagerImpl/]: Registry entry listened Registry Entry [minecraft:item / fossil:bone_skull_dilophosaurus] was not realized!
[10Jan2026 02:46:30.434] [main/WARN] [dev.architectury.registry.registries.forge.RegistrarManagerImpl/]: Registry entry listened Registry Entry [minecraft:item / fossil:meat_quagga] was not realized!
[10Jan2026 02:46:30.434] [main/WARN] [dev.architectury.registry.registries.forge.RegistrarManagerImpl/]: Registry entry listened Registry Entry [minecraft:item / fossil:bone_tail_triceratops] was not realized!
[10Jan2026 02:46:30.434] [main/WARN] [dev.architectury.registry.registries.forge.RegistrarManagerImpl/]: Registry entry listened Registry Entry [minecraft:item / fossil:bone_leg_smilodon] was not realized!
[10Jan2026 02:46:30.434] [main/WARN] [dev.architectury.registry.registries.forge.RegistrarManagerImpl/]: Registry entry listened Registry Entry [minecraft:item / fossil:bucket_item_tiktaalik] was not realized!
[10Jan2026 02:46:30.435] [main/WARN] [dev.architectury.registry.registries.forge.RegistrarManagerImpl/]: Registry entry listened Registry Entry [minecraft:item / fossil:spawn_egg_protoceratops] was not realized!
[10Jan2026 02:46:30.435] [main/WARN] [dev.architectury.registry.registries.forge.RegistrarManagerImpl/]: Registry entry listened Registry Entry [minecraft:item / fossil:bone_vertebrae_titanis] was not realized!
[10Jan2026 02:46:30.435] [main/WARN] [dev.architectury.registry.registries.forge.RegistrarManagerImpl/]: Registry entry listened Registry Entry [minecraft:item / fossil:bone_skull_spinosaurus] was not realized!
[10Jan2026 02:46:30.435] [main/WARN] [dev.architectury.registry.registries.forge.RegistrarManagerImpl/]: Registry entry listened Registry Entry [minecraft:item / fossil:cooked_titanis] was not realized!
[10Jan2026 02:46:30.435] [main/WARN] [dev.architectury.registry.registries.forge.RegistrarManagerImpl/]: Registry entry listened Registry Entry [minecraft:item / fossil:cooked_deinonychus] was not realized!
[10Jan2026 02:46:30.435] [main/WARN] [dev.architectury.registry.registries.forge.RegistrarManagerImpl/]: Registry entry listened Registry Entry [minecraft:item / fossil:spawn_egg_platybelodon] was not realized!
[10Jan2026 02:46:30.435] [main/WARN] [dev.architectury.registry.registries.forge.RegistrarManagerImpl/]: Registry entry listened Registry Entry [minecraft:item / fossil:egg_item_dimetrodon] was not realized!
[10Jan2026 02:46:30.435] [main/WARN] [dev.architectury.registry.registries.forge.RegistrarManagerImpl/]: Registry entry listened Registry Entry [minecraft:item / fossil:polar_bear_dna] was not realized!
[10Jan2026 02:46:30.435] [main/WARN] [dev.architectury.registry.registries.forge.RegistrarManagerImpl/]: Registry entry listened Registry Entry [minecraft:item / fossil:cooked_diplodocus] was not realized!
[10Jan2026 02:46:30.435] [main/WARN] [dev.architectury.registry.registries.forge.RegistrarManagerImpl/]: Registry entry listened Registry Entry [minecraft:item / fossil:syringe_llama] was not realized!
[10Jan2026 02:46:30.436] [main/WARN] [dev.architectury.registry.registries.forge.RegistrarManagerImpl/]: Registry entry listened Registry Entry [minecraft:item / fossil:bone_unique_dodo] was not realized!
[10Jan2026 02:46:30.436] [main/WARN] [dev.architectury.registry.registries.forge.RegistrarManagerImpl/]: Registry entry listened Registry Entry [minecraft:item / fossil:bone_vertebrae_stegosaurus] was not realized!
[10Jan2026 02:46:30.436] [main/WARN] [dev.architectury.registry.registries.forge.RegistrarManagerImpl/]: Registry entry listened Registry Entry [minecraft:item / fossil:bone_tail_diplocaulus] was not realized!
[10Jan2026 02:46:30.436] [main/WARN] [dev.architectury.registry.registries.forge.RegistrarManagerImpl/]: Registry entry listened Registry Entry [minecraft:item / fossil:bone_ribcage_diplodocus] was not realized!
[10Jan2026 02:46:30.436] [main/WARN] [dev.architectury.registry.registries.forge.RegistrarManagerImpl/]: Registry entry listened Registry Entry [minecraft:item / fossil:cooked_plesiosaurus] was not realized!
[10Jan2026 02:46:30.436] [main/WARN] [dev.architectury.registry.registries.forge.RegistrarManagerImpl/]: Registry entry listened Registry Entry [minecraft:item / fossil:bone_vertebrae_postosuchus] was not realized!
[10Jan2026 02:46:30.436] [main/WARN] [dev.architectury.registry.registries.forge.RegistrarManagerImpl/]: Registry entry listened Registry Entry [minecraft:item / fossil:bone_foot_gastornis] was not realized!
[10Jan2026 02:46:30.436] [main/WARN] [dev.architectury.registry.registries.forge.RegistrarManagerImpl/]: Registry entry listened Registry Entry [minecraft:item / fossil:bone_arm_tiktaalik] was not realized!
[10Jan2026 02:46:30.437] [main/WARN] [dev.architectury.registry.registries.forge.RegistrarManagerImpl/]: Registry entry listened Registry Entry [minecraft:item / fossil:meat_dimetrodon] was not realized!
[10Jan2026 02:46:30.437] [main/WARN] [dev.architectury.registry.registries.forge.RegistrarManagerImpl/]: Registry entry listened Registry Entry [minecraft:item / fossil:cooked_quetzalcoatlus] was not realized!
[10Jan2026 02:46:30.437] [main/WARN] [dev.architectury.registry.registries.forge.RegistrarManagerImpl/]: Registry entry listened Registry Entry [minecraft:item / fossil:egg_item_chicken] was not realized!
[10Jan2026 02:46:30.437] [main/WARN] [dev.architectury.registry.registries.forge.RegistrarManagerImpl/]: Registry entry listened Registry Entry [minecraft:item / fossil:spawn_egg_citipati] was not realized!
[10Jan2026 02:46:30.437] [main/WARN] [dev.architectury.registry.registries.forge.RegistrarManagerImpl/]: Registry entry listened Registry Entry [minecraft:item / fossil:cooked_dodo] was not realized!
[10Jan2026 02:46:30.437] [main/WARN] [dev.architectury.registry.registries.forge.RegistrarManagerImpl/]: Registry entry listened Registry Entry [minecraft:item / fossil:bone_foot_ceratosaurus] was not realized!
[10Jan2026 02:46:30.437] [main/WARN] [dev.architectury.registry.registries.forge.RegistrarManagerImpl/]: Registry entry listened Registry Entry [minecraft:item / fossil:egg_item_allosaurus] was not realized!
[10Jan2026 02:46:30.437] [main/WARN] [dev.architectury.registry.registries.forge.RegistrarManagerImpl/]: Registry entry listened Registry Entry [minecraft:item / fossil:bone_vertebrae_therizinosaurus] was not realized!
[10Jan2026 02:46:30.437] [main/WARN] [dev.architectury.registry.registries.forge.RegistrarManagerImpl/]: Registry entry listened Registry Entry [minecraft:item / fossil:bone_leg_dimorphodon] was not realized!
[10Jan2026 02:46:30.438] [main/WARN] [dev.architectury.registry.registries.forge.RegistrarManagerImpl/]: Registry entry listened Registry Entry [minecraft:item / fossil:spawn_egg_dimetrodon] was not realized!
[10Jan2026 02:46:30.438] [main/WARN] [dev.architectury.registry.registries.forge.RegistrarManagerImpl/]: Registry entry listened Registry Entry [minecraft:item / fossil:bone_arm_ankylosaurus] was not realized!
[10Jan2026 02:46:30.438] [main/WARN] [dev.architectury.registry.registries.forge.RegistrarManagerImpl/]: Registry entry listened Registry Entry [minecraft:item / fossil:bone_leg_mosasaurus] was not realized!
[10Jan2026 02:46:30.438] [main/WARN] [dev.architectury.registry.registries.forge.RegistrarManagerImpl/]: Registry entry listened Registry Entry [minecraft:item / fossil:bone_leg_elasmotherium] was not realized!
[10Jan2026 02:46:30.438] [main/WARN] [dev.architectury.registry.registries.forge.RegistrarManagerImpl/]: Registry entry listened Registry Entry [minecraft:item / fossil:egg_item_squid] was not realized!
[10Jan2026 02:46:30.438] [main/WARN] [dev.architectury.registry.registries.forge.RegistrarManagerImpl/]: Registry entry listened Registry Entry [minecraft:item / fossil:bone_arm_diplodocus] was not realized!
[10Jan2026 02:46:30.438] [main/WARN] [dev.architectury.registry.registries.forge.RegistrarManagerImpl/]: Registry entry listened Registry Entry [minecraft:item / fossil:bone_unique_mosasaurus] was not realized!
[10Jan2026 02:46:30.438] [main/WARN] [dev.architectury.registry.registries.forge.RegistrarManagerImpl/]: Registry entry listened Registry Entry [minecraft:item / fossil:bone_foot_gallimimus] was not realized!
[10Jan2026 02:46:30.438] [main/WARN] [dev.architectury.registry.registries.forge.RegistrarManagerImpl/]: Registry entry listened Registry Entry [minecraft:item / fossil:meat_mosasaurus] was not realized!
[10Jan2026 02:46:30.439] [main/WARN] [dev.architectury.registry.registries.forge.RegistrarManagerImpl/]: Registry entry listened Registry Entry [minecraft:item / fossil:bone_vertebrae_brachiosaurus] was not realized!
[10Jan2026 02:46:30.439] [main/WARN] [dev.architectury.registry.registries.forge.RegistrarManagerImpl/]: Registry entry listened Registry Entry [minecraft:item / fossil:meat_quetzalcoatlus] was not realized!
[10Jan2026 02:46:30.439] [main/WARN] [dev.architectury.registry.registries.forge.RegistrarManagerImpl/]: Registry entry listened Registry Entry [minecraft:item / fossil:bone_foot_ichthyosaurus] was not realized!
[10Jan2026 02:46:30.439] [main/WARN] [dev.architectury.registry.registries.forge.RegistrarManagerImpl/]: Registry entry listened Registry Entry [minecraft:item / fossil:bone_arm_megaloceros] was not realized!
[10Jan2026 02:46:30.439] [main/WARN] [dev.architectury.registry.registries.forge.RegistrarManagerImpl/]: Registry entry listened Registry Entry [minecraft:item / fossil:llama_dna] was not realized!
[10Jan2026 02:46:30.439] [main/WARN] [dev.architectury.registry.registries.forge.RegistrarManagerImpl/]: Registry entry listened Registry Entry [minecraft:item / fossil:spawn_egg_tiktaalik] was not realized!
[10Jan2026 02:46:30.439] [main/WARN] [dev.architectury.registry.registries.forge.RegistrarManagerImpl/]: Registry entry listened Registry Entry [minecraft:item / fossil:bone_tail_quetzalcoatlus] was not realized!
[10Jan2026 02:46:30.439] [main/WARN] [dev.architectury.registry.registries.forge.RegistrarManagerImpl/]: Registry entry listened Registry Entry [minecraft:item / fossil:dimorphodon_dna] was not realized!
[10Jan2026 02:46:30.440] [main/WARN] [dev.architectury.registry.registries.forge.RegistrarManagerImpl/]: Registry entry listened Registry Entry [minecraft:item / fossil:meat_lonchodomas] was not realized!
[10Jan2026 02:46:30.440] [main/WARN] [dev.architectury.registry.registries.forge.RegistrarManagerImpl/]: Registry entry listened Registry Entry [minecraft:item / fossil:bone_ribcage_velociraptor] was not realized!
[10Jan2026 02:46:30.440] [main/WARN] [dev.architectury.registry.registries.forge.RegistrarManagerImpl/]: Registry entry listened Registry Entry [minecraft:item / fossil:bone_unique_compsognathus] was not realized!
[10Jan2026 02:46:30.440] [main/WARN] [dev.architectury.registry.registries.forge.RegistrarManagerImpl/]: Registry entry listened Registry Entry [minecraft:item / fossil:bone_ribcage_psittacosaurus] was not realized!
[10Jan2026 02:46:30.440] [main/WARN] [dev.architectury.registry.registries.forge.RegistrarManagerImpl/]: Registry entry listened Registry Entry [minecraft:item / fossil:spawn_egg_dicranurus] was not realized!
[10Jan2026 02:46:30.440] [main/WARN] [dev.architectury.registry.registries.forge.RegistrarManagerImpl/]: Registry entry listened Registry Entry [minecraft:item / fossil:bone_ribcage_diplocaulus] was not realized!
[10Jan2026 02:46:30.440] [main/WARN] [dev.architectury.registry.registries.forge.RegistrarManagerImpl/]: Registry entry listened Registry Entry [minecraft:item / fossil:bone_arm_henodus] was not realized!
[10Jan2026 02:46:30.440] [main/WARN] [dev.architectury.registry.registries.forge.RegistrarManagerImpl/]: Registry entry listened Registry Entry [minecraft:item / fossil:bone_unique_henodus] was not realized!
[10Jan2026 02:46:30.440] [main/WARN] [dev.architectury.registry.registries.forge.RegistrarManagerImpl/]: Registry entry listened Registry Entry [minecraft:item / fossil:bone_leg_velociraptor] was not realized!
[10Jan2026 02:46:30.441] [main/WARN] [dev.architectury.registry.registries.forge.RegistrarManagerImpl/]: Registry entry listened Registry Entry [minecraft:item / fossil:spawn_egg_velociraptor] was not realized!
[10Jan2026 02:46:30.441] [main/WARN] [dev.architectury.registry.registries.forge.RegistrarManagerImpl/]: Registry entry listened Registry Entry [minecraft:item / fossil:egg_item_titanis] was not realized!
[10Jan2026 02:46:30.441] [main/WARN] [dev.architectury.registry.registries.forge.RegistrarManagerImpl/]: Registry entry listened Registry Entry [minecraft:item / fossil:bone_ribcage_tyrannosaurus] was not realized!
[10Jan2026 02:46:30.441] [main/WARN] [dev.architectury.registry.registries.forge.RegistrarManagerImpl/]: Registry entry listened Registry Entry [minecraft:item / fossil:meat_triceratops] was not realized!
[10Jan2026 02:46:30.441] [main/WARN] [dev.architectury.registry.registries.forge.RegistrarManagerImpl/]: Registry entry listened Registry Entry [minecraft:item / fossil:bone_arm_parasaurolophus] was not realized!
[10Jan2026 02:46:30.441] [main/WARN] [dev.architectury.registry.registries.forge.RegistrarManagerImpl/]: Registry entry listened Registry Entry [minecraft:item / fossil:bone_foot_sarcosuchus] was not realized!
[10Jan2026 02:46:30.441] [main/WARN] [dev.architectury.registry.registries.forge.RegistrarManagerImpl/]: Registry entry listened Registry Entry [minecraft:item / fossil:bone_vertebrae_kelenken] was not realized!
[10Jan2026 02:46:30.441] [main/WARN] [dev.architectury.registry.registries.forge.RegistrarManagerImpl/]: Registry entry listened Registry Entry [minecraft:item / fossil:syringe_bat] was not realized!
[10Jan2026 02:46:30.441] [main/WARN] [dev.architectury.registry.registries.forge.RegistrarManagerImpl/]: Registry entry listened Registry Entry [minecraft:item / fossil:bone_arm_allosaurus] was not realized!
[10Jan2026 02:46:30.441] [main/WARN] [dev.architectury.registry.registries.forge.RegistrarManagerImpl/]: Registry entry listened Registry Entry [minecraft:item / fossil:bone_unique_diplocaulus] was not realized!
[10Jan2026 02:46:30.441] [main/WARN] [dev.architectury.registry.registries.forge.RegistrarManagerImpl/]: Registry entry listened Registry Entry [minecraft:item / fossil:spawn_egg_deinonychus] was not realized!
[10Jan2026 02:46:30.442] [main/WARN] [dev.architectury.registry.registries.forge.RegistrarManagerImpl/]: Registry entry listened Registry Entry [minecraft:item / fossil:camel_dna] was not realized!
[10Jan2026 02:46:30.442] [main/WARN] [dev.architectury.registry.registries.forge.RegistrarManagerImpl/]: Registry entry listened Registry Entry [minecraft:item / fossil:egg_phorusrhacos] was not realized!
[10Jan2026 02:46:30.442] [main/WARN] [dev.architectury.registry.registries.forge.RegistrarManagerImpl/]: Registry entry listened Registry Entry [minecraft:item / fossil:bone_leg_platybelodon] was not realized!
[10Jan2026 02:46:30.442] [main/WARN] [dev.architectury.registry.registries.forge.RegistrarManagerImpl/]: Registry entry listened Registry Entry [minecraft:item / fossil:bone_unique_megalodon] was not realized!
[10Jan2026 02:46:30.442] [main/WARN] [dev.architectury.registry.registries.forge.RegistrarManagerImpl/]: Registry entry listened Registry Entry [minecraft:item / fossil:stegosaurus_dna] was not realized!
[10Jan2026 02:46:30.442] [main/WARN] [dev.architectury.registry.registries.forge.RegistrarManagerImpl/]: Registry entry listened Registry Entry [minecraft:item / fossil:bone_arm_gastornis] was not realized!
[10Jan2026 02:46:30.442] [main/WARN] [dev.architectury.registry.registries.forge.RegistrarManagerImpl/]: Registry entry listened Registry Entry [minecraft:item / fossil:spawn_egg_stegosaurus] was not realized!
[10Jan2026 02:46:30.442] [main/WARN] [dev.architectury.registry.registries.forge.RegistrarManagerImpl/]: Registry entry listened Registry Entry [minecraft:item / fossil:tyrannosaurus_dna] was not realized!
[10Jan2026 02:46:30.442] [main/WARN] [dev.architectury.registry.registries.forge.RegistrarManagerImpl/]: Registry entry listened Registry Entry [minecraft:item / fossil:spawn_egg_quagga] was not realized!
[10Jan2026 02:46:30.442] [main/WARN] [dev.architectury.registry.registries.forge.RegistrarManagerImpl/]: Registry entry listened Registry Entry [minecraft:item / fossil:bone_foot_brachiosaurus] was not realized!
[10Jan2026 02:46:30.442] [main/WARN] [dev.architectury.registry.registries.forge.RegistrarManagerImpl/]: Registry entry listened Registry Entry [minecraft:item / fossil:bone_skull_mosasaurus] was not realized!
[10Jan2026 02:46:30.442] [main/WARN] [dev.architectury.registry.registries.forge.RegistrarManagerImpl/]: Registry entry listened Registry Entry [minecraft:item / fossil:cooked_alligator_gar] was not realized!
[10Jan2026 02:46:30.442] [main/WARN] [dev.architectury.registry.registries.forge.RegistrarManagerImpl/]: Registry entry listened Registry Entry [minecraft:item / fossil:bone_unique_megaloceros] was not realized!
[10Jan2026 02:46:30.442] [main/WARN] [dev.architectury.registry.registries.forge.RegistrarManagerImpl/]: Registry entry listened Registry Entry [minecraft:item / fossil:bone_leg_postosuchus] was not realized!
[10Jan2026 02:46:30.443] [main/WARN] [dev.architectury.registry.registries.forge.RegistrarManagerImpl/]: Registry entry listened Registry Entry [minecraft:item / fossil:bone_ribcage_brachiosaurus] was not realized!
[10Jan2026 02:46:30.443] [main/WARN] [dev.architectury.registry.registries.forge.RegistrarManagerImpl/]: Registry entry listened Registry Entry [minecraft:item / fossil:bone_unique_edaphosaurus] was not realized!
[10Jan2026 02:46:30.443] [main/WARN] [dev.architectury.registry.registries.forge.RegistrarManagerImpl/]: Registry entry listened Registry Entry [minecraft:item / fossil:syringe_mooshroom] was not realized!
[10Jan2026 02:46:30.443] [main/WARN] [dev.architectury.registry.registries.forge.RegistrarManagerImpl/]: Registry entry listened Registry Entry [minecraft:item / fossil:donkey_dna] was not realized!
[10Jan2026 02:46:30.443] [main/WARN] [dev.architectury.registry.registries.forge.RegistrarManagerImpl/]: Registry entry listened Registry Entry [minecraft:item / fossil:spawn_egg_gallimimus] was not realized!
[10Jan2026 02:46:30.443] [main/WARN] [dev.architectury.registry.registries.forge.RegistrarManagerImpl/]: Registry entry listened Registry Entry [minecraft:item / fossil:bone_vertebrae_ankylosaurus] was not realized!
[10Jan2026 02:46:30.443] [main/WARN] [dev.architectury.registry.registries.forge.RegistrarManagerImpl/]: Registry entry listened Registry Entry [minecraft:item / fossil:pteranodon_dna] was not realized!
[10Jan2026 02:46:30.443] [main/WARN] [dev.architectury.registry.registries.forge.RegistrarManagerImpl/]: Registry entry listened Registry Entry [minecraft:item / fossil:bone_skull_mammoth] was not realized!
[10Jan2026 02:46:30.443] [main/WARN] [dev.architectury.registry.registries.forge.RegistrarManagerImpl/]: Registry entry listened Registry Entry [minecraft:item / fossil:bone_leg_dilophosaurus] was not realized!
[10Jan2026 02:46:30.444] [main/WARN] [dev.architectury.registry.registries.forge.RegistrarManagerImpl/]: Registry entry listened Registry Entry [minecraft:item / fossil:cooked_brachiosaurus] was not realized!
[10Jan2026 02:46:30.444] [main/WARN] [dev.architectury.registry.registries.forge.RegistrarManagerImpl/]: Registry entry listened Registry Entry [minecraft:item / fossil:bone_arm_gallimimus] was not realized!
[10Jan2026 02:46:30.444] [main/WARN] [dev.architectury.registry.registries.forge.RegistrarManagerImpl/]: Registry entry listened Registry Entry [minecraft:item / fossil:bone_foot_psittacosaurus] was not realized!
[10Jan2026 02:46:30.444] [main/WARN] [dev.architectury.registry.registries.forge.RegistrarManagerImpl/]: Registry entry listened Registry Entry [minecraft:item / fossil:meat_diplocaulus] was not realized!
[10Jan2026 02:46:30.444] [main/WARN] [dev.architectury.registry.registries.forge.RegistrarManagerImpl/]: Registry entry listened Registry Entry [minecraft:item / fossil:bone_skull_dimorphodon] was not realized!
[10Jan2026 02:46:30.444] [main/WARN] [dev.architectury.registry.registries.forge.RegistrarManagerImpl/]: Registry entry listened Registry Entry [minecraft:item / fossil:goat_dna] was not realized!
[10Jan2026 02:46:30.444] [main/WARN] [dev.architectury.registry.registries.forge.RegistrarManagerImpl/]: Registry entry listened Registry Entry [minecraft:item / fossil:bone_unique_dilophosaurus] was not realized!
[10Jan2026 02:46:30.444] [main/WARN] [dev.architectury.registry.registries.forge.RegistrarManagerImpl/]: Registry entry listened Registry Entry [minecraft:item / fossil:bucket_item_megalograptus] was not realized!
[10Jan2026 02:46:30.444] [main/WARN] [dev.architectury.registry.registries.forge.RegistrarManagerImpl/]: Registry entry listened Registry Entry [minecraft:item / fossil:bone_unique_deinonychus] was not realized!
[10Jan2026 02:46:30.444] [main/WARN] [dev.architectury.registry.registries.forge.RegistrarManagerImpl/]: Registry entry listened Registry Entry [minecraft:item / fossil:spawn_egg_elasmotherium] was not realized!
[10Jan2026 02:46:30.445] [main/WARN] [dev.architectury.registry.registries.forge.RegistrarManagerImpl/]: Registry entry listened Registry Entry [minecraft:item / fossil:egg_item_kelenken] was not realized!
[10Jan2026 02:46:30.445] [main/WARN] [dev.architectury.registry.registries.forge.RegistrarManagerImpl/]: Registry entry listened Registry Entry [minecraft:item / fossil:mooshroom_dna] was not realized!
[10Jan2026 02:46:30.445] [main/WARN] [dev.architectury.registry.registries.forge.RegistrarManagerImpl/]: Registry entry listened Registry Entry [minecraft:item / fossil:egg_item_dodo] was not realized!
[10Jan2026 02:46:30.445] [main/WARN] [dev.architectury.registry.registries.forge.RegistrarManagerImpl/]: Registry entry listened Registry Entry [minecraft:item / fossil:meat_plesiosaurus] was not realized!
[10Jan2026 02:46:30.445] [main/WARN] [dev.architectury.registry.registries.forge.RegistrarManagerImpl/]: Registry entry listened Registry Entry [minecraft:item / fossil:syringe_fox] was not realized!
[10Jan2026 02:46:30.445] [main/WARN] [dev.architectury.registry.registries.forge.RegistrarManagerImpl/]: Registry entry listened Registry Entry [minecraft:item / fossil:egg_item_parrot] was not realized!
[10Jan2026 02:46:30.445] [main/WARN] [dev.architectury.registry.registries.forge.RegistrarManagerImpl/]: Registry entry listened Registry Entry [minecraft:item / fossil:egg_item_arthropleura] was not realized!
[10Jan2026 02:46:30.445] [main/WARN] [dev.architectury.registry.registries.forge.RegistrarManagerImpl/]: Registry entry listened Registry Entry [minecraft:item / fossil:bone_unique_quetzalcoatlus] was not realized!
[10Jan2026 02:46:30.445] [main/WARN] [dev.architectury.registry.registries.forge.RegistrarManagerImpl/]: Registry entry listened Registry Entry [minecraft:item / fossil:bone_tail_dimetrodon] was not realized!
[10Jan2026 02:46:30.445] [main/WARN] [dev.architectury.registry.registries.forge.RegistrarManagerImpl/]: Registry entry listened Registry Entry [minecraft:item / fossil:egg_item_stegosaurus] was not realized!
[10Jan2026 02:46:30.446] [main/WARN] [dev.architectury.registry.registries.forge.RegistrarManagerImpl/]: Registry entry listened Registry Entry [minecraft:item / fossil:bone_foot_quetzalcoatlus] was not realized!
[10Jan2026 02:46:30.446] [main/WARN] [dev.architectury.registry.registries.forge.RegistrarManagerImpl/]: Registry entry listened Registry Entry [minecraft:item / fossil:bone_unique_velociraptor] was not realized!
[10Jan2026 02:46:30.446] [main/WARN] [dev.architectury.registry.registries.forge.RegistrarManagerImpl/]: Registry entry listened Registry Entry [minecraft:item / fossil:allosaurus_dna] was not realized!
[10Jan2026 02:46:30.446] [main/WARN] [dev.architectury.registry.registries.forge.RegistrarManagerImpl/]: Registry entry listened Registry Entry [minecraft:item / fossil:bone_arm_titanis] was not realized!
[10Jan2026 02:46:30.446] [main/WARN] [dev.architectury.registry.registries.forge.RegistrarManagerImpl/]: Registry entry listened Registry Entry [minecraft:item / fossil:pachyrhinosaurus_dna] was not realized!
[10Jan2026 02:46:30.446] [main/WARN] [dev.architectury.registry.registries.forge.RegistrarManagerImpl/]: Registry entry listened Registry Entry [minecraft:item / fossil:bone_skull_therizinosaurus] was not realized!
[10Jan2026 02:46:30.446] [main/WARN] [dev.architectury.registry.registries.forge.RegistrarManagerImpl/]: Registry entry listened Registry Entry [minecraft:item / fossil:bone_leg_confuciusornis] was not realized!
[10Jan2026 02:46:30.446] [main/WARN] [dev.architectury.registry.registries.forge.RegistrarManagerImpl/]: Registry entry listened Registry Entry [minecraft:item / fossil:syringe_camel] was not realized!
[10Jan2026 02:46:30.446] [main/WARN] [dev.architectury.registry.registries.forge.RegistrarManagerImpl/]: Registry entry listened Registry Entry [minecraft:item / fossil:bone_vertebrae_mosasaurus] was not realized!
[10Jan2026 02:46:30.447] [main/WARN] [dev.architectury.registry.registries.forge.RegistrarManagerImpl/]: Registry entry listened Registry Entry [minecraft:item / fossil:meat_dicranurus] was not realized!
[10Jan2026 02:46:30.447] [main/WARN] [dev.architectury.registry.registries.forge.RegistrarManagerImpl/]: Registry entry listened Registry Entry [minecraft:item / fossil:bone_unique_smilodon] was not realized!
[10Jan2026 02:46:30.447] [main/WARN] [dev.architectury.registry.registries.forge.RegistrarManagerImpl/]: Registry entry listened Registry Entry [minecraft:item / fossil:bone_vertebrae_crassigyrinus] was not realized!
[10Jan2026 02:46:30.447] [main/WARN] [dev.architectury.registry.registries.forge.RegistrarManagerImpl/]: Registry entry listened Registry Entry [minecraft:item / fossil:egg_item_pachyrhinosaurus] was not realized!
[10Jan2026 02:46:30.447] [main/WARN] [dev.architectury.registry.registries.forge.RegistrarManagerImpl/]: Registry entry listened Registry Entry [minecraft:item / fossil:syringe_sheep] was not realized!
[10Jan2026 02:46:30.447] [main/WARN] [dev.architectury.registry.registries.forge.RegistrarManagerImpl/]: Registry entry listened Registry Entry [minecraft:item / fossil:alligator_gar_dna] was not realized!
[10Jan2026 02:46:30.447] [main/WARN] [dev.architectury.registry.registries.forge.RegistrarManagerImpl/]: Registry entry listened Registry Entry [minecraft:item / fossil:spawn_egg_mosasaurus] was not realized!
[10Jan2026 02:46:30.447] [main/WARN] [dev.architectury.registry.registries.forge.RegistrarManagerImpl/]: Registry entry listened Registry Entry [minecraft:item / fossil:bone_arm_postosuchus] was not realized!
[10Jan2026 02:46:30.447] [main/WARN] [dev.architectury.registry.registries.forge.RegistrarManagerImpl/]: Registry entry listened Registry Entry [minecraft:item / fossil:bone_unique_brachiosaurus] was not realized!
[10Jan2026 02:46:30.447] [main/WARN] [dev.architectury.registry.registries.forge.RegistrarManagerImpl/]: Registry entry listened Registry Entry [minecraft:item / fossil:syringe_megaloceros] was not realized!
[10Jan2026 02:46:30.448] [main/WARN] [dev.architectury.registry.registries.forge.RegistrarManagerImpl/]: Registry entry listened Registry Entry [minecraft:item / fossil:syringe_platybelodon] was not realized!
[10Jan2026 02:46:30.448] [main/WARN] [dev.architectury.registry.registries.forge.RegistrarManagerImpl/]: Registry entry listened Registry Entry [minecraft:item / fossil:spawn_egg_crassigyrinus] was not realized!
[10Jan2026 02:46:30.448] [main/WARN] [dev.architectury.registry.registries.forge.RegistrarManagerImpl/]: Registry entry listened Registry Entry [minecraft:item / fossil:egg_item_megalania] was not realized!
[10Jan2026 02:46:30.448] [main/WARN] [dev.architectury.registry.registries.forge.RegistrarManagerImpl/]: Registry entry listened Registry Entry [minecraft:item / fossil:bone_unique_tiktaalik] was not realized!
[10Jan2026 02:46:30.448] [main/WARN] [dev.architectury.registry.registries.forge.RegistrarManagerImpl/]: Registry entry listened Registry Entry [minecraft:item / fossil:meat_tiktaalik] was not realized!
[10Jan2026 02:46:30.448] [main/WARN] [dev.architectury.registry.registries.forge.RegistrarManagerImpl/]: Registry entry listened Registry Entry [minecraft:item / fossil:bone_leg_phorusrhacos] was not realized!
[10Jan2026 02:46:30.448] [main/WARN] [dev.architectury.registry.registries.forge.RegistrarManagerImpl/]: Registry entry listened Registry Entry [minecraft:item / fossil:spawn_egg_spinosaurus] was not realized!
[10Jan2026 02:46:30.448] [main/WARN] [dev.architectury.registry.registries.forge.RegistrarManagerImpl/]: Registry entry listened Registry Entry [minecraft:item / fossil:bone_tail_confuciusornis] was not realized!
[10Jan2026 02:46:30.448] [main/WARN] [dev.architectury.registry.registries.forge.RegistrarManagerImpl/]: Registry entry listened Registry Entry [minecraft:item / fossil:bone_vertebrae_megaloceros] was not realized!
[10Jan2026 02:46:30.449] [main/WARN] [dev.architectury.registry.registries.forge.RegistrarManagerImpl/]: Registry entry listened Registry Entry [minecraft:item / fossil:bone_unique_platybelodon] was not realized!
[10Jan2026 02:46:30.449] [main/WARN] [dev.architectury.registry.registries.forge.RegistrarManagerImpl/]: Registry entry listened Registry Entry [minecraft:item / fossil:cooked_stegosaurus] was not realized!
[10Jan2026 02:46:30.449] [main/WARN] [dev.architectury.registry.registries.forge.RegistrarManagerImpl/]: Registry entry listened Registry Entry [minecraft:item / fossil:bone_ribcage_kelenken] was not realized!
[10Jan2026 02:46:30.449] [main/WARN] [dev.architectury.registry.registries.forge.RegistrarManagerImpl/]: Registry entry listened Registry Entry [minecraft:item / fossil:bucket_item_nautilus] was not realized!
[10Jan2026 02:46:30.449] [main/WARN] [dev.architectury.registry.registries.forge.RegistrarManagerImpl/]: Registry entry listened Registry Entry [minecraft:item / fossil:egg_item_triceratops] was not realized!
[10Jan2026 02:46:30.449] [main/WARN] [dev.architectury.registry.registries.forge.RegistrarManagerImpl/]: Registry entry listened Registry Entry [minecraft:item / fossil:egg_item_citipati] was not realized!
[10Jan2026 02:46:30.449] [main/WARN] [dev.architectury.registry.registries.forge.RegistrarManagerImpl/]: Registry entry listened Registry Entry [minecraft:item / fossil:bucket_item_lonchodomas] was not realized!
[10Jan2026 02:46:30.449] [main/WARN] [dev.architectury.registry.registries.forge.RegistrarManagerImpl/]: Registry entry listened Registry Entry [minecraft:item / fossil:bone_leg_ornitholestes] was not realized!
[10Jan2026 02:46:30.449] [main/WARN] [dev.architectury.registry.registries.forge.RegistrarManagerImpl/]: Registry entry listened Registry Entry [minecraft:item / fossil:bone_leg_pachycephalosaurus] was not realized!
[10Jan2026 02:46:30.449] [main/WARN] [dev.architectury.registry.registries.forge.RegistrarManagerImpl/]: Registry entry listened Registry Entry [minecraft:item / fossil:bone_skull_gastornis] was not realized!
[10Jan2026 02:46:30.450] [main/WARN] [dev.architectury.registry.registries.forge.RegistrarManagerImpl/]: Registry entry listened Registry Entry [minecraft:item / fossil:bone_leg_tyrannosaurus] was not realized!
[10Jan2026 02:46:30.450] [main/WARN] [dev.architectury.registry.registries.forge.RegistrarManagerImpl/]: Registry entry listened Registry Entry [minecraft:item / fossil:therizinosaurus_dna] was not realized!
[10Jan2026 02:46:30.450] [main/WARN] [dev.architectury.registry.registries.forge.RegistrarManagerImpl/]: Registry entry listened Registry Entry [minecraft:item / fossil:bone_unique_titanis] was not realized!
[10Jan2026 02:46:30.450] [main/WARN] [dev.architectury.registry.registries.forge.RegistrarManagerImpl/]: Registry entry listened Registry Entry [minecraft:item / fossil:bone_arm_quetzalcoatlus] was not realized!
[10Jan2026 02:46:30.450] [main/WARN] [dev.architectury.registry.registries.forge.RegistrarManagerImpl/]: Registry entry listened Registry Entry [minecraft:item / fossil:meat_sturgeon] was not realized!
[10Jan2026 02:46:30.450] [main/WARN] [dev.architectury.registry.registries.forge.RegistrarManagerImpl/]: Registry entry listened Registry Entry [minecraft:item / fossil:phorusrhacos_dna] was not realized!
[10Jan2026 02:46:30.450] [main/WARN] [dev.architectury.registry.registries.forge.RegistrarManagerImpl/]: Registry entry listened Registry Entry [minecraft:item / fossil:horse_dna] was not realized!
[10Jan2026 02:46:30.450] [main/WARN] [dev.architectury.registry.registries.forge.RegistrarManagerImpl/]: Registry entry listened Registry Entry [minecraft:item / fossil:bone_arm_tyrannosaurus] was not realized!
[10Jan2026 02:46:30.450] [main/WARN] [dev.architectury.registry.registries.forge.RegistrarManagerImpl/]: Registry entry listened Registry Entry [minecraft:item / fossil:cooked_triceratops] was not realized!
[10Jan2026 02:46:30.450] [main/WARN] [dev.architectury.registry.registries.forge.RegistrarManagerImpl/]: Registry entry listened Registry Entry [minecraft:item / fossil:glow_squid_dna] was not realized!
[10Jan2026 02:46:30.451] [main/WARN] [dev.architectury.registry.registries.forge.RegistrarManagerImpl/]: Registry entry listened Registry Entry [minecraft:item / fossil:bone_foot_compsognathus] was not realized!
[10Jan2026 02:46:30.451] [main/WARN] [dev.architectury.registry.registries.forge.RegistrarManagerImpl/]: Registry entry listened Registry Entry [minecraft:item / fossil:bone_vertebrae_diplocaulus] was not realized!
[10Jan2026 02:46:30.451] [main/WARN] [dev.architectury.registry.registries.forge.RegistrarManagerImpl/]: Registry entry listened Registry Entry [minecraft:item / fossil:syringe_rabbit] was not realized!
[10Jan2026 02:46:30.451] [main/WARN] [dev.architectury.registry.registries.forge.RegistrarManagerImpl/]: Registry entry listened Registry Entry [minecraft:item / fossil:bone_arm_ornitholestes] was not realized!
[10Jan2026 02:46:30.451] [main/WARN] [dev.architectury.registry.registries.forge.RegistrarManagerImpl/]: Registry entry listened Registry Entry [minecraft:item / fossil:bone_skull_confuciusornis] was not realized!
[10Jan2026 02:46:30.451] [main/WARN] [dev.architectury.registry.registries.forge.RegistrarManagerImpl/]: Registry entry listened Registry Entry [minecraft:item / fossil:spawn_egg_megalania] was not realized!
[10Jan2026 02:46:30.451] [main/WARN] [dev.architectury.registry.registries.forge.RegistrarManagerImpl/]: Registry entry listened Registry Entry [minecraft:item / fossil:bone_tail_platybelodon] was not realized!
[10Jan2026 02:46:30.451] [main/WARN] [dev.architectury.registry.registries.forge.RegistrarManagerImpl/]: Registry entry listened Registry Entry [minecraft:item / fossil:dodo_dna] was not realized!
[10Jan2026 02:46:30.451] [main/WARN] [dev.architectury.registry.registries.forge.RegistrarManagerImpl/]: Registry entry listened Registry Entry [minecraft:item / fossil:bone_vertebrae_dryosaurus] was not realized!
[10Jan2026 02:46:30.451] [main/WARN] [dev.architectury.registry.registries.forge.RegistrarManagerImpl/]: Registry entry listened Registry Entry [minecraft:item / fossil:meat_mammoth] was not realized!
[10Jan2026 02:46:30.452] [main/WARN] [dev.architectury.registry.registries.forge.RegistrarManagerImpl/]: Registry entry listened Registry Entry [minecraft:item / fossil:bone_vertebrae_sarcosuchus] was not realized!
[10Jan2026 02:46:30.747] [main/WARN] [dev.architectury.registry.registries.forge.RegistrarManagerImpl/]: Registry entry listened Registry Entry [minecraft:item / fossil:bone_skull_quagga] was not realized!
[10Jan2026 02:46:30.747] [main/WARN] [dev.architectury.registry.registries.forge.RegistrarManagerImpl/]: Registry entry listened Registry Entry [minecraft:item / fossil:bone_ribcage_citipati] was not realized!
[10Jan2026 02:46:30.747] [main/WARN] [dev.architectury.registry.registries.forge.RegistrarManagerImpl/]: Registry entry listened Registry Entry [minecraft:item / fossil:bucket_item_sturgeon] was not realized!
[10Jan2026 02:46:30.747] [main/WARN] [dev.architectury.registry.registries.forge.RegistrarManagerImpl/]: Registry entry listened Registry Entry [minecraft:item / fossil:meat_megaloceros] was not realized!
[10Jan2026 02:46:30.747] [main/WARN] [dev.architectury.registry.registries.forge.RegistrarManagerImpl/]: Registry entry listened Registry Entry [minecraft:item / fossil:cooked_parasaurolophus] was not realized!
[10Jan2026 02:46:30.747] [main/WARN] [dev.architectury.registry.registries.forge.RegistrarManagerImpl/]: Registry entry listened Registry Entry [minecraft:item / fossil:spawn_egg_compsognathus] was not realized!
[10Jan2026 02:46:30.750] [main/WARN] [dev.architectury.registry.registries.forge.RegistrarManagerImpl/]: Registry entry listened Registry Entry [minecraft:item / fossil:meat_phorusrhacos] was not realized!
[10Jan2026 02:46:30.750] [main/WARN] [dev.architectury.registry.registries.forge.RegistrarManagerImpl/]: Registry entry listened Registry Entry [minecraft:item / fossil:bone_foot_crassigyrinus] was not realized!
[10Jan2026 02:46:30.750] [main/WARN] [dev.architectury.registry.registries.forge.RegistrarManagerImpl/]: Registry entry listened Registry Entry [minecraft:item / fossil:spawn_egg_dryosaurus] was not realized!
[10Jan2026 02:46:30.750] [main/WARN] [dev.architectury.registry.registries.forge.RegistrarManagerImpl/]: Registry entry listened Registry Entry [minecraft:item / fossil:spawn_egg_walliserops] was not realized!
[10Jan2026 02:46:30.750] [main/WARN] [dev.architectury.registry.registries.forge.RegistrarManagerImpl/]: Registry entry listened Registry Entry [minecraft:item / fossil:meat_alligator_gar] was not realized!
[10Jan2026 02:46:30.750] [main/WARN] [dev.architectury.registry.registries.forge.RegistrarManagerImpl/]: Registry entry listened Registry Entry [minecraft:item / fossil:bone_ribcage_dilophosaurus] was not realized!
[10Jan2026 02:46:30.750] [main/WARN] [dev.architectury.registry.registries.forge.RegistrarManagerImpl/]: Registry entry listened Registry Entry [minecraft:item / fossil:bone_unique_ceratosaurus] was not realized!
[10Jan2026 02:46:30.750] [main/WARN] [dev.architectury.registry.registries.forge.RegistrarManagerImpl/]: Registry entry listened Registry Entry [minecraft:item / fossil:syringe_polar_bear] was not realized!
[10Jan2026 02:46:30.751] [main/WARN] [dev.architectury.registry.registries.forge.RegistrarManagerImpl/]: Registry entry listened Registry Entry [minecraft:item / fossil:syringe_mammoth] was not realized!
[10Jan2026 02:46:30.751] [main/WARN] [dev.architectury.registry.registries.forge.RegistrarManagerImpl/]: Registry entry listened Registry Entry [minecraft:item / fossil:bone_foot_liopleurodon] was not realized!
[10Jan2026 02:46:30.751] [main/WARN] [dev.architectury.registry.registries.forge.RegistrarManagerImpl/]: Registry entry listened Registry Entry [minecraft:item / fossil:meat_nautilus] was not realized!
[10Jan2026 02:46:30.751] [main/WARN] [dev.architectury.registry.registries.forge.RegistrarManagerImpl/]: Registry entry listened Registry Entry [minecraft:item / fossil:bone_skull_protoceratops] was not realized!
[10Jan2026 02:46:30.751] [main/WARN] [dev.architectury.registry.registries.forge.RegistrarManagerImpl/]: Registry entry listened Registry Entry [minecraft:item / fossil:spawn_egg_coelacanth] was not realized!
[10Jan2026 02:46:30.751] [main/WARN] [dev.architectury.registry.registries.forge.RegistrarManagerImpl/]: Registry entry listened Registry Entry [minecraft:item / fossil:bone_skull_pachyrhinosaurus] was not realized!
[10Jan2026 02:46:30.751] [main/WARN] [dev.architectury.registry.registries.forge.RegistrarManagerImpl/]: Registry entry listened Registry Entry [minecraft:item / fossil:bone_arm_brachiosaurus] was not realized!
[10Jan2026 02:46:30.751] [main/WARN] [dev.architectury.registry.registries.forge.RegistrarManagerImpl/]: Registry entry listened Registry Entry [minecraft:item / fossil:ocelot_dna] was not realized!
[10Jan2026 02:46:30.751] [main/WARN] [dev.architectury.registry.registries.forge.RegistrarManagerImpl/]: Registry entry listened Registry Entry [minecraft:item / fossil:bone_leg_tiktaalik] was not realized!
[10Jan2026 02:46:30.751] [main/WARN] [dev.architectury.registry.registries.forge.RegistrarManagerImpl/]: Registry entry listened Registry Entry [minecraft:item / fossil:cooked_phorusrhacos] was not realized!
[10Jan2026 02:46:30.751] [main/WARN] [dev.architectury.registry.registries.forge.RegistrarManagerImpl/]: Registry entry listened Registry Entry [minecraft:item / fossil:meat_stegosaurus] was not realized!
[10Jan2026 02:46:30.752] [main/WARN] [dev.architectury.registry.registries.forge.RegistrarManagerImpl/]: Registry entry listened Registry Entry [minecraft:item / fossil:egg_item_scotoharpes] was not realized!
[10Jan2026 02:46:30.752] [main/WARN] [dev.architectury.registry.registries.forge.RegistrarManagerImpl/]: Registry entry listened Registry Entry [minecraft:item / fossil:bone_foot_smilodon] was not realized!
[10Jan2026 02:46:30.752] [main/WARN] [dev.architectury.registry.registries.forge.RegistrarManagerImpl/]: Registry entry listened Registry Entry [minecraft:item / fossil:meat_psittacosaurus] was not realized!
[10Jan2026 02:46:30.752] [main/WARN] [dev.architectury.registry.registries.forge.RegistrarManagerImpl/]: Registry entry listened Registry Entry [minecraft:item / fossil:pufferfish_dna] was not realized!
[10Jan2026 02:46:30.752] [main/WARN] [dev.architectury.registry.registries.forge.RegistrarManagerImpl/]: Registry entry listened Registry Entry [minecraft:item / fossil:cooked_scotoharpes] was not realized!
[10Jan2026 02:46:30.752] [main/WARN] [dev.architectury.registry.registries.forge.RegistrarManagerImpl/]: Registry entry listened Registry Entry [minecraft:item / fossil:bucket_item_crassigyrinus] was not realized!
[10Jan2026 02:46:30.752] [main/WARN] [dev.architectury.registry.registries.forge.RegistrarManagerImpl/]: Registry entry listened Registry Entry [minecraft:item / fossil:platybelodon_dna] was not realized!
[10Jan2026 02:46:30.752] [main/WARN] [dev.architectury.registry.registries.forge.RegistrarManagerImpl/]: Registry entry listened Registry Entry [minecraft:item / fossil:henodus_dna] was not realized!
[10Jan2026 02:46:30.752] [main/WARN] [dev.architectury.registry.registries.forge.RegistrarManagerImpl/]: Registry entry listened Registry Entry [minecraft:item / fossil:titanis_dna] was not realized!
[10Jan2026 02:46:30.753] [main/WARN] [dev.architectury.registry.registries.forge.RegistrarManagerImpl/]: Registry entry listened Registry Entry [minecraft:item / fossil:bone_ribcage_plesiosaurus] was not realized!
[10Jan2026 02:46:30.753] [main/WARN] [dev.architectury.registry.registries.forge.RegistrarManagerImpl/]: Registry entry listened Registry Entry [minecraft:item / fossil:spawn_egg_nautilus] was not realized!
[10Jan2026 02:46:30.753] [main/WARN] [dev.architectury.registry.registries.forge.RegistrarManagerImpl/]: Registry entry listened Registry Entry [minecraft:item / fossil:bone_skull_megalania] was not realized!
[10Jan2026 02:46:30.753] [main/WARN] [dev.architectury.registry.registries.forge.RegistrarManagerImpl/]: Registry entry listened Registry Entry [minecraft:item / fossil:meat_deinonychus] was not realized!
[10Jan2026 02:46:30.753] [main/WARN] [dev.architectury.registry.registries.forge.RegistrarManagerImpl/]: Registry entry listened Registry Entry [minecraft:item / fossil:bone_vertebrae_elasmotherium] was not realized!
[10Jan2026 02:46:30.753] [main/WARN] [dev.architectury.registry.registries.forge.RegistrarManagerImpl/]: Registry entry listened Registry Entry [minecraft:item / fossil:bone_ribcage_phorusrhacos] was not realized!
[10Jan2026 02:46:30.753] [main/WARN] [dev.architectury.registry.registries.forge.RegistrarManagerImpl/]: Registry entry listened Registry Entry [minecraft:item / fossil:bone_tail_tyrannosaurus] was not realized!
[10Jan2026 02:46:30.753] [main/WARN] [dev.architectury.registry.registries.forge.RegistrarManagerImpl/]: Registry entry listened Registry Entry [minecraft:item / fossil:smilodon_dna] was not realized!
[10Jan2026 02:46:30.753] [main/WARN] [dev.architectury.registry.registries.forge.RegistrarManagerImpl/]: Registry entry listened Registry Entry [minecraft:item / fossil:bone_foot_velociraptor] was not realized!
[10Jan2026 02:46:30.753] [main/WARN] [dev.architectury.registry.registries.forge.RegistrarManagerImpl/]: Registry entry listened Registry Entry [minecraft:item / fossil:bone_vertebrae_velociraptor] was not realized!
[10Jan2026 02:46:30.753] [main/WARN] [dev.architectury.registry.registries.forge.RegistrarManagerImpl/]: Registry entry listened Registry Entry [minecraft:item / fossil:egg_item_ichthyosaurus] was not realized!
[10Jan2026 02:46:30.753] [main/WARN] [dev.architectury.registry.registries.forge.RegistrarManagerImpl/]: Registry entry listened Registry Entry [minecraft:item / fossil:meat_ankylosaurus] was not realized!
[10Jan2026 02:46:30.754] [main/WARN] [dev.architectury.registry.registries.forge.RegistrarManagerImpl/]: Registry entry listened Registry Entry [minecraft:item / fossil:bone_tail_sarcosuchus] was not realized!
[10Jan2026 02:46:30.754] [main/WARN] [dev.architectury.registry.registries.forge.RegistrarManagerImpl/]: Registry entry listened Registry Entry [minecraft:item / fossil:cooked_megaloceros] was not realized!
[10Jan2026 02:46:30.754] [main/WARN] [dev.architectury.registry.registries.forge.RegistrarManagerImpl/]: Registry entry listened Registry Entry [minecraft:item / fossil:bone_ribcage_triceratops] was not realized!
[10Jan2026 02:46:30.754] [main/WARN] [dev.architectury.registry.registries.forge.RegistrarManagerImpl/]: Registry entry listened Registry Entry [minecraft:item / fossil:bone_tail_psittacosaurus] was not realized!
[10Jan2026 02:46:30.754] [main/WARN] [dev.architectury.registry.registries.forge.RegistrarManagerImpl/]: Registry entry listened Registry Entry [minecraft:item / fossil:mosasaurus_dna] was not realized!
[10Jan2026 02:46:30.754] [main/WARN] [dev.architectury.registry.registries.forge.RegistrarManagerImpl/]: Registry entry listened Registry Entry [minecraft:item / fossil:axolotl_dna] was not realized!
[10Jan2026 02:46:30.754] [main/WARN] [dev.architectury.registry.registries.forge.RegistrarManagerImpl/]: Registry entry listened Registry Entry [minecraft:item / fossil:spawn_egg_psittacosaurus] was not realized!
[10Jan2026 02:46:30.754] [main/WARN] [dev.architectury.registry.registries.forge.RegistrarManagerImpl/]: Registry entry listened Registry Entry [minecraft:item / fossil:triceratops_dna] was not realized!
[10Jan2026 02:46:30.754] [main/WARN] [dev.architectury.registry.registries.forge.RegistrarManagerImpl/]: Registry entry listened Registry Entry [minecraft:item / fossil:bone_skull_diplocaulus] was not realized!
[10Jan2026 02:46:30.754] [main/WARN] [dev.architectury.registry.registries.forge.RegistrarManagerImpl/]: Registry entry listened Registry Entry [minecraft:item / fossil:egg_item_liopleurodon] was not realized!
[10Jan2026 02:46:30.754] [main/WARN] [dev.architectury.registry.registries.forge.RegistrarManagerImpl/]: Registry entry listened Registry Entry [minecraft:item / fossil:bone_vertebrae_pteranodon] was not realized!
[10Jan2026 02:46:30.755] [main/WARN] [dev.architectury.registry.registries.forge.RegistrarManagerImpl/]: Registry entry listened Registry Entry [minecraft:item / fossil:meat_dimorphodon] was not realized!
[10Jan2026 02:46:30.755] [main/WARN] [dev.architectury.registry.registries.forge.RegistrarManagerImpl/]: Registry entry listened Registry Entry [minecraft:item / fossil:meat_ichthyosaurus] was not realized!
[10Jan2026 02:46:30.755] [main/WARN] [dev.architectury.registry.registries.forge.RegistrarManagerImpl/]: Registry entry listened Registry Entry [minecraft:item / fossil:cooked_edaphosaurus] was not realized!
[10Jan2026 02:46:30.755] [main/WARN] [dev.architectury.registry.registries.forge.RegistrarManagerImpl/]: Registry entry listened Registry Entry [minecraft:item / fossil:bone_leg_ceratosaurus] was not realized!
[10Jan2026 02:46:30.755] [main/WARN] [dev.architectury.registry.registries.forge.RegistrarManagerImpl/]: Registry entry listened Registry Entry [minecraft:item / fossil:bone_tail_velociraptor] was not realized!
[10Jan2026 02:46:30.755] [main/WARN] [dev.architectury.registry.registries.forge.RegistrarManagerImpl/]: Registry entry listened Registry Entry [minecraft:item / fossil:cooked_ornitholestes] was not realized!
[10Jan2026 02:46:30.755] [main/WARN] [dev.architectury.registry.registries.forge.RegistrarManagerImpl/]: Registry entry listened Registry Entry [minecraft:item / fossil:bone_skull_platybelodon] was not realized!
[10Jan2026 02:46:30.755] [main/WARN] [dev.architectury.registry.registries.forge.RegistrarManagerImpl/]: Registry entry listened Registry Entry [minecraft:item / fossil:bone_ribcage_confuciusornis] was not realized!
[10Jan2026 02:46:30.755] [main/WARN] [dev.architectury.registry.registries.forge.RegistrarManagerImpl/]: Registry entry listened Registry Entry [minecraft:item / fossil:bone_ribcage_sarcosuchus] was not realized!
[10Jan2026 02:46:30.755] [main/WARN] [dev.architectury.registry.registries.forge.RegistrarManagerImpl/]: Registry entry listened Registry Entry [minecraft:item / fossil:bone_vertebrae_diplodocus] was not realized!
[10Jan2026 02:46:30.755] [main/WARN] [dev.architectury.registry.registries.forge.RegistrarManagerImpl/]: Registry entry listened Registry Entry [minecraft:item / fossil:spawn_egg_megalograptus] was not realized!
[10Jan2026 02:46:30.755] [main/WARN] [dev.architectury.registry.registries.forge.RegistrarManagerImpl/]: Registry entry listened Registry Entry [minecraft:item / fossil:bone_skull_parasaurolophus] was not realized!
[10Jan2026 02:46:30.755] [main/WARN] [dev.architectury.registry.registries.forge.RegistrarManagerImpl/]: Registry entry listened Registry Entry [minecraft:item / fossil:spawn_egg_quetzalcoatlus] was not realized!
[10Jan2026 02:46:30.755] [main/WARN] [dev.architectury.registry.registries.forge.RegistrarManagerImpl/]: Registry entry listened Registry Entry [minecraft:item / fossil:cooked_crassigyrinus] was not realized!
[10Jan2026 02:46:30.756] [main/WARN] [dev.architectury.registry.registries.forge.RegistrarManagerImpl/]: Registry entry listened Registry Entry [minecraft:item / fossil:bone_unique_dimetrodon] was not realized!
[10Jan2026 02:46:30.756] [main/WARN] [dev.architectury.registry.registries.forge.RegistrarManagerImpl/]: Registry entry listened Registry Entry [minecraft:item / fossil:scotoharpes_dna] was not realized!
[10Jan2026 02:46:30.758] [main/WARN] [dev.architectury.registry.registries.forge.RegistrarManagerImpl/]: Registry entry listened Registry Entry [minecraft:item / fossil:bone_skull_triceratops] was not realized!
[10Jan2026 02:46:30.758] [main/WARN] [dev.architectury.registry.registries.forge.RegistrarManagerImpl/]: Registry entry listened Registry Entry [minecraft:item / fossil:syringe_strider] was not realized!
[10Jan2026 02:46:30.758] [main/WARN] [dev.architectury.registry.registries.forge.RegistrarManagerImpl/]: Registry entry listened Registry Entry [minecraft:item / fossil:bone_skull_liopleurodon] was not realized!
[10Jan2026 02:46:30.758] [main/WARN] [dev.architectury.registry.registries.forge.RegistrarManagerImpl/]: Registry entry listened Registry Entry [minecraft:item / fossil:ichthyosaurus_dna] was not realized!
[10Jan2026 02:46:30.759] [main/WARN] [dev.architectury.registry.registries.forge.RegistrarManagerImpl/]: Registry entry listened Registry Entry [minecraft:item / fossil:bone_unique_tyrannosaurus] was not realized!
[10Jan2026 02:46:30.759] [main/WARN] [dev.architectury.registry.registries.forge.RegistrarManagerImpl/]: Registry entry listened Registry Entry [minecraft:item / fossil:bone_ribcage_dryosaurus] was not realized!
[10Jan2026 02:46:30.759] [main/WARN] [dev.architectury.registry.registries.forge.RegistrarManagerImpl/]: Registry entry listened Registry Entry [minecraft:item / fossil:bone_foot_elasmotherium] was not realized!
[10Jan2026 02:46:30.759] [main/WARN] [dev.architectury.registry.registries.forge.RegistrarManagerImpl/]: Registry entry listened Registry Entry [minecraft:item / fossil:bone_ribcage_ceratosaurus] was not realized!
[10Jan2026 02:46:30.759] [main/WARN] [dev.architectury.registry.registries.forge.RegistrarManagerImpl/]: Registry entry listened Registry Entry [minecraft:item / fossil:cooked_compsognathus] was not realized!
[10Jan2026 02:46:30.760] [main/WARN] [dev.architectury.registry.registries.forge.RegistrarManagerImpl/]: Registry entry listened Registry Entry [minecraft:item / fossil:bone_foot_kelenken] was not realized!
[10Jan2026 02:46:30.760] [main/WARN] [dev.architectury.registry.registries.forge.RegistrarManagerImpl/]: Registry entry listened Registry Entry [minecraft:item / fossil:squid_dna] was not realized!
[10Jan2026 02:46:30.760] [main/WARN] [dev.architectury.registry.registries.forge.RegistrarManagerImpl/]: Registry entry listened Registry Entry [minecraft:item / fossil:spawn_egg_phorusrhacos] was not realized!
[10Jan2026 02:46:30.760] [main/WARN] [dev.architectury.registry.registries.forge.RegistrarManagerImpl/]: Registry entry listened Registry Entry [minecraft:item / fossil:brachiosaurus_dna] was not realized!
[10Jan2026 02:46:30.760] [main/WARN] [dev.architectury.registry.registries.forge.RegistrarManagerImpl/]: Registry entry listened Registry Entry [minecraft:item / fossil:spawn_egg_megaloceros] was not realized!
[10Jan2026 02:46:30.761] [main/WARN] [dev.architectury.registry.registries.forge.RegistrarManagerImpl/]: Registry entry listened Registry Entry [minecraft:item / fossil:cooked_pachycephalosaurus] was not realized!
[10Jan2026 02:46:30.761] [main/WARN] [dev.architectury.registry.registries.forge.RegistrarManagerImpl/]: Registry entry listened Registry Entry [minecraft:item / fossil:bone_leg_allosaurus] was not realized!
[10Jan2026 02:46:30.761] [main/WARN] [dev.architectury.registry.registries.forge.RegistrarManagerImpl/]: Registry entry listened Registry Entry [minecraft:item / fossil:egg_item_diplocaulus] was not realized!
[10Jan2026 02:46:30.761] [main/WARN] [dev.architectury.registry.registries.forge.RegistrarManagerImpl/]: Registry entry listened Registry Entry [minecraft:item / fossil:bone_vertebrae_triceratops] was not realized!
[10Jan2026 02:46:30.762] [main/WARN] [dev.architectury.registry.registries.forge.RegistrarManagerImpl/]: Registry entry listened Registry Entry [minecraft:item / fossil:ornitholestes_dna] was not realized!
[10Jan2026 02:46:30.762] [main/WARN] [dev.architectury.registry.registries.forge.RegistrarManagerImpl/]: Registry entry listened Registry Entry [minecraft:item / fossil:bone_leg_plesiosaurus] was not realized!
[10Jan2026 02:46:30.762] [main/WARN] [dev.architectury.registry.registries.forge.RegistrarManagerImpl/]: Registry entry listened Registry Entry [minecraft:item / fossil:spawn_egg_plesiosaurus] was not realized!
[10Jan2026 02:46:30.762] [main/WARN] [dev.architectury.registry.registries.forge.RegistrarManagerImpl/]: Registry entry listened Registry Entry [minecraft:item / fossil:cooked_elasmotherium] was not realized!
[10Jan2026 02:46:30.763] [main/WARN] [dev.architectury.registry.registries.forge.RegistrarManagerImpl/]: Registry entry listened Registry Entry [minecraft:item / fossil:cooked_dimorphodon] was not realized!
[10Jan2026 02:46:30.763] [main/WARN] [dev.architectury.registry.registries.forge.RegistrarManagerImpl/]: Registry entry listened Registry Entry [minecraft:item / fossil:bone_tail_postosuchus] was not realized!
[10Jan2026 02:46:30.763] [main/WARN] [dev.architectury.registry.registries.forge.RegistrarManagerImpl/]: Registry entry listened Registry Entry [minecraft:item / fossil:bone_skull_gallimimus] was not realized!
[10Jan2026 02:46:30.763] [main/WARN] [dev.architectury.registry.registries.forge.RegistrarManagerImpl/]: Registry entry listened Registry Entry [minecraft:item / fossil:spawn_egg_tyrannosaurus] was not realized!
[10Jan2026 02:46:30.763] [main/WARN] [dev.architectury.registry.registries.forge.RegistrarManagerImpl/]: Registry entry listened Registry Entry [minecraft:item / fossil:bone_leg_crassigyrinus] was not realized!
[10Jan2026 02:46:30.764] [main/WARN] [dev.architectury.registry.registries.forge.RegistrarManagerImpl/]: Registry entry listened Registry Entry [minecraft:item / fossil:cooked_diplocaulus] was not realized!
[10Jan2026 02:46:30.764] [main/WARN] [dev.architectury.registry.registries.forge.RegistrarManagerImpl/]: Registry entry listened Registry Entry [minecraft:item / fossil:meat_meganeura] was not realized!
[10Jan2026 02:46:30.764] [main/WARN] [dev.architectury.registry.registries.forge.RegistrarManagerImpl/]: Registry entry listened Registry Entry [minecraft:item / fossil:bone_unique_stegosaurus] was not realized!
[10Jan2026 02:46:30.764] [main/WARN] [dev.architectury.registry.registries.forge.RegistrarManagerImpl/]: Registry entry listened Registry Entry [minecraft:item / fossil:bone_foot_ornitholestes] was not realized!
[10Jan2026 02:46:30.764] [main/WARN] [dev.architectury.registry.registries.forge.RegistrarManagerImpl/]: Registry entry listened Registry Entry [minecraft:item / fossil:bone_arm_ceratosaurus] was not realized!
[10Jan2026 02:46:30.765] [main/WARN] [dev.architectury.registry.registries.forge.RegistrarManagerImpl/]: Registry entry listened Registry Entry [minecraft:item / fossil:cooked_kelenken] was not realized!
[10Jan2026 02:46:30.765] [main/WARN] [dev.architectury.registry.registries.forge.RegistrarManagerImpl/]: Registry entry listened Registry Entry [minecraft:item / fossil:egg_confuciusornis] was not realized!
[10Jan2026 02:46:30.765] [main/WARN] [dev.architectury.registry.registries.forge.RegistrarManagerImpl/]: Registry entry listened Registry Entry [minecraft:item / fossil:egg_item_cod] was not realized!
[10Jan2026 02:46:30.765] [main/WARN] [dev.architectury.registry.registries.forge.RegistrarManagerImpl/]: Registry entry listened Registry Entry [minecraft:item / fossil:bone_leg_triceratops] was not realized!
[10Jan2026 02:46:30.766] [main/WARN] [dev.architectury.registry.registries.forge.RegistrarManagerImpl/]: Registry entry listened Registry Entry [minecraft:item / fossil:bone_skull_ichthyosaurus] was not realized!
[10Jan2026 02:46:30.766] [main/WARN] [dev.architectury.registry.registries.forge.RegistrarManagerImpl/]: Registry entry listened Registry Entry [minecraft:item / fossil:bone_ribcage_megalania] was not realized!
[10Jan2026 02:46:30.766] [main/WARN] [dev.architectury.registry.registries.forge.RegistrarManagerImpl/]: Registry entry listened Registry Entry [minecraft:item / fossil:bone_skull_smilodon] was not realized!
[10Jan2026 02:46:30.766] [main/WARN] [dev.architectury.registry.registries.forge.RegistrarManagerImpl/]: Registry entry listened Registry Entry [minecraft:item / fossil:egg_item_velociraptor] was not realized!
[10Jan2026 02:46:30.766] [main/WARN] [dev.architectury.registry.registries.forge.RegistrarManagerImpl/]: Registry entry listened Registry Entry [minecraft:item / fossil:bone_ribcage_gastornis] was not realized!
[10Jan2026 02:46:30.767] [main/WARN] [dev.architectury.registry.registries.forge.RegistrarManagerImpl/]: Registry entry listened Registry Entry [minecraft:item / fossil:egg_item_dimorphodon] was not realized!
[10Jan2026 02:46:30.767] [main/WARN] [dev.architectury.registry.registries.forge.RegistrarManagerImpl/]: Registry entry listened Registry Entry [minecraft:item / fossil:bone_skull_velociraptor] was not realized!
[10Jan2026 02:46:30.767] [main/WARN] [dev.architectury.registry.registries.forge.RegistrarManagerImpl/]: Registry entry listened Registry Entry [minecraft:item / fossil:kelenken_dna] was not realized!
[10Jan2026 02:46:30.767] [main/WARN] [dev.architectury.registry.registries.forge.RegistrarManagerImpl/]: Registry entry listened Registry Entry [minecraft:item / fossil:cooked_tiktaalik] was not realized!
[10Jan2026 02:46:30.767] [main/WARN] [dev.architectury.registry.registries.forge.RegistrarManagerImpl/]: Registry entry listened Registry Entry [minecraft:item / fossil:bone_vertebrae_liopleurodon] was not realized!
[10Jan2026 02:46:30.768] [main/WARN] [dev.architectury.registry.registries.forge.RegistrarManagerImpl/]: Registry entry listened Registry Entry [minecraft:item / fossil:spawn_egg_scotoharpes] was not realized!
[10Jan2026 02:46:30.768] [main/WARN] [dev.architectury.registry.registries.forge.RegistrarManagerImpl/]: Registry entry listened Registry Entry [minecraft:item / fossil:spawn_egg_ceratosaurus] was not realized!
[10Jan2026 02:46:30.768] [main/WARN] [dev.architectury.registry.registries.forge.RegistrarManagerImpl/]: Registry entry listened Registry Entry [minecraft:item / fossil:egg_item_gastornis] was not realized!
[10Jan2026 02:46:30.768] [main/WARN] [dev.architectury.registry.registries.forge.RegistrarManagerImpl/]: Registry entry listened Registry Entry [minecraft:item / fossil:cooked_dimetrodon] was not realized!
[10Jan2026 02:46:30.768] [main/WARN] [dev.architectury.registry.registries.forge.RegistrarManagerImpl/]: Registry entry listened Registry Entry [minecraft:item / fossil:egg_item_megalodon] was not realized!
[10Jan2026 02:46:30.768] [main/WARN] [dev.architectury.registry.registries.forge.RegistrarManagerImpl/]: Registry entry listened Registry Entry [minecraft:item / fossil:cooked_meganeura] was not realized!
[10Jan2026 02:46:30.768] [main/WARN] [dev.architectury.registry.registries.forge.RegistrarManagerImpl/]: Registry entry listened Registry Entry [minecraft:item / fossil:bone_unique_quagga] was not realized!
[10Jan2026 02:46:30.769] [main/WARN] [dev.architectury.registry.registries.forge.RegistrarManagerImpl/]: Registry entry listened Registry Entry [minecraft:item / fossil:deinonychus_dna] was not realized!
[10Jan2026 02:46:30.769] [main/WARN] [dev.architectury.registry.registries.forge.RegistrarManagerImpl/]: Registry entry listened Registry Entry [minecraft:item / fossil:spawn_egg_aquilolamna] was not realized!
[10Jan2026 02:46:30.769] [main/WARN] [dev.architectury.registry.registries.forge.RegistrarManagerImpl/]: Registry entry listened Registry Entry [minecraft:item / fossil:bone_arm_phorusrhacos] was not realized!
[10Jan2026 02:46:30.769] [main/WARN] [dev.architectury.registry.registries.forge.RegistrarManagerImpl/]: Registry entry listened Registry Entry [minecraft:item / fossil:bone_vertebrae_compsognathus] was not realized!
[10Jan2026 02:46:30.769] [main/WARN] [dev.architectury.registry.registries.forge.RegistrarManagerImpl/]: Registry entry listened Registry Entry [minecraft:item / fossil:bone_foot_platybelodon] was not realized!
[10Jan2026 02:46:30.769] [main/WARN] [dev.architectury.registry.registries.forge.RegistrarManagerImpl/]: Registry entry listened Registry Entry [minecraft:item / fossil:meat_pteranodon] was not realized!
[10Jan2026 02:46:30.769] [main/WARN] [dev.architectury.registry.registries.forge.RegistrarManagerImpl/]: Registry entry listened Registry Entry [minecraft:item / fossil:cooked_smilodon] was not realized!
[10Jan2026 02:46:30.769] [main/WARN] [dev.architectury.registry.registries.forge.RegistrarManagerImpl/]: Registry entry listened Registry Entry [minecraft:item / fossil:egg_item_alligator_gar] was not realized!
[10Jan2026 02:46:30.769] [main/WARN] [dev.architectury.registry.registries.forge.RegistrarManagerImpl/]: Registry entry listened Registry Entry [minecraft:item / fossil:strider_dna] was not realized!
[10Jan2026 02:46:30.769] [main/WARN] [dev.architectury.registry.registries.forge.RegistrarManagerImpl/]: Registry entry listened Registry Entry [minecraft:item / fossil:bone_arm_psittacosaurus] was not realized!
[10Jan2026 02:46:30.770] [main/WARN] [dev.architectury.registry.registries.forge.RegistrarManagerImpl/]: Registry entry listened Registry Entry [minecraft:item / fossil:meganeura_dna] was not realized!
[10Jan2026 02:46:30.770] [main/WARN] [dev.architectury.registry.registries.forge.RegistrarManagerImpl/]: Registry entry listened Registry Entry [minecraft:item / fossil:cooked_citipati] was not realized!
[10Jan2026 02:46:30.770] [main/WARN] [dev.architectury.registry.registries.forge.RegistrarManagerImpl/]: Registry entry listened Registry Entry [minecraft:item / fossil:bone_arm_plesiosaurus] was not realized!
[10Jan2026 02:46:30.793] [main/DEBUG] [mixin/]: Mixing TagsProviderForgeMixin from puzzleslib.forge.mixins.json into net.minecraft.data.tags.TagsProvider
[10Jan2026 02:46:31.374] [main/DEBUG] [dev.architectury.core.item.ArchitecturySpawnEggItem/]: Registering spawn egg mimic_spawn_egg for artifacts:mimic
[10Jan2026 02:46:31.374] [main/WARN] [dev.architectury.registry.registries.forge.RegistrarManagerImpl/]: Registry entry listened Registry Entry [minecraft:entity_type / fossil:parasaurolophus] was not realized!
[10Jan2026 02:46:31.374] [main/WARN] [dev.architectury.registry.registries.forge.RegistrarManagerImpl/]: Registry entry listened Registry Entry [minecraft:entity_type / fossil:compsognathus] was not realized!
[10Jan2026 02:46:31.374] [main/WARN] [dev.architectury.registry.registries.forge.RegistrarManagerImpl/]: Registry entry listened Registry Entry [minecraft:entity_type / fossil:aquilolamna] was not realized!
[10Jan2026 02:46:31.374] [main/WARN] [dev.architectury.registry.registries.forge.RegistrarManagerImpl/]: Registry entry listened Registry Entry [minecraft:entity_type / fossil:diplodocus] was not realized!
[10Jan2026 02:46:31.374] [main/WARN] [dev.architectury.registry.registries.forge.RegistrarManagerImpl/]: Registry entry listened Registry Entry [minecraft:entity_type / fossil:dryosaurus] was not realized!
[10Jan2026 02:46:31.374] [main/WARN] [dev.architectury.registry.registries.forge.RegistrarManagerImpl/]: Registry entry listened Registry Entry [minecraft:entity_type / fossil:coelacanth] was not realized!
[10Jan2026 02:46:31.374] [main/WARN] [dev.architectury.registry.registries.forge.RegistrarManagerImpl/]: Registry entry listened Registry Entry [minecraft:entity_type / fossil:postosuchus] was not realized!
[10Jan2026 02:46:31.374] [main/WARN] [dev.architectury.registry.registries.forge.RegistrarManagerImpl/]: Registry entry listened Registry Entry [minecraft:entity_type / fossil:walliserops] was not realized!
[10Jan2026 02:46:31.374] [main/WARN] [dev.architectury.registry.registries.forge.RegistrarManagerImpl/]: Registry entry listened Registry Entry [minecraft:entity_type / fossil:megalograptus] was not realized!
[10Jan2026 02:46:31.375] [main/WARN] [dev.architectury.registry.registries.forge.RegistrarManagerImpl/]: Registry entry listened Registry Entry [minecraft:entity_type / fossil:allosaurus] was not realized!
[10Jan2026 02:46:31.375] [main/WARN] [dev.architectury.registry.registries.forge.RegistrarManagerImpl/]: Registry entry listened Registry Entry [minecraft:entity_type / fossil:liopleurodon] was not realized!
[10Jan2026 02:46:31.375] [main/WARN] [dev.architectury.registry.registries.forge.RegistrarManagerImpl/]: Registry entry listened Registry Entry [minecraft:entity_type / fossil:edaphosaurus] was not realized!
[10Jan2026 02:46:31.375] [main/WARN] [dev.architectury.registry.registries.forge.RegistrarManagerImpl/]: Registry entry listened Registry Entry [minecraft:entity_type / fossil:psittacosaurus] was not realized!
[10Jan2026 02:46:31.375] [main/WARN] [dev.architectury.registry.registries.forge.RegistrarManagerImpl/]: Registry entry listened Registry Entry [minecraft:entity_type / fossil:brachiosaurus] was not realized!
[10Jan2026 02:46:31.375] [main/WARN] [dev.architectury.registry.registries.forge.RegistrarManagerImpl/]: Registry entry listened Registry Entry [minecraft:entity_type / fossil:sarcosuchus] was not realized!
[10Jan2026 02:46:31.375] [main/WARN] [dev.architectury.registry.registries.forge.RegistrarManagerImpl/]: Registry entry listened Registry Entry [minecraft:entity_type / fossil:triceratops] was not realized!
[10Jan2026 02:46:31.375] [main/WARN] [dev.architectury.registry.registries.forge.RegistrarManagerImpl/]: Registry entry listened Registry Entry [minecraft:entity_type / fossil:smilodon] was not realized!
[10Jan2026 02:46:31.375] [main/WARN] [dev.architectury.registry.registries.forge.RegistrarManagerImpl/]: Registry entry listened Registry Entry [minecraft:entity_type / fossil:dimorphodon] was not realized!
[10Jan2026 02:46:31.375] [main/WARN] [dev.architectury.registry.registries.forge.RegistrarManagerImpl/]: Registry entry listened Registry Entry [minecraft:entity_type / fossil:failuresaurus] was not realized!
[10Jan2026 02:46:31.375] [main/WARN] [dev.architectury.registry.registries.forge.RegistrarManagerImpl/]: Registry entry listened Registry Entry [minecraft:entity_type / fossil:stegosaurus] was not realized!
[10Jan2026 02:46:31.375] [main/WARN] [dev.architectury.registry.registries.forge.RegistrarManagerImpl/]: Registry entry listened Registry Entry [minecraft:entity_type / fossil:citipati] was not realized!
[10Jan2026 02:46:31.375] [main/WARN] [dev.architectury.registry.registries.forge.RegistrarManagerImpl/]: Registry entry listened Registry Entry [minecraft:entity_type / fossil:tyrannosaurus] was not realized!
[10Jan2026 02:46:31.375] [main/WARN] [dev.architectury.registry.registries.forge.RegistrarManagerImpl/]: Registry entry listened Registry Entry [minecraft:entity_type / fossil:meganeura] was not realized!
[10Jan2026 02:46:31.376] [main/WARN] [dev.architectury.registry.registries.forge.RegistrarManagerImpl/]: Registry entry listened Registry Entry [minecraft:entity_type / fossil:dodo] was not realized!
[10Jan2026 02:46:31.376] [main/WARN] [dev.architectury.registry.registries.forge.RegistrarManagerImpl/]: Registry entry listened Registry Entry [minecraft:entity_type / fossil:gallimimus] was not realized!
[10Jan2026 02:46:31.376] [main/WARN] [dev.architectury.registry.registries.forge.RegistrarManagerImpl/]: Registry entry listened Registry Entry [minecraft:entity_type / fossil:titanis] was not realized!
[10Jan2026 02:46:31.376] [main/WARN] [dev.architectury.registry.registries.forge.RegistrarManagerImpl/]: Registry entry listened Registry Entry [minecraft:entity_type / fossil:velociraptor] was not realized!
[10Jan2026 02:46:31.376] [main/WARN] [dev.architectury.registry.registries.forge.RegistrarManagerImpl/]: Registry entry listened Registry Entry [minecraft:entity_type / fossil:ceratosaurus] was not realized!
[10Jan2026 02:46:31.376] [main/WARN] [dev.architectury.registry.registries.forge.RegistrarManagerImpl/]: Registry entry listened Registry Entry [minecraft:entity_type / fossil:scotoharpes] was not realized!
[10Jan2026 02:46:31.376] [main/WARN] [dev.architectury.registry.registries.forge.RegistrarManagerImpl/]: Registry entry listened Registry Entry [minecraft:entity_type / fossil:diplocaulus] was not realized!
[10Jan2026 02:46:31.376] [main/WARN] [dev.architectury.registry.registries.forge.RegistrarManagerImpl/]: Registry entry listened Registry Entry [minecraft:entity_type / fossil:spinosaurus] was not realized!
[10Jan2026 02:46:31.376] [main/WARN] [dev.architectury.registry.registries.forge.RegistrarManagerImpl/]: Registry entry listened Registry Entry [minecraft:entity_type / fossil:quetzalcoatlus] was not realized!
[10Jan2026 02:46:31.376] [main/WARN] [dev.architectury.registry.registries.forge.RegistrarManagerImpl/]: Registry entry listened Registry Entry [minecraft:entity_type / fossil:tiktaalik] was not realized!
[10Jan2026 02:46:31.376] [main/WARN] [dev.architectury.registry.registries.forge.RegistrarManagerImpl/]: Registry entry listened Registry Entry [minecraft:entity_type / fossil:dilophosaurus] was not realized!
[10Jan2026 02:46:31.377] [main/WARN] [dev.architectury.registry.registries.forge.RegistrarManagerImpl/]: Registry entry listened Registry Entry [minecraft:entity_type / fossil:megaloceros] was not realized!
[10Jan2026 02:46:31.377] [main/WARN] [dev.architectury.registry.registries.forge.RegistrarManagerImpl/]: Registry entry listened Registry Entry [minecraft:entity_type / fossil:pachycephalosaurus] was not realized!
[10Jan2026 02:46:31.377] [main/WARN] [dev.architectury.registry.registries.forge.RegistrarManagerImpl/]: Registry entry listened Registry Entry [minecraft:entity_type / fossil:tar_slime] was not realized!
[10Jan2026 02:46:31.377] [main/WARN] [dev.architectury.registry.registries.forge.RegistrarManagerImpl/]: Registry entry listened Registry Entry [minecraft:entity_type / fossil:pteranodon] was not realized!
[10Jan2026 02:46:31.377] [main/WARN] [dev.architectury.registry.registries.forge.RegistrarManagerImpl/]: Registry entry listened Registry Entry [minecraft:entity_type / fossil:deinonychus] was not realized!
[10Jan2026 02:46:31.377] [main/WARN] [dev.architectury.registry.registries.forge.RegistrarManagerImpl/]: Registry entry listened Registry Entry [minecraft:entity_type / fossil:crassigyrinus] was not realized!
[10Jan2026 02:46:31.377] [main/WARN] [dev.architectury.registry.registries.forge.RegistrarManagerImpl/]: Registry entry listened Registry Entry [minecraft:entity_type / fossil:arthropleura] was not realized!
[10Jan2026 02:46:31.377] [main/WARN] [dev.architectury.registry.registries.forge.RegistrarManagerImpl/]: Registry entry listened Registry Entry [minecraft:entity_type / fossil:lonchodomas] was not realized!
[10Jan2026 02:46:31.377] [main/WARN] [dev.architectury.registry.registries.forge.RegistrarManagerImpl/]: Registry entry listened Registry Entry [minecraft:entity_type / fossil:mosasaurus] was not realized!
[10Jan2026 02:46:31.377] [main/WARN] [dev.architectury.registry.registries.forge.RegistrarManagerImpl/]: Registry entry listened Registry Entry [minecraft:entity_type / fossil:quagga] was not realized!
[10Jan2026 02:46:31.377] [main/WARN] [dev.architectury.registry.registries.forge.RegistrarManagerImpl/]: Registry entry listened Registry Entry [minecraft:entity_type / fossil:ichthyosaurus] was not realized!
[10Jan2026 02:46:31.377] [main/WARN] [dev.architectury.registry.registries.forge.RegistrarManagerImpl/]: Registry entry listened Registry Entry [minecraft:entity_type / fossil:platybelodon] was not realized!
[10Jan2026 02:46:31.377] [main/WARN] [dev.architectury.registry.registries.forge.RegistrarManagerImpl/]: Registry entry listened Registry Entry [minecraft:entity_type / fossil:phorusrhacos] was not realized!
[10Jan2026 02:46:31.377] [main/WARN] [dev.architectury.registry.registries.forge.RegistrarManagerImpl/]: Registry entry listened Registry Entry [minecraft:entity_type / fossil:plesiosaurus] was not realized!
[10Jan2026 02:46:31.377] [main/WARN] [dev.architectury.registry.registries.forge.RegistrarManagerImpl/]: Registry entry listened Registry Entry [minecraft:entity_type / fossil:sturgeon] was not realized!
[10Jan2026 02:46:31.377] [main/WARN] [dev.architectury.registry.registries.forge.RegistrarManagerImpl/]: Registry entry listened Registry Entry [minecraft:entity_type / fossil:sentry_piglin] was not realized!
[10Jan2026 02:46:31.378] [main/WARN] [dev.architectury.registry.registries.forge.RegistrarManagerImpl/]: Registry entry listened Registry Entry [minecraft:entity_type / fossil:nautilus] was not realized!
[10Jan2026 02:46:31.378] [main/WARN] [dev.architectury.registry.registries.forge.RegistrarManagerImpl/]: Registry entry listened Registry Entry [minecraft:entity_type / fossil:henodus] was not realized!
[10Jan2026 02:46:31.378] [main/WARN] [dev.architectury.registry.registries.forge.RegistrarManagerImpl/]: Registry entry listened Registry Entry [minecraft:entity_type / fossil:mammoth] was not realized!
[10Jan2026 02:46:31.378] [main/WARN] [dev.architectury.registry.registries.forge.RegistrarManagerImpl/]: Registry entry listened Registry Entry [minecraft:entity_type / fossil:kelenken] was not realized!
[10Jan2026 02:46:31.378] [main/WARN] [dev.architectury.registry.registries.forge.RegistrarManagerImpl/]: Registry entry listened Registry Entry [minecraft:entity_type / fossil:protoceratops] was not realized!
[10Jan2026 02:46:31.378] [main/WARN] [dev.architectury.registry.registries.forge.RegistrarManagerImpl/]: Registry entry listened Registry Entry [minecraft:entity_type / fossil:megalania] was not realized!
[10Jan2026 02:46:31.378] [main/WARN] [dev.architectury.registry.registries.forge.RegistrarManagerImpl/]: Registry entry listened Registry Entry [minecraft:entity_type / fossil:ornitholestes] was not realized!
[10Jan2026 02:46:31.378] [main/WARN] [dev.architectury.registry.registries.forge.RegistrarManagerImpl/]: Registry entry listened Registry Entry [minecraft:entity_type / fossil:megalodon] was not realized!
[10Jan2026 02:46:31.378] [main/WARN] [dev.architectury.registry.registries.forge.RegistrarManagerImpl/]: Registry entry listened Registry Entry [minecraft:entity_type / fossil:alligator_gar] was not realized!
[10Jan2026 02:46:31.378] [main/WARN] [dev.architectury.registry.registries.forge.RegistrarManagerImpl/]: Registry entry listened Registry Entry [minecraft:entity_type / fossil:gastornis] was not realized!
[10Jan2026 02:46:31.378] [main/WARN] [dev.architectury.registry.registries.forge.RegistrarManagerImpl/]: Registry entry listened Registry Entry [minecraft:entity_type / fossil:anu_boss] was not realized!
[10Jan2026 02:46:31.378] [main/WARN] [dev.architectury.registry.registries.forge.RegistrarManagerImpl/]: Registry entry listened Registry Entry [minecraft:entity_type / fossil:dicranurus] was not realized!
[10Jan2026 02:46:31.378] [main/WARN] [dev.architectury.registry.registries.forge.RegistrarManagerImpl/]: Registry entry listened Registry Entry [minecraft:entity_type / fossil:therizinosaurus] was not realized!
[10Jan2026 02:46:31.378] [main/WARN] [dev.architectury.registry.registries.forge.RegistrarManagerImpl/]: Registry entry listened Registry Entry [minecraft:entity_type / fossil:elasmotherium] was not realized!
[10Jan2026 02:46:31.379] [main/WARN] [dev.architectury.registry.registries.forge.RegistrarManagerImpl/]: Registry entry listened Registry Entry [minecraft:entity_type / fossil:confuciusornis] was not realized!
[10Jan2026 02:46:31.379] [main/WARN] [dev.architectury.registry.registries.forge.RegistrarManagerImpl/]: Registry entry listened Registry Entry [minecraft:entity_type / fossil:pachyrhinosaurus] was not realized!
[10Jan2026 02:46:31.379] [main/WARN] [dev.architectury.registry.registries.forge.RegistrarManagerImpl/]: Registry entry listened Registry Entry [minecraft:entity_type / fossil:ankylosaurus] was not realized!
[10Jan2026 02:46:31.379] [main/WARN] [dev.architectury.registry.registries.forge.RegistrarManagerImpl/]: Registry entry listened Registry Entry [minecraft:entity_type / fossil:dimetrodon] was not realized!
[10Jan2026 02:46:31.404] [main/DEBUG] [dev.architectury.core.item.ArchitecturySpawnEggItem/]: Registering spawn egg spawn_egg_alligator_gar for fossil:alligator_gar
[10Jan2026 02:46:31.404] [main/DEBUG] [dev.architectury.core.item.ArchitecturySpawnEggItem/]: Registering spawn egg spawn_egg_allosaurus for fossil:allosaurus
[10Jan2026 02:46:31.404] [main/DEBUG] [dev.architectury.core.item.ArchitecturySpawnEggItem/]: Registering spawn egg spawn_egg_ankylosaurus for fossil:ankylosaurus
[10Jan2026 02:46:31.404] [main/DEBUG] [dev.architectury.core.item.ArchitecturySpawnEggItem/]: Registering spawn egg spawn_egg_aquilolamna for fossil:aquilolamna
[10Jan2026 02:46:31.404] [main/DEBUG] [dev.architectury.core.item.ArchitecturySpawnEggItem/]: Registering spawn egg spawn_egg_arthropleura for fossil:arthropleura
[10Jan2026 02:46:31.404] [main/DEBUG] [dev.architectury.core.item.ArchitecturySpawnEggItem/]: Registering spawn egg spawn_egg_brachiosaurus for fossil:brachiosaurus
[10Jan2026 02:46:31.405] [main/DEBUG] [dev.architectury.core.item.ArchitecturySpawnEggItem/]: Registering spawn egg spawn_egg_ceratosaurus for fossil:ceratosaurus
[10Jan2026 02:46:31.405] [main/DEBUG] [dev.architectury.core.item.ArchitecturySpawnEggItem/]: Registering spawn egg spawn_egg_citipati for fossil:citipati
[10Jan2026 02:46:31.405] [main/DEBUG] [dev.architectury.core.item.ArchitecturySpawnEggItem/]: Registering spawn egg spawn_egg_coelacanth for fossil:coelacanth
[10Jan2026 02:46:31.405] [main/DEBUG] [dev.architectury.core.item.ArchitecturySpawnEggItem/]: Registering spawn egg spawn_egg_compsognathus for fossil:compsognathus
[10Jan2026 02:46:31.405] [main/DEBUG] [dev.architectury.core.item.ArchitecturySpawnEggItem/]: Registering spawn egg spawn_egg_confuciusornis for fossil:confuciusornis
[10Jan2026 02:46:31.405] [main/DEBUG] [dev.architectury.core.item.ArchitecturySpawnEggItem/]: Registering spawn egg spawn_egg_crassigyrinus for fossil:crassigyrinus
[10Jan2026 02:46:31.405] [main/DEBUG] [dev.architectury.core.item.ArchitecturySpawnEggItem/]: Registering spawn egg spawn_egg_deinonychus for fossil:deinonychus
[10Jan2026 02:46:31.405] [main/DEBUG] [dev.architectury.core.item.ArchitecturySpawnEggItem/]: Registering spawn egg spawn_egg_dilophosaurus for fossil:dilophosaurus
[10Jan2026 02:46:31.405] [main/DEBUG] [dev.architectury.core.item.ArchitecturySpawnEggItem/]: Registering spawn egg spawn_egg_dimetrodon for fossil:dimetrodon
[10Jan2026 02:46:31.405] [main/DEBUG] [dev.architectury.core.item.ArchitecturySpawnEggItem/]: Registering spawn egg spawn_egg_dimorphodon for fossil:dimorphodon
[10Jan2026 02:46:31.405] [main/DEBUG] [dev.architectury.core.item.ArchitecturySpawnEggItem/]: Registering spawn egg spawn_egg_diplocaulus for fossil:diplocaulus
[10Jan2026 02:46:31.405] [main/DEBUG] [dev.architectury.core.item.ArchitecturySpawnEggItem/]: Registering spawn egg spawn_egg_diplodocus for fossil:diplodocus
[10Jan2026 02:46:31.405] [main/DEBUG] [dev.architectury.core.item.ArchitecturySpawnEggItem/]: Registering spawn egg spawn_egg_dodo for fossil:dodo
[10Jan2026 02:46:31.405] [main/DEBUG] [dev.architectury.core.item.ArchitecturySpawnEggItem/]: Registering spawn egg spawn_egg_dryosaurus for fossil:dryosaurus
[10Jan2026 02:46:31.405] [main/DEBUG] [dev.architectury.core.item.ArchitecturySpawnEggItem/]: Registering spawn egg spawn_egg_edaphosaurus for fossil:edaphosaurus
[10Jan2026 02:46:31.405] [main/DEBUG] [dev.architectury.core.item.ArchitecturySpawnEggItem/]: Registering spawn egg spawn_egg_elasmotherium for fossil:elasmotherium
[10Jan2026 02:46:31.405] [main/DEBUG] [dev.architectury.core.item.ArchitecturySpawnEggItem/]: Registering spawn egg spawn_egg_gallimimus for fossil:gallimimus
[10Jan2026 02:46:31.405] [main/DEBUG] [dev.architectury.core.item.ArchitecturySpawnEggItem/]: Registering spawn egg spawn_egg_gastornis for fossil:gastornis
[10Jan2026 02:46:31.405] [main/DEBUG] [dev.architectury.core.item.ArchitecturySpawnEggItem/]: Registering spawn egg spawn_egg_henodus for fossil:henodus
[10Jan2026 02:46:31.406] [main/DEBUG] [dev.architectury.core.item.ArchitecturySpawnEggItem/]: Registering spawn egg spawn_egg_ichthyosaurus for fossil:ichthyosaurus
[10Jan2026 02:46:31.406] [main/DEBUG] [dev.architectury.core.item.ArchitecturySpawnEggItem/]: Registering spawn egg spawn_egg_kelenken for fossil:kelenken
[10Jan2026 02:46:31.406] [main/DEBUG] [dev.architectury.core.item.ArchitecturySpawnEggItem/]: Registering spawn egg spawn_egg_liopleurodon for fossil:liopleurodon
[10Jan2026 02:46:31.406] [main/DEBUG] [dev.architectury.core.item.ArchitecturySpawnEggItem/]: Registering spawn egg spawn_egg_mammoth for fossil:mammoth
[10Jan2026 02:46:31.406] [main/DEBUG] [dev.architectury.core.item.ArchitecturySpawnEggItem/]: Registering spawn egg spawn_egg_megalania for fossil:megalania
[10Jan2026 02:46:31.406] [main/DEBUG] [dev.architectury.core.item.ArchitecturySpawnEggItem/]: Registering spawn egg spawn_egg_megaloceros for fossil:megaloceros
[10Jan2026 02:46:31.406] [main/DEBUG] [dev.architectury.core.item.ArchitecturySpawnEggItem/]: Registering spawn egg spawn_egg_megalodon for fossil:megalodon
[10Jan2026 02:46:31.406] [main/DEBUG] [dev.architectury.core.item.ArchitecturySpawnEggItem/]: Registering spawn egg spawn_egg_megalograptus for fossil:megalograptus
[10Jan2026 02:46:31.406] [main/DEBUG] [dev.architectury.core.item.ArchitecturySpawnEggItem/]: Registering spawn egg spawn_egg_meganeura for fossil:meganeura
[10Jan2026 02:46:31.406] [main/DEBUG] [dev.architectury.core.item.ArchitecturySpawnEggItem/]: Registering spawn egg spawn_egg_mosasaurus for fossil:mosasaurus
[10Jan2026 02:46:31.406] [main/DEBUG] [dev.architectury.core.item.ArchitecturySpawnEggItem/]: Registering spawn egg spawn_egg_nautilus for fossil:nautilus
[10Jan2026 02:46:31.406] [main/DEBUG] [dev.architectury.core.item.ArchitecturySpawnEggItem/]: Registering spawn egg spawn_egg_ornitholestes for fossil:ornitholestes
[10Jan2026 02:46:31.406] [main/DEBUG] [dev.architectury.core.item.ArchitecturySpawnEggItem/]: Registering spawn egg spawn_egg_pachycephalosaurus for fossil:pachycephalosaurus
[10Jan2026 02:46:31.406] [main/DEBUG] [dev.architectury.core.item.ArchitecturySpawnEggItem/]: Registering spawn egg spawn_egg_pachyrhinosaurus for fossil:pachyrhinosaurus
[10Jan2026 02:46:31.406] [main/DEBUG] [dev.architectury.core.item.ArchitecturySpawnEggItem/]: Registering spawn egg spawn_egg_parasaurolophus for fossil:parasaurolophus
[10Jan2026 02:46:31.406] [main/DEBUG] [dev.architectury.core.item.ArchitecturySpawnEggItem/]: Registering spawn egg spawn_egg_phorusrhacos for fossil:phorusrhacos
[10Jan2026 02:46:31.406] [main/DEBUG] [dev.architectury.core.item.ArchitecturySpawnEggItem/]: Registering spawn egg spawn_egg_platybelodon for fossil:platybelodon
[10Jan2026 02:46:31.406] [main/DEBUG] [dev.architectury.core.item.ArchitecturySpawnEggItem/]: Registering spawn egg spawn_egg_plesiosaurus for fossil:plesiosaurus
[10Jan2026 02:46:31.406] [main/DEBUG] [dev.architectury.core.item.ArchitecturySpawnEggItem/]: Registering spawn egg spawn_egg_postosuchus for fossil:postosuchus
[10Jan2026 02:46:31.407] [main/DEBUG] [dev.architectury.core.item.ArchitecturySpawnEggItem/]: Registering spawn egg spawn_egg_protoceratops for fossil:protoceratops
[10Jan2026 02:46:31.407] [main/DEBUG] [dev.architectury.core.item.ArchitecturySpawnEggItem/]: Registering spawn egg spawn_egg_psittacosaurus for fossil:psittacosaurus
[10Jan2026 02:46:31.407] [main/DEBUG] [dev.architectury.core.item.ArchitecturySpawnEggItem/]: Registering spawn egg spawn_egg_pteranodon for fossil:pteranodon
[10Jan2026 02:46:31.407] [main/DEBUG] [dev.architectury.core.item.ArchitecturySpawnEggItem/]: Registering spawn egg spawn_egg_quagga for fossil:quagga
[10Jan2026 02:46:31.407] [main/DEBUG] [dev.architectury.core.item.ArchitecturySpawnEggItem/]: Registering spawn egg spawn_egg_quetzalcoatlus for fossil:quetzalcoatlus
[10Jan2026 02:46:31.407] [main/DEBUG] [dev.architectury.core.item.ArchitecturySpawnEggItem/]: Registering spawn egg spawn_egg_sarcosuchus for fossil:sarcosuchus
[10Jan2026 02:46:31.407] [main/DEBUG] [dev.architectury.core.item.ArchitecturySpawnEggItem/]: Registering spawn egg spawn_egg_smilodon for fossil:smilodon
[10Jan2026 02:46:31.407] [main/DEBUG] [dev.architectury.core.item.ArchitecturySpawnEggItem/]: Registering spawn egg spawn_egg_spinosaurus for fossil:spinosaurus
[10Jan2026 02:46:31.407] [main/DEBUG] [dev.architectury.core.item.ArchitecturySpawnEggItem/]: Registering spawn egg spawn_egg_stegosaurus for fossil:stegosaurus
[10Jan2026 02:46:31.407] [main/DEBUG] [dev.architectury.core.item.ArchitecturySpawnEggItem/]: Registering spawn egg spawn_egg_sturgeon for fossil:sturgeon
[10Jan2026 02:46:31.407] [main/DEBUG] [dev.architectury.core.item.ArchitecturySpawnEggItem/]: Registering spawn egg spawn_egg_therizinosaurus for fossil:therizinosaurus
[10Jan2026 02:46:31.407] [main/DEBUG] [dev.architectury.core.item.ArchitecturySpawnEggItem/]: Registering spawn egg spawn_egg_tiktaalik for fossil:tiktaalik
[10Jan2026 02:46:31.407] [main/DEBUG] [dev.architectury.core.item.ArchitecturySpawnEggItem/]: Registering spawn egg spawn_egg_titanis for fossil:titanis
[10Jan2026 02:46:31.407] [main/DEBUG] [dev.architectury.core.item.ArchitecturySpawnEggItem/]: Registering spawn egg spawn_egg_triceratops for fossil:triceratops
[10Jan2026 02:46:31.407] [main/DEBUG] [dev.architectury.core.item.ArchitecturySpawnEggItem/]: Registering spawn egg spawn_egg_tyrannosaurus for fossil:tyrannosaurus
[10Jan2026 02:46:31.408] [main/DEBUG] [dev.architectury.core.item.ArchitecturySpawnEggItem/]: Registering spawn egg spawn_egg_velociraptor for fossil:velociraptor
[10Jan2026 02:46:31.408] [main/DEBUG] [dev.architectury.core.item.ArchitecturySpawnEggItem/]: Registering spawn egg spawn_egg_dicranurus for fossil:dicranurus
[10Jan2026 02:46:31.408] [main/DEBUG] [dev.architectury.core.item.ArchitecturySpawnEggItem/]: Registering spawn egg spawn_egg_lonchodomas for fossil:lonchodomas
[10Jan2026 02:46:31.408] [main/DEBUG] [dev.architectury.core.item.ArchitecturySpawnEggItem/]: Registering spawn egg spawn_egg_scotoharpes for fossil:scotoharpes
[10Jan2026 02:46:31.408] [main/DEBUG] [dev.architectury.core.item.ArchitecturySpawnEggItem/]: Registering spawn egg spawn_egg_walliserops for fossil:walliserops
[10Jan2026 02:46:31.408] [main/DEBUG] [dev.architectury.core.item.ArchitecturySpawnEggItem/]: Registering spawn egg spawn_egg_failuresaurus for fossil:failuresaurus
[10Jan2026 02:46:31.409] [main/DEBUG] [dev.architectury.core.item.ArchitecturySpawnEggItem/]: Registering spawn egg spawn_egg_tar_slime for fossil:tar_slime
[10Jan2026 02:46:31.409] [main/DEBUG] [dev.architectury.core.item.ArchitecturySpawnEggItem/]: Registering spawn egg spawn_egg_anu_boss for fossil:anu_boss
[10Jan2026 02:46:31.409] [main/DEBUG] [dev.architectury.core.item.ArchitecturySpawnEggItem/]: Registering spawn egg spawn_egg_sentry_piglin for fossil:sentry_piglin
[10Jan2026 02:46:31.455] [main/DEBUG] [mixin/]: Mixing perf.dynamic_dfu.DataFixersMixin from modernfix-common.mixins.json into net.minecraft.util.datafix.DataFixers
[10Jan2026 02:46:31.455] [main/DEBUG] [mixin/]: Renaming synthetic method lambda$createLazyFixerUpper$0(Ljava/util/Set;)Lcom/mojang/datafixers/DataFixer; to mda58a52$lambda$createLazyFixerUpper$0$0 in modernfix-common.mixins.json:perf.dynamic_dfu.DataFixersMixin
[10Jan2026 02:46:31.546] [main/INFO] [ModernFix/]: Bypassed Mojang DFU
[10Jan2026 02:46:31.546] [main/INFO] [ModernFix/]: Instantiating Mojang DFU
[10Jan2026 02:46:32.602] [main/DEBUG] [mixin/]: Mixing common.access.item.AccessIngredientTagValue from crafttweaker.mixins.json into net.minecraft.world.item.crafting.Ingredient$TagValue
[10Jan2026 02:46:32.602] [main/DEBUG] [mixin/]: Mixing common.transform.item.MixinIngredientTagValue from crafttweaker.mixins.json into net.minecraft.world.item.crafting.Ingredient$TagValue
[10Jan2026 02:46:32.602] [main/DEBUG] [mixin/]: Renaming synthetic method lambda$crafttweaker$injectTags$1(Ljava/util/Map;)Ljava/util/Collection; to mda58a52$lambda$crafttweaker$injectTags$1$0 in crafttweaker.mixins.json:common.transform.item.MixinIngredientTagValue
[10Jan2026 02:46:32.603] [main/DEBUG] [mixin/]: Renaming synthetic method lambda$crafttweaker$injectTags$0(Lnet/minecraft/tags/TagManager$LoadResult;)Z to mda58a52$lambda$crafttweaker$injectTags$0$1 in crafttweaker.mixins.json:common.transform.item.MixinIngredientTagValue
[10Jan2026 02:46:32.934] [main/DEBUG] [mixin/]: Mixing perf.faster_ingredients.ForgeHooksMixin from modernfix-forge.mixins.json into net.minecraftforge.common.ForgeHooks
[10Jan2026 02:46:32.935] [main/DEBUG] [mixin/]: Mixing ForgeHooksMixin from tombstone.mixins.json into net.minecraftforge.common.ForgeHooks
[10Jan2026 02:46:32.972] [main/DEBUG] [mixin/]: Mixing SpawnRestrictionAccessor from graveyard-common.mixins.json into net.minecraft.world.entity.SpawnPlacements
[10Jan2026 02:46:32.973] [main/DEBUG] [mixin/]: Renaming @Invoker method callRegister(Lnet/minecraft/world/entity/EntityType;Lnet/minecraft/world/entity/SpawnPlacements$Type;Lnet/minecraft/world/level/levelgen/Heightmap$Types;Lnet/minecraft/world/entity/SpawnPlacements$SpawnPredicate;)V to callRegister_$md$a58a52$0 in graveyard-common.mixins.json:SpawnRestrictionAccessor
[10Jan2026 02:46:33.020] [main/DEBUG] [io.netty.util.internal.InternalThreadLocalMap/]: -Dio.netty.threadLocalMap.stringBuilder.initialSize: 1024
[10Jan2026 02:46:33.021] [main/DEBUG] [io.netty.util.internal.InternalThreadLocalMap/]: -Dio.netty.threadLocalMap.stringBuilder.maxSize: 4096
[10Jan2026 02:46:33.021] [main/DEBUG] [io.netty.util.internal.ThreadLocalRandom/]: -Dio.netty.initialSeedUniquifier: 0x6f0d31bf38d0a2c7
[10Jan2026 02:46:33.034] [main/WARN] [net.minecraft.network.syncher.SynchedEntityData/]: defineId called for: class net.mcreator.borninchaosv.entity.BabySpiderEntity from class net.mcreator.borninchaosv.entity.MotherSpiderEntity
[10Jan2026 02:46:33.265] [main/DEBUG] [net.minecraftforge.fml.config.ConfigTracker/CONFIG]: Loading configs type COMMON
[10Jan2026 02:46:33.265] [main/DEBUG] [net.minecraftforge.fml.config.ConfigFileTypeHandler/CONFIG]: Built TOML config for /workspaces/Servy/servidor_minecraft/config/treechop-common.toml
[10Jan2026 02:46:33.266] [main/DEBUG] [net.minecraftforge.fml.config.ConfigFileTypeHandler/CONFIG]: Loaded TOML config file /workspaces/Servy/servidor_minecraft/config/treechop-common.toml
[10Jan2026 02:46:33.270] [main/DEBUG] [net.minecraftforge.fml.config.ConfigFileTypeHandler/CONFIG]: Watching TOML config file /workspaces/Servy/servidor_minecraft/config/treechop-common.toml for changes
[10Jan2026 02:46:33.274] [main/DEBUG] [net.minecraftforge.fml.config.ConfigFileTypeHandler/CONFIG]: Built TOML config for /workspaces/Servy/servidor_minecraft/config/modernfix-common.toml
[10Jan2026 02:46:33.274] [main/DEBUG] [net.minecraftforge.fml.config.ConfigFileTypeHandler/CONFIG]: Loaded TOML config file /workspaces/Servy/servidor_minecraft/config/modernfix-common.toml
[10Jan2026 02:46:33.274] [main/DEBUG] [net.minecraftforge.fml.config.ConfigFileTypeHandler/CONFIG]: Watching TOML config file /workspaces/Servy/servidor_minecraft/config/modernfix-common.toml for changes
[10Jan2026 02:46:33.274] [main/DEBUG] [net.minecraftforge.fml.config.ConfigFileTypeHandler/CONFIG]: Built TOML config for /workspaces/Servy/servidor_minecraft/config/citadel-common.toml
[10Jan2026 02:46:33.275] [main/DEBUG] [net.minecraftforge.fml.config.ConfigFileTypeHandler/CONFIG]: Loaded TOML config file /workspaces/Servy/servidor_minecraft/config/citadel-common.toml
[10Jan2026 02:46:33.275] [main/DEBUG] [net.minecraftforge.fml.config.ConfigFileTypeHandler/CONFIG]: Watching TOML config file /workspaces/Servy/servidor_minecraft/config/citadel-common.toml for changes
[10Jan2026 02:46:33.275] [main/DEBUG] [net.minecraftforge.fml.config.ConfigFileTypeHandler/CONFIG]: Built TOML config for /workspaces/Servy/servidor_minecraft/config/waystones-common.toml
[10Jan2026 02:46:33.276] [main/DEBUG] [net.minecraftforge.fml.config.ConfigFileTypeHandler/CONFIG]: Loaded TOML config file /workspaces/Servy/servidor_minecraft/config/waystones-common.toml
[10Jan2026 02:46:33.276] [main/DEBUG] [net.minecraftforge.fml.config.ConfigFileTypeHandler/CONFIG]: Watching TOML config file /workspaces/Servy/servidor_minecraft/config/waystones-common.toml for changes
[10Jan2026 02:46:33.281] [main/DEBUG] [net.minecraftforge.fml.config.ConfigFileTypeHandler/CONFIG]: Built TOML config for /workspaces/Servy/servidor_minecraft/config/uniquedungeons-city_snow_config.toml
[10Jan2026 02:46:33.281] [main/DEBUG] [net.minecraftforge.fml.config.ConfigFileTypeHandler/CONFIG]: Loaded TOML config file /workspaces/Servy/servidor_minecraft/config/uniquedungeons-city_snow_config.toml
[10Jan2026 02:46:33.281] [main/DEBUG] [net.minecraftforge.fml.config.ConfigFileTypeHandler/CONFIG]: Watching TOML config file /workspaces/Servy/servidor_minecraft/config/uniquedungeons-city_snow_config.toml for changes
[10Jan2026 02:46:33.282] [main/DEBUG] [net.minecraftforge.fml.config.ConfigFileTypeHandler/CONFIG]: Built TOML config for /workspaces/Servy/servidor_minecraft/config/uniquedungeons-desert_dungeon_config.toml
[10Jan2026 02:46:33.283] [main/DEBUG] [net.minecraftforge.fml.config.ConfigFileTypeHandler/CONFIG]: Loaded TOML config file /workspaces/Servy/servidor_minecraft/config/uniquedungeons-desert_dungeon_config.toml
[10Jan2026 02:46:33.283] [main/DEBUG] [net.minecraftforge.fml.config.ConfigFileTypeHandler/CONFIG]: Watching TOML config file /workspaces/Servy/servidor_minecraft/config/uniquedungeons-desert_dungeon_config.toml for changes
[10Jan2026 02:46:33.283] [main/DEBUG] [net.minecraftforge.fml.config.ConfigFileTypeHandler/CONFIG]: Built TOML config for /workspaces/Servy/servidor_minecraft/config/travelersbackpack-common.toml
[10Jan2026 02:46:33.283] [main/DEBUG] [net.minecraftforge.fml.config.ConfigFileTypeHandler/CONFIG]: Loaded TOML config file /workspaces/Servy/servidor_minecraft/config/travelersbackpack-common.toml
[10Jan2026 02:46:33.284] [main/DEBUG] [net.minecraftforge.fml.config.ConfigFileTypeHandler/CONFIG]: Watching TOML config file /workspaces/Servy/servidor_minecraft/config/travelersbackpack-common.toml for changes
[10Jan2026 02:46:33.284] [main/DEBUG] [net.minecraftforge.fml.config.ConfigFileTypeHandler/CONFIG]: Built TOML config for /workspaces/Servy/servidor_minecraft/config/alexsmobs.toml
[10Jan2026 02:46:33.287] [main/DEBUG] [net.minecraftforge.fml.config.ConfigFileTypeHandler/CONFIG]: Loaded TOML config file /workspaces/Servy/servidor_minecraft/config/alexsmobs.toml
[10Jan2026 02:46:33.287] [main/DEBUG] [net.minecraftforge.fml.config.ConfigFileTypeHandler/CONFIG]: Watching TOML config file /workspaces/Servy/servidor_minecraft/config/alexsmobs.toml for changes
[10Jan2026 02:46:33.325] [main/DEBUG] [net.minecraftforge.fml.config.ConfigFileTypeHandler/CONFIG]: Built TOML config for /workspaces/Servy/servidor_minecraft/config/twilightforest-common.toml
[10Jan2026 02:46:33.325] [main/DEBUG] [net.minecraftforge.fml.config.ConfigFileTypeHandler/CONFIG]: Loaded TOML config file /workspaces/Servy/servidor_minecraft/config/twilightforest-common.toml
[10Jan2026 02:46:33.326] [main/DEBUG] [net.minecraftforge.fml.config.ConfigFileTypeHandler/CONFIG]: Watching TOML config file /workspaces/Servy/servidor_minecraft/config/twilightforest-common.toml for changes
[10Jan2026 02:46:33.327] [main/DEBUG] [net.minecraftforge.fml.config.ConfigFileTypeHandler/CONFIG]: Built TOML config for /workspaces/Servy/servidor_minecraft/config/tconstruct-common.toml
[10Jan2026 02:46:33.327] [main/DEBUG] [net.minecraftforge.fml.config.ConfigFileTypeHandler/CONFIG]: Loaded TOML config file /workspaces/Servy/servidor_minecraft/config/tconstruct-common.toml
[10Jan2026 02:46:33.327] [main/DEBUG] [net.minecraftforge.fml.config.ConfigFileTypeHandler/CONFIG]: Watching TOML config file /workspaces/Servy/servidor_minecraft/config/tconstruct-common.toml for changes
[10Jan2026 02:46:33.328] [main/DEBUG] [net.minecraftforge.fml.config.ConfigFileTypeHandler/CONFIG]: Built TOML config for /workspaces/Servy/servidor_minecraft/config/borninconfiguration-general.toml
[10Jan2026 02:46:33.332] [main/DEBUG] [net.minecraftforge.fml.config.ConfigFileTypeHandler/CONFIG]: Loaded TOML config file /workspaces/Servy/servidor_minecraft/config/borninconfiguration-general.toml
[10Jan2026 02:46:33.332] [main/DEBUG] [net.minecraftforge.fml.config.ConfigFileTypeHandler/CONFIG]: Watching TOML config file /workspaces/Servy/servidor_minecraft/config/borninconfiguration-general.toml for changes
[10Jan2026 02:46:33.338] [main/DEBUG] [net.minecraftforge.fml.config.ConfigFileTypeHandler/CONFIG]: Built TOML config for /workspaces/Servy/servidor_minecraft/config/curios-common.toml
[10Jan2026 02:46:33.338] [main/DEBUG] [net.minecraftforge.fml.config.ConfigFileTypeHandler/CONFIG]: Loaded TOML config file /workspaces/Servy/servidor_minecraft/config/curios-common.toml
[10Jan2026 02:46:33.339] [main/DEBUG] [net.minecraftforge.fml.config.ConfigFileTypeHandler/CONFIG]: Watching TOML config file /workspaces/Servy/servidor_minecraft/config/curios-common.toml for changes
[10Jan2026 02:46:33.339] [main/DEBUG] [net.minecraftforge.fml.config.ConfigFileTypeHandler/CONFIG]: Built TOML config for /workspaces/Servy/servidor_minecraft/config/tombstone-common.toml
[10Jan2026 02:46:33.340] [main/DEBUG] [net.minecraftforge.fml.config.ConfigFileTypeHandler/CONFIG]: Loaded TOML config file /workspaces/Servy/servidor_minecraft/config/tombstone-common.toml
[10Jan2026 02:46:33.340] [main/DEBUG] [net.minecraftforge.fml.config.ConfigFileTypeHandler/CONFIG]: Watching TOML config file /workspaces/Servy/servidor_minecraft/config/tombstone-common.toml for changes
[10Jan2026 02:46:33.342] [main/DEBUG] [net.minecraftforge.fml.config.ConfigFileTypeHandler/CONFIG]: Built TOML config for /workspaces/Servy/servidor_minecraft/config/fossil-common.toml
[10Jan2026 02:46:33.342] [main/DEBUG] [net.minecraftforge.fml.config.ConfigFileTypeHandler/CONFIG]: Loaded TOML config file /workspaces/Servy/servidor_minecraft/config/fossil-common.toml
[10Jan2026 02:46:33.342] [main/DEBUG] [net.minecraftforge.fml.config.ConfigFileTypeHandler/CONFIG]: Watching TOML config file /workspaces/Servy/servidor_minecraft/config/fossil-common.toml for changes
[10Jan2026 02:46:33.494] [modloading-worker-0/INFO] [com.becks.uniquedungeons.UniqueDungeons/]: HELLO FROM COMMON SETUP
[10Jan2026 02:46:33.494] [modloading-worker-0/INFO] [com.becks.uniquedungeons.UniqueDungeons/]: DIRT BLOCK >> minecraft:dirt
[10Jan2026 02:46:33.512] [Forge Version Check/INFO] [net.minecraftforge.fml.VersionChecker/]: [reap] Starting version check at https://maxhenkel.de/update/reap.json
[10Jan2026 02:46:33.536] [modloading-worker-0/DEBUG] [ModernFix/]: Cleared 6337 object holder stacktrace references
[10Jan2026 02:46:33.571] [modloading-worker-0/DEBUG] [mixin/]: Mixing MixinSlotAttribute from curios.mixins.json into top.theillusivec4.curios.api.SlotAttribute
[10Jan2026 02:46:33.576] [modloading-worker-0/DEBUG] [mixin/]: Mixing MixinCuriosApi from curios.mixins.json into top.theillusivec4.curios.api.CuriosApi
[10Jan2026 02:46:34.119] [Thread-0/INFO] [ModernFix/]: Please use /mfsrc to reload any changed mod config files
[10Jan2026 02:46:34.139] [main/DEBUG] [net.minecraftforge.fml.DeferredWorkQueue/LOADING]: Dispatching synchronous work for work queue COMMON_SETUP: 41 jobs
[10Jan2026 02:46:34.206] [main/INFO] [com.tiviacz.travelersbackpack.TravelersBackpack/]: Registered the FluidEffect with Unique ID of minecraft:water for Water (Fluid Amount Required: 1000) with the ID 0
[10Jan2026 02:46:34.206] [main/INFO] [com.tiviacz.travelersbackpack.TravelersBackpack/]: Registered the FluidEffect with Unique ID of minecraft:lava for Lava (Fluid Amount Required: 1000) with the ID 1
[10Jan2026 02:46:34.206] [main/INFO] [com.tiviacz.travelersbackpack.TravelersBackpack/]: Registered the FluidEffect with Unique ID of travelersbackpack:potion for Uncraftable Potion (Fluid Amount Required: 250) with the ID 2
[10Jan2026 02:46:34.207] [main/INFO] [com.tiviacz.travelersbackpack.TravelersBackpack/]: Registered the FluidEffect with Unique ID of minecraft:milk for Milk (Fluid Amount Required: 1000) with the ID 3
[10Jan2026 02:46:34.265] [main/INFO] [terrablender/]: Registered region minecraft:overworld to index 0 for type OVERWORLD
[10Jan2026 02:46:34.266] [main/INFO] [terrablender/]: Registered region minecraft:nether to index 0 for type NETHER
[10Jan2026 02:46:34.266] [main/INFO] [terrablender/]: Registered region fossil:overworld to index 1 for type OVERWORLD
[10Jan2026 02:46:34.274] [main/DEBUG] [net.minecraftforge.fml.DeferredWorkQueue/LOADING]: Synchronous work queue completed in 133.7 ms
[10Jan2026 02:46:34.351] [modloading-worker-0/INFO] [xaero.map.server.WorldMapServer/]: Loading Xaero's World Map - Stage 1/2 (Server)
[10Jan2026 02:46:34.352] [modloading-worker-0/INFO] [xaero.minimap.XaeroMinimap/]: Loading Xaero's Minimap - Stage 1/2 (Server)
[10Jan2026 02:46:34.377] [main/DEBUG] [net.minecraftforge.fml.DeferredWorkQueue/LOADING]: Dispatching synchronous work for work queue SIDED_SETUP: 2 jobs
[10Jan2026 02:46:34.377] [main/INFO] [xaero.map.server.WorldMapServer/]: Loading Xaero's World Map - Stage 2/2 (Server)
[10Jan2026 02:46:34.377] [main/INFO] [xaero.minimap.XaeroMinimap/]: Loading Xaero's Minimap - Stage 2/2 (Server)
[10Jan2026 02:46:34.378] [main/DEBUG] [net.minecraftforge.fml.DeferredWorkQueue/LOADING]: Synchronous work queue completed in 262.2 μs
[10Jan2026 02:46:34.593] [Forge Version Check/DEBUG] [net.minecraftforge.fml.VersionChecker/]: [reap] Received version check data:
{"1.18":{"1.18-1.0.1":"Fixed loader version requirement"},"1.19":{"1.19-1.0.1":"Updated Forge version"},"promos":{"1.14.4-recommended":"1.10.2","1.14.3-recommended":"1.9.0","1.19.3-recommended":"1.19.3-1.0.0","1.19.1-recommended":"1.19.1-1.0.0","1.19.4-recommended":"1.19.4-1.0.0","1.19.2-recommended":"1.19.2-1.0.0","1.10.2-latest":"1.3.5","1.14.2-recommended":"1.8.2","1.14.3-latest":"1.9.0","1.10.2-recommended":"1.3.5","1.20.1-latest":"1.20.1-1.1.2","1.16.4-latest":"1.16.4-1.0.3","1.11.2-recommended":"1.4.2","1.19.3-latest":"1.19.3-1.0.0","1.16.2-latest":"1.16.2-1.0.1","1.15.2-recommended":"1.12.4","1.19.1-latest":"1.19.1-1.0.0","1.15.1-recommended":"1.11.1","1.11.2-latest":"1.4.2","1.18.1-latest":"1.18.1-1.0.1","1.15.1-latest":"1.11.1","1.18.2-latest":"1.18.2-1.0.0","1.12.2-latest":"1.5.3","1.12.2-recommended":"1.5.2","1.19-latest":"1.19-1.0.1","1.17.1-recommended":"1.17.1-1.0.0","1.16.1-recommended":"1.16.1-1.0.2","1.16.2-recommended":"1.16.2-1.0.1","1.18-latest":"1.18-1.0.1","1.16.5-recommended":"1.16.5-1.0.0","1.16.4-recommended":"1.16.4-1.0.3","1.20.1-recommended":"1.20.1-1.0.2","1.16.3-recommended":"1.16.3-1.0.2","1.15.2-latest":"1.12.5","1.20.2-recommended":"1.20.2-1.0.2","1.14.4-latest":"1.10.2","1.13.2-recommended":"1.7.0","1.18.2-recommended":"1.18.2-1.0.0","1.17.1-latest":"1.17.1-1.0.0","1.13.2-latest":"1.7.0","1.18.1-recommended":"1.18.1-1.0.0","1.16.3-latest":"1.16.3-1.0.2","1.20.2-latest":"1.20.2-1.0.2","1.19.2-latest":"1.19.2-1.1.2","1.19.4-latest":"1.19.4-1.0.0","1.16.5-latest":"1.16.5-1.0.1","1.19-recommended":"1.19-1.0.1","1.16.1-latest":"1.16.1-1.0.3","1.18-recommended":"1.18-1.0.1","1.14.2-latest":"1.8.2"},"1.20.2":{"1.20.2-1.0.2":""},"1.20.1":{"1.20.1-1.1.2":"Added mod icon\nFixed too many seeds dropped","1.20.1-1.0.2":""},"1.16.4":{"1.16.4-1.0.3":"Fixed missing blocks not working in config"},"1.18.2":{"1.18.2-1.0.0":"Updated to 1.18.2"},"1.19.1":{"1.19.1-1.0.0":"Updated to 1.19.1"},"1.16.5":{"1.16.5-1.0.0":"Updated to 1.16.5","1.16.5-1.0.1":"Updated to official mappings"},"1.19.2":{"1.19.2-1.1.2":"Added mod icon\nFixed too many seeds dropped","1.19.2-1.0.0":"Updated to 1.19.2"},"1.19.3":{"1.19.3-1.0.0":"Updated to 1.19.3"},"1.19.4":{"1.19.4-1.0.0":"Updated to 1.19.4"},"1.14.2":{"1.8.2":"Fixed a crash on startup"},"1.15.1":{"1.11.1":"Fixed tree harvesting crouch issue"},"1.14.3":{"1.9.0":"Updated to 1.14.3"},"1.15.2":{"1.12.4":"Fixed tree tools not working","1.12.5":"Added dynamic tree breaking speed"},"1.16.1":{"1.16.1-1.0.3":"Internal changes","1.16.1-1.0.2":"Reorganized config\nAdded configurable breaking speed"},"1.14.4":{"1.10.2":"Added missing ground types to config"},"1.16.2":{"1.16.2-1.0.1":"Updated pack format"},"1.17.1":{"1.17.1-1.0.0":"Updated to 1.17.1"},"1.16.3":{"1.16.3-1.0.2":"Updated mods.toml"},"1.18.1":{"1.18.1-1.0.0":"Updated to 1.18.1","1.18.1-1.0.1":"Added Config option to specify the maximum amount of logs to get harvested in one go"},"1.10.2":{"1.3.5":"Fixed config error"},"1.11.2":{"1.4.2":"Fixed config error"},"1.12.2":{"1.5.2":"Fixed tree harvest config issue","1.5.3":"Fixed log axis harvesting issue"},"1.13.2":{"1.7.0":"Updated to 1.13.2"},"homepage":"https://www.curseforge.com/minecraft/mc-mods/reap-mod"}
[10Jan2026 02:46:34.594] [Forge Version Check/INFO] [net.minecraftforge.fml.VersionChecker/]: [reap] Found status: UP_TO_DATE Current: 1.20.1-1.0.2 Target: null
[10Jan2026 02:46:34.596] [Forge Version Check/INFO] [net.minecraftforge.fml.VersionChecker/]: [clumps] Starting version check at https://updates.blamejared.com/get?n=clumps&gv=1.20.1
[10Jan2026 02:46:34.687] [modloading-worker-0/DEBUG] [mixin/]: Mixing perf.potential_spawns_alloc.PotentialSpawnsMixin from modernfix-forge.mixins.json into net.minecraftforge.event.level.LevelEvent$PotentialSpawns
[10Jan2026 02:46:34.702] [modloading-worker-0/INFO] [Jade/]: Start loading plugin at ht.treechop.compat.Jade
[10Jan2026 02:46:34.710] [modloading-worker-0/INFO] [Jade/]: Start loading plugin at net.blay09.mods.waystones.compat.JadeIntegration
[10Jan2026 02:46:34.711] [modloading-worker-0/INFO] [Jade/]: Start loading plugin at net.blay09.mods.balm.forge.compat.hudinfo.ForgeJadeModCompat
[10Jan2026 02:46:34.711] [modloading-worker-0/INFO] [Jade/]: Start loading plugin at twilightforest.compat.jade.JadeCompat
[10Jan2026 02:46:34.712] [modloading-worker-0/INFO] [Jade/]: Start loading plugin at snownee.jade.addon.vanilla.VanillaPlugin
[10Jan2026 02:46:34.722] [modloading-worker-0/INFO] [Jade/]: Start loading plugin at snownee.jade.addon.universal.UniversalPlugin
[10Jan2026 02:46:34.726] [modloading-worker-0/INFO] [Jade/]: Start loading plugin at snownee.jade.addon.core.CorePlugin
[10Jan2026 02:46:34.727] [modloading-worker-0/INFO] [Jade/]: Start loading plugin at net.geforcemods.securitycraft.compat.hudmods.JadeDataProvider
[10Jan2026 02:46:34.729] [modloading-worker-0/INFO] [Jade/]: Start loading plugin at ovh.corail.tombstone.compatibility.IntegrationJade
[10Jan2026 02:46:34.729] [modloading-worker-0/INFO] [Jade/]: Start loading plugin at com.github.teamfossilsarcheology.fossil.forge.compat.jade.FossilJadePluginForge
[10Jan2026 02:46:34.759] [main/DEBUG] [net.minecraftforge.fml.DeferredWorkQueue/LOADING]: Dispatching synchronous work for work queue COMPLETE: 1 jobs
[10Jan2026 02:46:34.759] [main/INFO] [citadel/]: adding citadel surface rules via terrablender...
[10Jan2026 02:46:34.761] [main/INFO] [citadel/]: Added 0 vanilla biome surface rule types via terrablender
[10Jan2026 02:46:34.761] [main/INFO] [citadel/]: Added 0 modded biome surface rule types via terrablender
[10Jan2026 02:46:34.762] [main/DEBUG] [net.minecraftforge.fml.DeferredWorkQueue/LOADING]: Synchronous work queue completed in 2.855 ms
[10Jan2026 02:46:35.006] [Forge Version Check/DEBUG] [net.minecraftforge.fml.VersionChecker/]: [clumps] Received version check data:
{"homepage":"https://www.curseforge.com/minecraft/mc-mods/clumps","promos":{"1.20.1-latest":"12.0.0.4"}}
[10Jan2026 02:46:35.007] [Forge Version Check/INFO] [net.minecraftforge.fml.VersionChecker/]: [clumps] Found status: BETA Current: 12.0.0.4 Target: 12.0.0.4
[10Jan2026 02:46:35.007] [Forge Version Check/INFO] [net.minecraftforge.fml.VersionChecker/]: [travelersbackpack] Starting version check at https://gist.githubusercontent.com/Tiviacz1337/906937677aa472285dff9d6c2a189d5e/raw
[10Jan2026 02:46:35.047] [Forge Version Check/DEBUG] [net.minecraftforge.fml.VersionChecker/]: [travelersbackpack] Received version check data:
{ 
        "homepage": "https://www.curseforge.com/minecraft/mc-mods/travelers-backpack", 
        "promos": {
		"1.20.4-recommended": "9.4.2",
		"1.20.4-latest": "9.4.2",
		"1.20.2-recommended": "9.2.4",
		"1.20.2-latest": "9.2.4",
		"1.20.1-recommended": "9.1.16",
		"1.20.1-latest": "9.1.16",
		"1.20-recommended": "9.0.2",
		"1.20-latest": "9.0.2",
		"1.19.4-recommended": "8.4.20",
		"1.19.4-latest": "8.4.20",
		"1.19.3-recommended": "8.3.9",
		"1.19.3-latest": "8.3.9",
		"1.19.2-recommended": "8.2.40",
		"1.19.2-latest": "8.2.40",
		"1.19.1-recommended": "8.1.1",
		"1.19.1-latest": "8.1.1",
		"1.19-recommended": "8.0.8",
		"1.19-latest": "8.0.8",
		"1.18.2-recommended": "7.1.48",
		"1.18.2-latest": "7.1.48",
		"1.18.1-recommended": "7.0.4",
		"1.18.1-latest": "7.0.5",
		"1.17.1-recommended": "6.0.52",
		"1.17.1-latest": "6.0.52",
		"1.16.5-recommended": "5.4.51",
		"1.16.5-latest": "5.4.51",
		"1.16.4-recommended": "5.3.8",
		"1.16.4-latest": "5.3.8",
		"1.16.3-recommended": "5.2.1",
		"1.16.3-latest": "5.2.1",
		"1.16.2-recommended": "5.1.1",
		"1.16.2-latest": "5.1.1",
		"1.16.1-recommended": "5.0.1",
		"1.16.1-latest": "5.0.1",
		"1.15.2-recommended": "4.0.8",
		"1.15.2-latest": "4.0.8",
		"1.14.4-recommended": "3.0.8",
		"1.14.4-latest": "3.0.8",
                "1.12.2-recommended": "1.0.34",
		"1.12.2-latest": "1.0.34"
        }, 
        "1.12.2": {
			"0.0.3a": "Added sleeping bag",
			"0.0.4a": "Added ability to wear backpack on player's back!",
			"0.0.5a": "Implemented swapping between tools!",
			"0.0.6a": "Added missing recipe for sleeping bag",
			"0.0.7a": "Fixes for server",
			"0.0.8a": "Added backpack renderer on player's back!",
			"0.0.9a": "Added tools render on backpack",
			"0.1.0a": "Fixed tile entity data loading",
			"0.1.1a": "Added hose, bug fixes",
			"0.1.2a": "Fixed server crash",
			"0.1.3a": "Added more backpack types!",
			"0.1.4a": "Added fluid render to block and wearable model",
			"0.1.5a": "Fixed some bugs and added more custom backpacks",
			"0.1.6a": "Added potions as fluids!",
			"0.1.7a": "Fixed rendering-thing on server",
			"0.1.8a": "Fixed some minor issues",
			"1.0.19.19": "First beta release",
			"1.0.20.20": "Mainly bug fixes",
			"1.0.21.21": "Bug fixes",
			"1.0.22.22": "Added backpack abilities",
			"1.0.23.23": "Bug fixes",
			"1.0.24.24": "Bug fixes",
			"1.0.25.25": "Bug fixes",
			"1.0.26.26": "Fixed NPE",
			"1.0.27": "Capability code clean-up, bug fix",
			"1.0.28": "Mod ID change, see note in 1.0.28 on the site",
			"1.0.29": "Mod ID change, see note in 1.0.29 on the site",
			"1.0.30": "Bug fixes, standard backpack texture improvements",
			"1.0.31": "Fixed bug that causes buckets to dissapear",
			"1.0.32": "Added in-game warning about modid change and method to keep backpacks after updating to newer version",
			"1.0.33": "Fixed backpack dissapear in explosions",
			"1.0.34": "Mainly bug fixes",
			"1.0.35": "Misc bug fixes"
        },
	"1.14.4":  { 
			"3.0.7": "Initial port",
			"3.0.8": "Compatibility for modded tools"
	},
	"1.15.2":  {
      			"4.0.0": "Initial port",
			"4.0.1": "FPS bug fix",
			"4.0.2": "Fixed unwanted backpack placement after death",
			"4.0.3": "Fixed NPE while using sleeping bag",
			"4.0.4": "Fixed crash, updated few textures",
			"4.0.5": "Bug fixes",
			"4.0.6": "Fixed backpack dissapear in explosions",
			"4.0.7": "Keybind for tool cycle",
			"4.0.8": "Compatibility for modded tools"
	},
	"1.16.1":  { 
			"5.0.0": "Initial port",
			"5.0.1": "Fixed backpack not saving contents, compatibility for modded tools"
	},
	"1.16.2":  { 
			"5.1.0": "Initial port",
			"5.1.1": "Fixed server crashes, backpack not saving contents, compatibility for modded tools"
	},
	"1.16.3":  { 
			"5.2.1": "Initial port"
	},
	"1.16.4":  { 
			"5.3.1": "Initial port",
			"5.3.2": "Bug fixes, game-breaking change",
			"5.3.3": "A lot of bug fixes",
			"5.3.4": "Dupe bug fix",
			"5.3.5": "Curios integration",
			"5.3.6": "Crafting grid dupe bug fix",
			"5.3.7": "Crash fix, curiosIntegration option migration",
			"5.3.8": "Fixed item saving bug"
	},
	"1.16.5":  { 
			"5.3.8": "Fixed item saving bug",
			"5.4.0": "Few new custom backpacks",
			"5.4.1": "Fixed villager trades",
			"5.4.2": "Fixed crash with turkish language and small tweaks",
			"5.4.3": "Fixed dupe bug",
			"5.4.4": "JEI dupe bug fix and more",
			"5.4.5": "Dyeable backpacks update! :>",
			"5.4.6": "More backpacks and bug fixes",
			"5.4.7": "Exploit and bug fixes",
			"5.4.8": "Fixed spawn point setting",
			"5.4.9": "20 new backpacks",
			"5.4.10": "Added backpack abilties",
			"5.4.11": "Code cleanup",
			"5.4.12": "Fixed crash",
			"5.4.13": "Added sorting buttons",
			"5.4.14": "Fixed LAN crash",
			"5.4.15": "Fixed few bugs",
			"5.4.16": "Fixed crash",
			"5.4.17": "Fixed bugs",
			"5.4.18": "Fixed crash",
			"5.4.19": "Fixed curio dupe bug",
			"5.4.20": "Added 9 new abilities",
			"5.4.21": "Added too many backpacks slowness effect",
			"5.4.22": "Fixed abilities",
			"5.4.23": "Added colorable sleeping bags",
			"5.4.24": "Bug fixes",
			"5.4.25": "Added slot memory",
			"5.4.26": "Added dedicated settings menu",
			"5.4.28": "Added milk and milk effect",
			"5.4.29": "Mobs can spawn with backpack equipped",
			"5.4.31": "Added /restore command",
			"5.4.32": "Added void protection config option",
			"5.4.33": "Fixed bad coded coordinates",
			"5.4.35": "Tweaked config and commands",
			"5.4.36": "Added backpack tiers",
			"5.4.37": "Changed tier upgrades recipes",
			"5.4.38": "Added enableTierUpgrades config option",
			"5.4.39": "Added Crafting widget",
			"5.4.40": "Fixed dupe bug",
			"5.4.41": "Backpack can be placed in fluids after death",
			"5.4.42": "Added compat with gravestone mods",
			"5.4.43": "Tweaked some recipes",
			"5.4.44": "Misc",
			"5.4.45": "Misc",
			"5.4.46": "Misc",
			"5.4.47": "Added tool slots widget",
			"5.4.48": "Fixed few bugs",
			"5.4.49": "Shift + Right Click with Empty Hand allows to place backpack on the ground",
			"5.4.50": "Sleeping bag can be used without backpack",
			"5.4.51": "Added loot to chests and fixed bugs"
	},
	"1.17.1":  { 
			"6.0.0": "Initial Release",
			"6.0.1": "Fixed datapack issue",
			"6.0.2": "Fixed crash with newest Forge",
			"6.0.3": "Fixed backpack disappearing on death",
			"6.0.4": "JEI integration and more",
			"6.0.5": "Dyeable backpacks update! :>",
			"6.0.6": "More backpacks and bug fixes",
			"6.0.7": "Fixed significant FPS drop",
			"6.0.8": "Fixed dupe bug",
			"6.0.9": "Fixed spawn point setting",
			"6.0.10": "20 new backpacks",
			"6.0.11": "Added backpack abilties",
			"6.0.12": "Code cleanup",
			"6.0.13": "Fixed crash",
			"6.0.14": "Added sorting buttons",
			"6.0.15": "Fixed LAN crash",
			"6.0.16": "Fixed few bugs",
			"6.0.17": "Fixed crash",
			"6.0.18": "Fixed bugs",
			"6.0.19": "Fixed crash",
			"6.0.20": "Fixed curio dupe bug",
			"6.0.21": "Added 9 new abilities",
			"6.0.22": "Added too many backpacks slowness effect",
			"6.0.23": "Fixed abilities",
			"6.0.24": "Added colorable sleeping bags",
			"6.0.25": "Bug fixes",
			"6.0.26": "Added slot memory",
			"6.0.27": "Added dedicated settings menu",
			"6.0.29": "Added milk and milk effect",
			"6.0.30": "Mobs can spawn with backpack equipped",
			"6.0.32": "Added /restore command",
			"6.0.33": "Added void protection config option",
			"6.0.34": "Fixed bad coded coordinates",
			"6.0.36": "Tweaked config and commands",
			"6.0.37": "Added backpack Tiers",
			"6.0.38": "Changed tier upgrades recipes",
			"6.0.39": "Added enableTierUpgrades config option",
			"6.0.40": "Added Crafting widget",
			"6.0.41": "Fixed dupe bug",
			"6.0.42": "Backpack can be placed in fluids after death",
			"6.0.43": "Added compat with gravestone mods",
			"6.0.44": "Added inventory tooltip in preview",
			"6.0.45": "Misc",
			"6.0.46": "Misc",
			"6.0.47": "Misc",
			"6.0.48": "Added tool slots widget",
			"6.0.49": "Fixed few bugs",
			"6.0.50": "Shift + Right Click with Empty Hand allows to place backpack on the ground",
			"6.0.51": "Sleeping bag can be used without backpack",
			"6.0.52": "Added loot to chests and fixed bugs"
	},
	"1.18.1":  { 
			"7.0.0": "Initial Release",
			"7.0.1": "Backpack lose items bug fix",
			"7.0.2": "New backpacks",
			"7.0.3": "Fixed dupe bug",
			"7.0.4": "Fixed spawn point setting"
	},
	"1.18.2":  { 
			"7.1.0": "Initial Release",
			"7.1.1": "Fixed spawn point setting",
			"7.1.2": "20 new backpacks",
			"7.1.3": "Added backpack abilties",
			"7.1.4": "Code cleanup",
			"7.1.5": "Fixed bug with duplicating buckets",
			"7.1.6": "Fixed crash",
			"7.1.7": "Added sorting buttons",
			"7.1.8": "Fixed LAN crash",
			"7.1.9": "Fixed few bugs",
			"7.1.10": "Fixed crash",
			"7.1.11": "Fixed bugs",
			"7.1.12": "Fixed crash",
			"7.1.13": "Fixed curio dupe bug",
			"7.1.14": "Added 9 new abilities",
			"7.1.15": "Added too many backpacks slowness effect",
			"7.1.16": "Fixed abilities",
			"7.1.17": "Added colorable sleeping bags",
			"7.1.18": "Bug fixes",
			"7.1.20": "Added slot memory",
			"7.1.21": "Added dedicated settings menu",
			"7.1.23": "Added milk and milk effect",
			"7.1.24": "Mobs can spawn with backpack equipped",
			"7.1.26": "Added /restore command",
			"7.1.27": "Added void protection config option",
			"7.1.28": "Fixed bad coded coordinates",
			"7.1.30": "Tweaked config and commands",
			"7.1.31": "Added backpack Tiers",
			"7.1.32": "Changed tier upgrades recipes",
			"7.1.33": "Added enableTierUpgrades config option",
			"7.1.34": "Added Crafting widget",
			"7.1.35": "Fixed dupe bug",
			"7.1.36": "Backpack can be placed in fluids after death",
			"7.1.37": "Added compat with gravestone mods",
			"7.1.38": "Added inventory preview in tooltip",
			"7.1.39": "Misc",
			"7.1.40": "Misc",
			"7.1.41": "Misc",
			"7.1.42": "Added tool slots widget",
			"7.1.43": "Fixed few bugs",
			"7.1.44": "Shift + Right Click with Empty Hand allows to place backpack on the ground",
			"7.1.45": "Sleeping bag can be used without backpack",
			"7.1.46": "Added loot to chests and fixed bugs",
			"7.1.47": "Configuration for backpack slots",
			"7.1.48": "Added recipes to recipe book"
			
	},
	"1.19":  { 
			"8.0.0": "Initial Release",
			"8.0.1": "Fixed crashes",
			"8.0.2": "20 new backpacks",
			"8.0.3": "Added backpack abilties",
			"8.0.4": "Updated Forge",
			"8.0.5": "Fixed few bugs",
			"8.0.6": "Code cleanup",
			"8.0.7": "Fixed crash",
			"8.0.8": "Added sorting buttons"
	},
	"1.19.1":  { 
			"8.1.0": "Initial Release",
			"8.1.1": "Fixed LAN crash"
	},
	"1.19.2":  { 
			"8.2.0": "Initial Release",
			"8.2.1": "Fixed few bugs",
			"8.2.2": "Fixed crash",
			"8.2.3": "Fixed bugs",
			"8.2.4": "Fixed crash",
			"8.2.5": "Fixed curio dupe bug",
			"8.2.6": "Added 9 new abilities",
			"8.2.7": "Added too many backpacks slowness effect",
			"8.2.8": "Fixed abilities",
			"8.2.9": "Added colorable sleeping bags",
			"8.2.10": "Bug fixes",
			"8.2.11": "Added slot memory",
			"8.2.12": "Added dedicated settings menu",
			"8.2.14": "Added milk and milk effect",
			"8.2.15": "Mobs can spawn with backpack equipped",
			"8.2.17": "Added /restore command",
			"8.2.18": "Added void protection config option",
			"8.2.19": "Fixed bad coded coordinates",
			"8.2.21": "Tweaked config and commands",
			"8.2.22": "Added backpack tiers",
			"8.2.23": "Changed tier upgrades recipes",
			"8.2.24": "Missing texture hotfix",
			"8.2.25": "Added enableTierUpgrades config option",
			"8.2.26": "Added Crafting widget",
			"8.2.27": "Fixed dupe bug",
			"8.2.28": "Backpack can be placed in fluids after death",
			"8.2.29": "Added compat with gravestone mods",
			"8.2.30": "Added inventory preview in tooltip",
			"8.2.31": "Misc",
			"8.2.32": "Misc",
			"8.2.33": "Misc",
			"8.2.34": "Added tool slots widget",
			"8.2.35": "Fixed few bugs",
			"8.2.36": "Shift + Right Click with Empty Hand allows to place backpack on the ground",
			"8.2.37": "Sleeping bag can be used without backpack",
			"8.2.38": "Added loot to chests and fixed bugs",
			"8.2.39": "Configuration for backpack slots",
			"8.2.40": "Added recipes to recipe book"
	},
	"1.19.3":  { 
			"8.3.0": "Initial Release",
			"8.3.2": "Added milk and milk effect",
			"8.3.3": "Mobs can spawn with backpack equipped",
			"8.3.5": "Added /restore command",
			"8.2.6": "Added void protection config option",
			"8.2.7": "Fixed bad coded coordinates",
			"8.2.9": "Tweaked config and commands"
	},
	"1.19.4":  { 
			"8.4.2": "Tweaked config and commands",
			"8.4.3": "Added backpack tiers",
			"8.4.4": "Changed tier upgrades recipes",
			"8.4.5": "Added enableTierUpgrades config option",
			"8.4.6": "Added support for new smithing table",
			"8.4.7": "Added support for new smithing table",
			"8.4.8": "Added Crafting widget",
			"8.4.9": "Fixed dupe bug",
			"8.4.10": "Backpack can be placed in fluids after death",
			"8.4.11": "Added compat with gravestone mods",
			"8.4.12": "Added inventory preview in tooltip",
			"8.4.13": "Misc",
			"8.4.14": "Misc",
			"8.4.15": "Misc",
			"8.4.16": "Added tool slots widget",
			"8.4.17": "Fixed few bugs",
			"8.4.18": "Shift + Right Click with Empty Hand allows to place backpack on the ground",
			"8.4.19": "Sleeping bag can be used without backpack",
			"8.4.20": "Added loot to chests and fixed bugs"
	},
	"1.20":  { 
			"9.0.0": "Initial update",
			"9.0.1": "Fixed disappearing backpack on contact with water",
			"9.0.2": "Fixed smithing bug and restored Curios compat"
	},
	"1.20.1":  { 
			"9.1.0": "Initial update",
			"9.1.1": "Initial update",
			"9.1.2": "Fixed dupe bug",
			"9.1.3": "Added compat with gravestone mods",
			"9.1.4": "Added inventory preview in tooltip",
			"9.1.5": "Misc",
			"9.1.6": "Misc",
			"9.1.7": "Misc",
			"9.1.8": "Added tool slots widget",
			"9.1.9": "Fixed few bugs",
			"9.1.10": "Shift + Right Click with Empty Hand allows to place backpack on the ground",
			"9.1.11": "Sleeping bag can be used without backpack",
			"9.1.12": "Configuration for backpack slots",
			"9.1.13": "Added loot to chests and fixed bugs",
			"9.1.14": "Added recipes to recipe book",
			"9.1.15": "Improvements",
			"9.1.16": "Stopped excessive drops of backpack from mob farms, added visibility button, fixed some bugs"
	},
	"1.20.2":  { 
			"9.2.0": "Initial update",
			"9.2.1": "Fixed few bugs",
			"9.2.2": "Shift + Right Click with Empty Hand allows to place backpack on the ground",
			"9.2.3": "Sleeping bag can be used without backpack",
			"9.2.4": "Added loot to chests and fixed bugs"
	},
	"1.20.4":  { 
			"9.4.0": "Initial update",
			"9.4.1": "Configuration for backpack slots",
			"9.4.2": "Added recipes to recipe book"
	}
}
[10Jan2026 02:46:35.048] [Forge Version Check/INFO] [net.minecraftforge.fml.VersionChecker/]: [travelersbackpack] Found status: AHEAD Current: 9.1.46 Target: null
[10Jan2026 02:46:35.049] [Forge Version Check/INFO] [net.minecraftforge.fml.VersionChecker/]: [pickupnotifier] Starting version check at https://raw.githubusercontent.com/Fuzss/modresources/main/update/pickupnotifier.json
[10Jan2026 02:46:35.090] [Forge Version Check/DEBUG] [net.minecraftforge.fml.VersionChecker/]: [pickupnotifier] Received version check data:
{
    "homepage": "https://www.curseforge.com/minecraft/mc-mods/pick-up-notifier",
    "promos": {
        "1.17.1-latest": "2.1.0",
        "1.17.1-recommended": "2.1.0",
        "1.18-latest": "3.1.0",
        "1.18-recommended": "3.1.0",
        "1.18.1-latest": "3.1.0",
        "1.18.1-recommended": "3.1.0",
        "1.18.2-latest": "3.2.1",
        "1.18.2-recommended": "3.2.1",
        "1.19-latest": "4.0.0",
        "1.19-recommended": "4.0.0",
        "1.19.1-latest": "4.2.3",
        "1.19.1-recommended": "4.2.3",
        "1.19.2-latest": "4.2.4",
        "1.19.2-recommended": "4.2.4",
        "1.19.3-latest": "5.0.1",
        "1.19.3-recommended": "5.0.1",
        "1.19.4-latest": "6.0.0",
        "1.19.4-recommended": "6.0.0",
        "1.20-latest": "7.0.0",
        "1.20-recommended": "7.0.0",
        "1.20.1-latest": "8.0.0",
        "1.20.1-recommended": "8.0.0",
        "1.20.4-latest": "20.4.2",
        "1.20.4-recommended": "20.4.2",
        "1.21-latest": "21.0.0",
        "1.21-recommended": "21.0.0",
        "1.21.1-latest": "21.1.1",
        "1.21.1-recommended": "21.1.1",
        "1.21.3-latest": "21.3.0",
        "1.21.3-recommended": "21.3.0",
        "1.21.4-latest": "21.4.0",
        "1.21.4-recommended": "21.4.0",
        "1.21.5-latest": "21.5.1",
        "1.21.5-recommended": "21.5.1",
        "1.21.7-latest": "21.7.0",
        "1.21.7-recommended": "21.7.0",
        "1.21.8-latest": "21.8.1",
        "1.21.8-recommended": "21.8.1",
        "1.21.9-latest": "21.9.0",
        "1.21.9-recommended": "21.9.0",
        "1.21.10-latest": "21.10.0",
        "1.21.10-recommended": "21.10.0"
    }
}
[10Jan2026 02:46:35.091] [Forge Version Check/INFO] [net.minecraftforge.fml.VersionChecker/]: [pickupnotifier] Found status: UP_TO_DATE Current: 8.0.0 Target: null
[10Jan2026 02:46:35.091] [Forge Version Check/INFO] [net.minecraftforge.fml.VersionChecker/]: [crafttweaker] Starting version check at https://updates.blamejared.com/get?n=crafttweaker&gv=1.20.1
[10Jan2026 02:46:35.189] [Forge Version Check/DEBUG] [net.minecraftforge.fml.VersionChecker/]: [crafttweaker] Received version check data:
{"homepage":"https://www.curseforge.com/minecraft/mc-mods/crafttweaker","promos":{"1.20.1-latest":"14.0.59"}}
[10Jan2026 02:46:35.190] [Forge Version Check/INFO] [net.minecraftforge.fml.VersionChecker/]: [crafttweaker] Found status: BETA Current: 14.0.59 Target: 14.0.59
[10Jan2026 02:46:35.190] [Forge Version Check/INFO] [net.minecraftforge.fml.VersionChecker/]: [puzzlesaccessapi] Starting version check at https://raw.githubusercontent.com/Fuzss/modresources/main/update/puzzlesaccessapi.json
[10Jan2026 02:46:35.199] [Forge Version Check/DEBUG] [net.minecraftforge.fml.VersionChecker/]: [puzzlesaccessapi] Received version check data:
{
    "homepage": "https://github.com/Fuzss/puzzlesaccessapi",
    "promos": {}
}
[10Jan2026 02:46:35.199] [Forge Version Check/INFO] [net.minecraftforge.fml.VersionChecker/]: [puzzlesaccessapi] Found status: BETA Current: 20.1.1 Target: null
[10Jan2026 02:46:35.199] [Forge Version Check/INFO] [net.minecraftforge.fml.VersionChecker/]: [forge] Starting version check at https://files.minecraftforge.net/net/minecraftforge/forge/promotions_slim.json
[10Jan2026 02:46:35.320] [Forge Version Check/DEBUG] [net.minecraftforge.fml.VersionChecker/]: [forge] Received version check data:
{
  "homepage": "https://files.minecraftforge.net/net/minecraftforge/forge/",
  "promos": {
    "1.1-latest": "1.3.4.29",
    "1.2.3-latest": "1.4.1.64",
    "1.2.4-latest": "2.0.0.68",
    "1.2.5-latest": "3.4.9.171",
    "1.3.2-latest": "4.3.5.318",
    "1.4.0-latest": "5.0.0.326",
    "1.4.1-latest": "6.0.0.329",
    "1.4.2-latest": "6.0.1.355",
    "1.4.3-latest": "6.2.1.358",
    "1.4.4-latest": "6.3.0.378",
    "1.4.5-latest": "6.4.2.448",
    "1.4.6-latest": "6.5.0.489",
    "1.4.7-latest": "6.6.2.534",
    "1.5-latest": "7.7.0.598",
    "1.5.1-latest": "7.7.2.682",
    "1.5.2-latest": "7.8.1.738",
    "1.5.2-recommended": "7.8.1.738",
    "1.6.1-latest": "8.9.0.775",
    "1.6.2-latest": "9.10.1.871",
    "1.6.2-recommended": "9.10.1.871",
    "1.6.3-latest": "9.11.0.878",
    "1.6.4-latest": "9.11.1.1345",
    "1.6.4-recommended": "9.11.1.1345",
    "1.7.2-latest": "10.12.2.1161",
    "1.7.2-recommended": "10.12.2.1161",
    "1.7.10-latest": "10.13.4.1614",
    "1.7.10-recommended": "10.13.4.1614",
    "1.8-latest": "11.14.4.1577",
    "1.8-recommended": "11.14.4.1563",
    "1.8.8-latest": "11.15.0.1655",
    "1.8.9-latest": "11.15.1.2318",
    "1.8.9-recommended": "11.15.1.2318",
    "1.9-latest": "12.16.1.1938",
    "1.9-recommended": "12.16.1.1887",
    "1.9.4-latest": "12.17.0.2317",
    "1.9.4-recommended": "12.17.0.2317",
    "1.10-latest": "12.18.0.2000",
    "1.10.2-latest": "12.18.3.2511",
    "1.10.2-recommended": "12.18.3.2511",
    "1.11-latest": "13.19.1.2199",
    "1.11-recommended": "13.19.1.2189",
    "1.11.2-latest": "13.20.1.2588",
    "1.11.2-recommended": "13.20.1.2588",
    "1.12-latest": "14.21.1.2443",
    "1.12-recommended": "14.21.1.2387",
    "1.12.1-latest": "14.22.1.2485",
    "1.12.1-recommended": "14.22.1.2478",
    "1.12.2-latest": "14.23.5.2864",
    "1.12.2-recommended": "14.23.5.2859",
    "1.13.2-latest": "25.0.223",
    "1.14.2-latest": "26.0.63",
    "1.14.3-latest": "27.0.60",
    "1.14.4-latest": "28.2.28",
    "1.14.4-recommended": "28.2.26",
    "1.15-latest": "29.0.4",
    "1.15.1-latest": "30.0.51",
    "1.15.2-latest": "31.2.60",
    "1.15.2-recommended": "31.2.57",
    "1.16.1-latest": "32.0.108",
    "1.16.2-latest": "33.0.61",
    "1.16.3-latest": "34.1.42",
    "1.16.3-recommended": "34.1.0",
    "1.16.4-latest": "35.1.37",
    "1.16.4-recommended": "35.1.4",
    "1.16.5-latest": "36.2.42",
    "1.16.5-recommended": "36.2.34",
    "1.17.1-latest": "37.1.1",
    "1.17.1-recommended": "37.1.1",
    "1.18-latest": "38.0.17",
    "1.18.1-latest": "39.1.2",
    "1.18.1-recommended": "39.1.0",
    "1.18.2-recommended": "40.3.0",
    "1.18.2-latest": "40.3.12",
    "1.19-latest": "41.1.0",
    "1.19-recommended": "41.1.0",
    "1.19.1-latest": "42.0.9",
    "1.19.2-recommended": "43.5.0",
    "1.19.2-latest": "43.5.2",
    "1.19.3-latest": "44.1.23",
    "1.19.3-recommended": "44.1.0",
    "1.19.4-recommended": "45.4.0",
    "1.19.4-latest": "45.4.3",
    "1.20-latest": "46.0.14",
    "1.20.1-recommended": "47.4.10",
    "1.20.1-latest": "47.4.13",
    "1.20.2-latest": "48.1.0",
    "1.20.2-recommended": "48.1.0",
    "1.20.3-latest": "49.0.2",
    "1.20.4-latest": "49.2.4",
    "1.20.4-recommended": "49.2.0",
    "1.20.6-latest": "50.2.4",
    "1.20.6-recommended": "50.2.0",
    "1.21-latest": "51.0.33",
    "1.21.1-latest": "52.1.8",
    "1.21.1-recommended": "52.1.0",
    "1.21.3-latest": "53.1.6",
    "1.21.3-recommended": "53.1.0",
    "1.21.4-latest": "54.1.11",
    "1.21.4-recommended": "54.1.0",
    "1.21.5-latest": "55.1.4",
    "1.21.5-recommended": "55.1.0",
    "1.21.6-latest": "56.0.9",
    "1.21.7-latest": "57.0.3",
    "1.21.8-latest": "58.1.11",
    "1.21.8-recommended": "58.1.0",
    "1.21.9-latest": "59.0.5",
    "1.21.10-latest": "60.1.5",
    "1.21.10-recommended": "60.1.0",
    "1.21.11-latest": "61.0.5"
  }
}
[10Jan2026 02:46:35.321] [Forge Version Check/INFO] [net.minecraftforge.fml.VersionChecker/]: [forge] Found status: OUTDATED Current: 47.3.7 Target: 47.4.10
[10Jan2026 02:46:35.321] [Forge Version Check/INFO] [net.minecraftforge.fml.VersionChecker/]: [twilightforest] Starting version check at https://gh.tamaized.com/TeamTwilight/twilightforest/update.json
[10Jan2026 02:46:35.405] [main/DEBUG] [net.minecraftforge.coremod.transformer.CoreModBaseTransformer/COREMOD]: Transforming <init> with desc (JZZLjava/util/Optional;)V
[10Jan2026 02:46:35.408] [main/DEBUG] [net.minecraftforge.coremod.transformer.CoreModBaseTransformer/COREMOD]: Transforming m_226857_ with desc (Lnet/minecraft/world/level/levelgen/structure/pieces/StructurePieceSerializationContext;Lnet/minecraft/nbt/CompoundTag;J)Lnet/minecraft/world/level/levelgen/structure/StructureStart;
[10Jan2026 02:46:35.411] [Forge Version Check/DEBUG] [net.minecraftforge.fml.VersionChecker/]: [twilightforest] Received version check data:
{
  "homepage": "https://minecraft.curseforge.com/projects/the-twilight-forest",
  "promos": {
	"1.20.2-latest": "4.4.1977",
	"1.20.2-recommended": "4.4.1977",
	"1.20.1-latest": "4.3.1893",
	"1.20.1-recommended": "4.3.1893",
	"1.19.4-latest": "4.2.1696",
	"1.19.4-recommended": "4.2.1696",
	"1.18.2-latest": "4.1.1494",
	"1.18.2-recommended": "4.1.1494",
	"1.17.1-latest": "4.0.943",
	"1.17.1-recommended": "4.0.943",
	"1.16.5-latest": "4.0.870",
	"1.16.5-recommended": "4.0.870",
	"1.12.2-latest": "3.11.1021",
	"1.12.2-recommended": "3.11.1021",
	"1.7.10-latest": "2.4.3",
	"1.7.10-recommended": "2.4.3"
  }
}
[10Jan2026 02:46:35.412] [Forge Version Check/INFO] [net.minecraftforge.fml.VersionChecker/]: [twilightforest] Found status: AHEAD Current: 4.3.2508 Target: null
[10Jan2026 02:46:35.412] [Forge Version Check/INFO] [net.minecraftforge.fml.VersionChecker/]: [securitycraft] Starting version check at https://www.github.com/Geforce132/SecurityCraft/raw/master/Updates/Forge.json
[10Jan2026 02:46:35.433] [main/INFO] [com.mojang.authlib.yggdrasil.YggdrasilAuthenticationService/]: Environment: authHost='https://authserver.mojang.com', accountsHost='https://api.mojang.com', sessionHost='https://sessionserver.mojang.com', servicesHost='https://api.minecraftservices.com', name='PROD'
[10Jan2026 02:46:35.463] [main/DEBUG] [mixin/]: Mixing bugfix.removed_dimensions.LevelStorageSourceMixin from modernfix-forge.mixins.json into net.minecraft.world.level.storage.LevelStorageSource
[10Jan2026 02:46:35.513] [Forge Version Check/DEBUG] [net.minecraftforge.fml.VersionChecker/]: [securitycraft] Received version check data:
{
    "homepage": "https://www.curseforge.com/minecraft/mc-mods/security-craft/",
    "promos": {
        "1.7.10-latest": "v1.8.13",
        "1.7.10-recommended": "v1.8.13",
        "1.8-latest": "v1.8.12.1",
        "1.8-recommended": "v1.8.12.1",
        "1.8.8-latest": "v1.8.12.1",
        "1.8.8-recommended": "v1.8.12.1",
        "1.8.9-latest": "v1.8.12.1",
        "1.8.9-recommended": "v1.8.12.1",
        "1.9.4-latest": "v1.8.12",
        "1.9.4-recommended": "v1.8.12",
        "1.10.2-latest": "v1.8.12",
        "1.10.2-recommended": "v1.8.12",
        "1.11.2-latest": "v1.8.12.1",
        "1.11.2-recommended": "v1.8.12.1",
        "1.12-latest": "v1.8.8.1",
        "1.12-recommended": "v1.8.8.1",
        "1.12.1-latest": "v1.8.8.1",
        "1.12.1-recommended": "v1.8.8.1",
        "1.12.2-latest": "v1.10.1",
        "1.12.2-recommended": "v1.10.1",
        "1.13.2-latest": "v1.8.13",
        "1.13.2-recommended": "v1.8.13",
        "1.14.3-latest": "v1.8.12-beta2",
        "1.14.3-recommended": "v1.8.12-beta2",
        "1.14.4-latest": "v1.8.22.2",
        "1.14.4-recommended": "v1.8.22.2",
        "1.15.1-latest": "v1.8.15-beta2",
        "1.15.1-recommended": "v1.8.15-beta2",
        "1.15.2-latest": "v1.9.1",
        "1.15.2-recommended": "v1.9.1",
        "1.16.1-latest": "v1.8.19.3",
        "1.16.1-recommended": "v1.8.19.3",
        "1.16.2-latest": "v1.8.19.3",
        "1.16.2-recommended": "v1.8.19.3",
        "1.16.3-latest": "v1.8.21.1",
        "1.16.3-recommended": "v1.8.21.1",
        "1.16.4-latest": "v1.8.21.1",
        "1.16.4-recommended": "v1.8.21.1",
        "1.16.5-latest": "v1.10.1",
        "1.16.5-recommended": "v1.10.1",
        "1.17.1-latest": "1.9.5",
        "1.17.1-recommended": "1.9.5",
        "1.18.1-latest": "1.9.0.2-beta1",
        "1.18.1-recommended": "1.9.0.2-beta1",
        "1.18.2-latest": "1.10.1",
        "1.18.2-recommended": "1.10.1",
        "1.19-latest": "1.9.3.1",
        "1.19-recommended": "1.9.3.1",
        "1.19.1-latest": "1.9.3.1",
        "1.19.1-recommended": "1.9.3.1",
        "1.19.2-latest": "1.9.6.1",
        "1.19.2-recommended": "1.9.6.1",
        "1.19.3-latest": "1.9.8",
        "1.19.3-recommended": "1.9.8",
        "1.19.4-latest": "1.10.1",
        "1.19.4-recommended": "1.10.1",
        "1.20-latest": "1.9.7-beta2",
        "1.20-recommended": "1.9.7-beta2",
        "1.20.2-latest": "1.9.9",
        "1.20.2-recommended": "1.9.9",
        "1.20.4-latest": "1.10.1",
        "1.20.4-recommended": "1.10.1",
        "1.20.6-latest": "1.10.1",
        "1.20.6-recommended": "1.10.1",
        "1.21-latest": "1.9.10-beta7",
        "1.21-recommended": "1.9.10-beta7",
        "1.21.2-latest": "1.9.11-beta2",
        "1.21.2-recommended": "1.9.11-beta2",
        "1.21.3-latest": "1.10.1",
        "1.21.3-recommended": "1.10.1",
        "1.21.4-latest": "1.10.1",
        "1.21.4-recommended": "1.10.1",
        "1.21.5-latest": "1.10.1",
        "1.21.5-recommended": "1.10.1",
        "1.21.6-latest": "1.10-beta3",
        "1.21.6-recommended": "1.10-beta3",
        "1.21.7-latest": "1.10-beta1",
        "1.21.7-recommended": "1.10-beta1",

        "1.20.1-latest": "1.10.1",
        "1.20.1-recommended": "1.10.1",
        "1.21.1-latest": "1.10.1",
        "1.21.1-recommended": "1.10.1",
        "1.21.8-latest": "1.10.1",
        "1.21.8-recommended": "1.10.1",
        "1.21.10-latest": "1.10.1-beta1",
        "1.21.10-recommended": "1.10.1-beta1",
        "1.21.11-latest": "1.10.1-beta1",
        "1.21.11-recommended": "1.10.1-beta1"
    },
    "1.7.10": {
        "v1.8.13": "https://github.com/Geforce132/SecurityCraft/blob/eol/1.7.10/Changelog%20v1.8.x.md"
    },
    "1.8": {
        "v1.8.12": "https://github.com/Geforce132/SecurityCraft/blob/eol/1.8/Changelog%20v1.8.x.md"
    },
    "1.8.8": {
        "v1.8.12.1": "https://github.com/Geforce132/SecurityCraft/blob/eol/1.8.9/Changelog%20v1.8.x.md"
    },
    "1.8.9": {
        "v1.8.12.1": "https://github.com/Geforce132/SecurityCraft/blob/eol/1.8.9/Changelog%20v1.8.x.md"
    },
    "1.9.4": {
        "v1.8.12": "https://github.com/Geforce132/SecurityCraft/blob/eol/1.9.4/Changelog%20v1.8.x.md"
    },
    "1.10.2": {
        "v1.8.12": "https://github.com/Geforce132/SecurityCraft/blob/eol/1.10.2/Changelog%20v1.8.x.md"
    },
    "1.11.2": {
        "v1.8.12.1": "https://github.com/Geforce132/SecurityCraft/blob/eol/1.11.2/Changelog%20v1.8.x.md"
    },
    "1.12": {
        "v1.8.8.1": "https://github.com/Geforce132/SecurityCraft/blob/54061f84f188c33db291770e550c4c84a927194c/Changelog%20v1.8.x.md"
    },
    "1.12.1": {
        "v1.8.8.1": "https://github.com/Geforce132/SecurityCraft/blob/54061f84f188c33db291770e550c4c84a927194c/Changelog%20v1.8.x.md"
    },
    "1.12.2": {
        "v1.10.1": "https://github.com/Geforce132/SecurityCraft/blob/eol/1.12.2/Changelog.md"
    },
    "1.13.2": {
        "v1.8.13": "https://github.com/Geforce132/SecurityCraft/blob/eol/1.13.2/Changelog%20v1.8.x.md"
    },
    "1.14.3": {
        "v1.8.12-beta2": "https://github.com/Geforce132/SecurityCraft/blob/b20ce0945abdccb8f2b6abaea5d26c28d0a3b916/Changelog%20v1.8.x.md"
    },
    "1.14.4": {
        "v1.8.22.2": "https://github.com/Geforce132/SecurityCraft/blob/eol/1.14.4/Changelog%20v1.8.x.md"
    },
    "1.15.1": {
        "v1.8.15-beta2": "https://github.com/Geforce132/SecurityCraft/blob/04f414232af5250193ed610da93696a830584cc9/Changelog%20v1.8.x.md"
    },
    "1.15.2": {
        "v1.9.1": "https://github.com/Geforce132/SecurityCraft/blob/eol/1.15.2/Changelog.md"
    },
    "1.16.1": {
        "v1.8.19.3": "https://github.com/Geforce132/SecurityCraft/blob/eol/1.16.1/Changelog%20v1.8.x.md"
    },
    "1.16.2": {
        "v1.8.19.3": "https://github.com/Geforce132/SecurityCraft/blob/2c1c0868dd26f8870bae1b8c0d57041cab3ba897/Changelog%20v1.8.x.md"
    },
    "1.16.3": {
        "v1.8.21.1": "https://github.com/Geforce132/SecurityCraft/blob/44460188b9bf30b94f122ba362092cba5e76e0d2/Changelog%20v1.8.x.md"
    },
    "1.16.4": {
        "v1.8.21.1": "https://github.com/Geforce132/SecurityCraft/blob/44460188b9bf30b94f122ba362092cba5e76e0d2/Changelog%20v1.8.x.md"
    },
    "1.16.5": {
        "v1.10.1": "https://github.com/Geforce132/SecurityCraft/blob/eol/1.16.5/Changelog.md"
    },
    "1.17.1": {
        "1.9.5": "https://github.com/Geforce132/SecurityCraft/blob/eol/1.17.1/Changelog.md"
    },
    "1.18.1": {
        "1.9.0.2-beta1": "https://github.com/Geforce132/SecurityCraft/blob/eol/1.18.1/Changelog.md"
    },
    "1.18.2": {
        "1.10.1": "https://github.com/Geforce132/SecurityCraft/blob/eol/1.18.2/Changelog.md"
    },
    "1.19": {
        "1.9.3.1": "https://github.com/Geforce132/SecurityCraft/blob/eol/1.19/Changelog.md"
    },
    "1.19.1": {
        "1.9.3.1": "https://github.com/Geforce132/SecurityCraft/blob/c60edcc5881fc8ca4394bfeae3254ab0d693ab5e/Changelog.md"
    },
    "1.19.2": {
        "1.9.6.1": "https://github.com/Geforce132/SecurityCraft/blob/eol/1.19.2/Changelog.md"
    },
    "1.19.3": {
        "1.9.8": "https://github.com/Geforce132/SecurityCraft/blob/eol/1.19.3/Changelog.md"
    },
    "1.19.4": {
        "1.10.1": "https://github.com/Geforce132/SecurityCraft/blob/eol/1.19.4/Changelog.md"
    },
    "1.20": {
        "1.9.7-beta2": "https://github.com/Geforce132/SecurityCraft/blob/2e41d10948280cfdfe693e52c3580adf5f0cb18c/Changelog.md"
    },
    "1.20.2": {
        "1.9.9": "https://github.com/Geforce132/SecurityCraft/blob/eol/1.20.2/Changelog.md"
    },
    "1.20.4": {
        "1.10.1": "https://github.com/Geforce132/SecurityCraft/blob/eol/1.20.4/Changelog.md"
    },
    "1.20.6": {
        "1.10.1": "https://github.com/Geforce132/SecurityCraft/blob/eol/1.20.6/Changelog.md"
    },
    "1.21": {
        "1.9.10-beta7": "https://github.com/Geforce132/SecurityCraft/blob/a74d63ec9796e54c5bd8d22c18a320146560a753/Changelog.md"
    },
    "1.21.2": {
        "1.9.11-beta2": "https://github.com/Geforce132/SecurityCraft/blob/63c87ccbc661cecac0e75d54b81b571a3d17a29e/Changelog.md"
    },
    "1.21.3": {
        "1.10.1": "https://github.com/Geforce132/SecurityCraft/blob/eol/1.21.3/Changelog.md"
    },
    "1.21.4": {
        "1.10.1": "https://github.com/Geforce132/SecurityCraft/blob/eol/1.21.4/Changelog.md"
    },
    "1.21.5": {
        "1.10.1": "https://github.com/Geforce132/SecurityCraft/blob/eol/1.21.5/Changelog.md"
    },
    "1.21.6": {
        "1.10-beta3": "https://github.com/Geforce132/SecurityCraft/blob/eol/1.21.6/Changelog.md"
    },
    "1.21.7": {
        "1.10-beta1": "https://github.com/Geforce132/SecurityCraft/blob/eol/1.21.7/Changelog.md"
    },

    "1.20.1": {
        "1.10.1": "https://github.com/Geforce132/SecurityCraft/blob/1.20.1/Changelog.md"
    },
    "1.21.1": {
        "1.10.1": "https://github.com/Geforce132/SecurityCraft/blob/1.21.1/Changelog.md"
    },
    "1.21.8": {
        "1.10.1": "https://github.com/Geforce132/SecurityCraft/blob/1.21.8/Changelog.md"
    },
    "1.21.10": {
        "1.10.1-beta1": "https://github.com/Geforce132/SecurityCraft/blob/1.21.10/Changelog.md"
    },
    "1.21.11": {
        "1.10.1-beta1": "https://github.com/Geforce132/SecurityCraft/blob/1.21.11/Changelog.md"
    }
}
[10Jan2026 02:46:35.514] [Forge Version Check/INFO] [net.minecraftforge.fml.VersionChecker/]: [securitycraft] Found status: UP_TO_DATE Current: 1.10.1 Target: null
[10Jan2026 02:46:35.514] [Forge Version Check/INFO] [net.minecraftforge.fml.VersionChecker/]: [tombstone] Starting version check at https://raw.githubusercontent.com/Corail31/tombstone_lite/master/update.json
[10Jan2026 02:46:35.526] [Forge Version Check/DEBUG] [net.minecraftforge.fml.VersionChecker/]: [tombstone] Received version check data:
{
	"homepage": "https://www.curseforge.com/minecraft/mc-mods/corail-tombstone",
	"promos": {
		"1.21.8-latest": "9.5.9",
		"1.21.8-recommended": "9.5.9",
		"1.21.7-latest": "9.5.9",
		"1.21.7-recommended": "9.5.9",
		"1.21.6-latest": "9.5.1",
		"1.21.6-recommended": "9.5.1",
		"1.21.5-latest": "9.4.3",
		"1.21.5-recommended": "9.4.3",
		"1.21.4-latest": "9.3.9",
		"1.21.4-recommended": "9.3.9",
		"1.21.3-latest": "9.2.4",
		"1.21.3-recommended": "9.2.4",
		"1.21.1-latest": "9.1.10",
		"1.21.1-recommended": "9.1.10",
		"1.20.4-latest": "8.6.4",
		"1.20.4-recommended": "8.6.4",
		"1.20.2-latest": "8.6.3",
		"1.20.2-recommended": "8.6.3",
		"1.20.1-latest": "9.0.9",
		"1.20.1-recommended": "9.0.9",
		"1.19.4-latest": "8.4.2",
		"1.19.4-recommended": "8.4.2",
		"1.19.3-latest": "8.3.2",
		"1.19.3-recommended": "8.3.2",
		"1.19.2-latest": "8.3.9",
		"1.19.2-recommended": "8.3.9",
		"1.19.1-latest": "8.1.0",
		"1.19.1-recommended": "8.1.0",
		"1.18.2-latest": "7.7.7",
		"1.18.2-recommended": "7.7.7",
		"1.18.1-latest": "7.4.1",
		"1.18.1-recommended": "7.4.1",
		"1.17.1-latest": "7.3.0",
		"1.17.1-recommended": "7.3.0",
		"1.16.5-latest": "6.9.7",
		"1.16.5-recommended": "6.9.7",
		"1.15.2-latest": "4.6.0",
		"1.15.2-recommended": "4.6.0",
		"1.14.4-latest": "4.3.6",
		"1.14.4-recommended": "4.3.6",
		"1.13.2-latest": "3.5.2",
		"1.13.2-recommended": "3.5.2",
		"1.12.2-latest": "4.7.5",
		"1.12.2-recommended": "4.7.5",
		"1.11.2-latest": "2.9.0.1",
		"1.11.2-recommended": "2.9.0.1",
		"1.10.2-latest": "2.9.4",
		"1.10.2-recommended": "2.9.4",
		"1.9.4-latest": "1.4.1",
		"1.9.4-recommended": "1.4.1",
		"1.8.9-latest": "1.4.1",
		"1.8.9-recommended": "1.4.1"
	},
	"1.21.8": {
		"9.5.9": "improvements",
		"9.5.8": "reworks the perk system & improves all guiscreens",
		"9.5.7": "fourth forgotten knowledge",
		"9.5.6": "third forgotten knowledge & ritual flute"
	},
	"1.21.7": {
		"9.5.8": "final version"
	},
	"1.21.6": {
		"9.5.1": "final version"
	},
	"1.21.5": {
		"9.4.3": "final version"
	},
	"1.21.4": {
		"9.3.9": "final version"
	},
	"1.21.3": {
		"9.2.4": "final version"
	},
	"1.21.1": {
		"9.1.10": "final version"
	},
	"1.20.4": {
		"8.6.4": "final version"
	},
	"1.20.2": {
		"8.6.3": "final version"
	},
	"1.20.1": {
		"9.0.9": "fixes",
		"9.0.8": "improvements",
		"9.0.7": "reworks the perk system",
		"9.0.6": "improves all guiscreens",
		"9.0.5": "fourth forgotten knowledge",
		"9.0.4": "third forgotten knowledge & ritual flute",
		"9.0.3": "screaming graves",
		"9.0.2": "second forgotten knowledge & readable scrolls",
		"9.0.1": "new event Spring Bloom",
		"9.0.0": "first forgotten knowledge"
	},
	"1.19.4": {
		"8.4.2": "final version"
	},
	"1.19.2": {
		"8.3.9": "final version"
	},
	"1.18.2": {
		"7.7.7": "final version"
	},
	"1.16.5": {
		"6.9.7": "final version"
	},
	"1.12.2": {
		"4.7.5": "final version"
	}
}
[10Jan2026 02:46:35.527] [Forge Version Check/INFO] [net.minecraftforge.fml.VersionChecker/]: [tombstone] Found status: UP_TO_DATE Current: 9.0.9 Target: null
[10Jan2026 02:46:35.527] [Forge Version Check/INFO] [net.minecraftforge.fml.VersionChecker/]: [puzzleslib] Starting version check at https://raw.githubusercontent.com/Fuzss/modresources/main/update/puzzleslib.json
[10Jan2026 02:46:35.540] [Forge Version Check/DEBUG] [net.minecraftforge.fml.VersionChecker/]: [puzzleslib] Received version check data:
{
    "homepage": "https://modrinth.com/mod/puzzles-lib",
    "promos": {
        "1.16.2-latest": "1.0.15",
        "1.16.2-recommended": "1.0.15",
        "1.16.3-latest": "1.0.15",
        "1.16.3-recommended": "1.0.15",
        "1.16.4-latest": "1.0.15",
        "1.16.4-recommended": "1.0.15",
        "1.16.5-latest": "1.0.15",
        "1.16.5-recommended": "1.0.15",
        "1.17.1-latest": "2.0.2",
        "1.17.1-recommended": "2.0.2",
        "1.18-latest": "3.2.1",
        "1.18-recommended": "3.2.1",
        "1.18.1-latest": "3.2.1",
        "1.18.1-recommended": "3.2.1",
        "1.18.2-latest": "3.5.10",
        "1.18.2-recommended": "3.5.10",
        "1.19-latest": "4.0.18",
        "1.19-recommended": "4.0.18",
        "1.19.1-latest": "4.2.4",
        "1.19.1-recommended": "4.2.4",
        "1.19.2-latest": "4.4.3",
        "1.19.2-recommended": "4.4.3",
        "1.19.3-latest": "5.0.33",
        "1.19.3-recommended": "5.0.33",
        "1.19.4-latest": "6.0.11",
        "1.19.4-recommended": "6.0.11",
        "1.20-latest": "7.0.9",
        "1.20-recommended": "7.0.9",
        "1.20.1-latest": "8.1.33",
        "1.20.1-recommended": "8.1.33",
        "1.20.4-latest": "20.4.53",
        "1.20.4-recommended": "20.4.53",
        "1.21-latest": "21.0.28",
        "1.21-recommended": "21.0.28",
        "1.21.1-latest": "21.1.39",
        "1.21.1-recommended": "21.1.39",
        "1.21.10-latest": "21.10.8",
        "1.21.10-recommended": "21.10.8",
        "1.21.11-latest": "21.11.1",
        "1.21.11-recommended": "21.11.1",
        "1.21.3-latest": "21.3.25",
        "1.21.3-recommended": "21.3.25",
        "1.21.4-latest": "21.4.14",
        "1.21.4-recommended": "21.4.14",
        "1.21.5-latest": "21.5.13",
        "1.21.5-recommended": "21.5.13",
        "1.21.6-latest": "21.6.6",
        "1.21.6-recommended": "21.6.6",
        "1.21.7-latest": "21.7.1",
        "1.21.7-recommended": "21.7.1",
        "1.21.8-latest": "21.8.9",
        "1.21.8-recommended": "21.8.9",
        "1.21.9-latest": "21.9.5",
        "1.21.9-recommended": "21.9.5"
    }
}
[10Jan2026 02:46:35.540] [Forge Version Check/INFO] [net.minecraftforge.fml.VersionChecker/]: [puzzleslib] Found status: UP_TO_DATE Current: 8.1.33 Target: null
[10Jan2026 02:46:35.540] [Forge Version Check/INFO] [net.minecraftforge.fml.VersionChecker/]: [moblassos] Starting version check at https://raw.githubusercontent.com/Fuzss/modresources/main/update/moblassos.json
[10Jan2026 02:46:35.556] [Forge Version Check/DEBUG] [net.minecraftforge.fml.VersionChecker/]: [moblassos] Received version check data:
{
    "homepage": "https://github.com/Fuzss/moblassos",
    "promos": {
        "1.19.2-latest": "4.0.0",
        "1.19.2-recommended": "4.0.0",
        "1.19.3-latest": "5.0.0",
        "1.19.3-recommended": "5.0.0",
        "1.19.4-latest": "6.0.0",
        "1.19.4-recommended": "6.0.0",
        "1.20-latest": "7.0.0",
        "1.20-recommended": "7.0.0",
        "1.20.1-latest": "8.0.1",
        "1.20.1-recommended": "8.0.1",
        "1.18.2-latest": "3.0.0",
        "1.18.2-recommended": "3.0.0",
        "1.20.4-latest": "20.4.1",
        "1.20.4-recommended": "20.4.1",
        "1.21.1-latest": "21.1.1",
        "1.21.1-recommended": "21.1.1",
        "1.21.3-latest": "21.3.0",
        "1.21.3-recommended": "21.3.0",
        "1.21.4-latest": "21.4.0",
        "1.21.4-recommended": "21.4.0",
        "1.21.5-latest": "21.5.0",
        "1.21.5-recommended": "21.5.0",
        "1.21.6-latest": "21.6.0",
        "1.21.6-recommended": "21.6.0",
        "1.21.7-latest": "21.7.0",
        "1.21.7-recommended": "21.7.0",
        "1.21.8-latest": "21.8.1",
        "1.21.8-recommended": "21.8.1",
        "1.21.9-latest": "21.9.0",
        "1.21.9-recommended": "21.9.0",
        "1.21.10-latest": "21.10.0",
        "1.21.10-recommended": "21.10.0"
    }
}
[10Jan2026 02:46:35.556] [Forge Version Check/INFO] [net.minecraftforge.fml.VersionChecker/]: [moblassos] Found status: UP_TO_DATE Current: 8.0.1 Target: null
[10Jan2026 02:46:35.888] [main/DEBUG] [mixin/]: Mixing perf.dynamic_dfu.DataFixTypesMixin from modernfix-common.mixins.json into net.minecraft.util.datafix.DataFixTypes
[10Jan2026 02:46:35.906] [main/DEBUG] [mixin/]: Mixing VanillaPackResourcesAccessor from creativecore.mixins.json into net.minecraft.server.packs.VanillaPackResources
[10Jan2026 02:46:35.908] [main/WARN] [net.minecraft.server.packs.VanillaPackResourcesBuilder/]: Assets URL 'union:/workspaces/Servy/servidor_minecraft/libraries/net/minecraft/server/1.20.1-20230612.114412/server-1.20.1-20230612.114412-srg.jar%23199!/assets/.mcassetsroot' uses unexpected schema
[10Jan2026 02:46:35.908] [main/WARN] [net.minecraft.server.packs.VanillaPackResourcesBuilder/]: Assets URL 'union:/workspaces/Servy/servidor_minecraft/libraries/net/minecraft/server/1.20.1-20230612.114412/server-1.20.1-20230612.114412-srg.jar%23199!/data/.mcassetsroot' uses unexpected schema
[10Jan2026 02:46:35.956] [main/DEBUG] [mixin/]: Mixing feature.measure_time.WorldLoaderMixin from modernfix-common.mixins.json into net.minecraft.server.WorldLoader
[10Jan2026 02:46:35.956] [main/DEBUG] [mixin/]: Renaming synthetic method lambda$finishStopwatch$0(Lcom/google/common/base/Stopwatch;Ljava/lang/Object;Ljava/lang/Throwable;)V to mda58a52$lambda$finishStopwatch$0$0 in modernfix-common.mixins.json:feature.measure_time.WorldLoaderMixin
[10Jan2026 02:46:35.957] [main/DEBUG] [mixin/]: Mixing core.WorldLoaderMixin from modernfix-forge.mixins.json into net.minecraft.server.WorldLoader
[10Jan2026 02:46:35.957] [main/DEBUG] [mixin/]: Renaming synthetic method lambda$trackEndReload$0(Ljava/lang/Object;)Ljava/lang/Object; to mda58a52$lambda$trackEndReload$0$1 in modernfix-forge.mixins.json:core.WorldLoaderMixin
[10Jan2026 02:46:35.969] [main/DEBUG] [mixin/]: Mixing perf.resourcepacks.ForgePathPackResourcesMixin from modernfix-forge.mixins.json into net.minecraftforge.resource.PathPackResources
[10Jan2026 02:46:35.970] [main/DEBUG] [mixin/]: Renaming synthetic method lambda$generateResourceCache$0(Lnet/minecraft/server/packs/PackType;)Ljava/nio/file/Path; to mda58a52$lambda$generateResourceCache$0$0 in modernfix-forge.mixins.json:perf.resourcepacks.ForgePathPackResourcesMixin
[10Jan2026 02:46:35.986] [main/DEBUG] [mixin/]: Mixing PathPackResourcesAccessor from creativecore.mixins.json into net.minecraft.server.packs.PathPackResources
[10Jan2026 02:46:35.991] [main/DEBUG] [net.minecraftforge.server.ServerLifecycleHooks/CORE]: Generating PackInfo named mod:uniquedungeons for mod file /workspaces/Servy/servidor_minecraft/mods/uniquedungeons-0.70.5-74.2.0.jar
[10Jan2026 02:46:35.991] [main/DEBUG] [net.minecraftforge.server.ServerLifecycleHooks/CORE]: Generating PackInfo named mod:treechop for mod file /workspaces/Servy/servidor_minecraft/mods/TreeChop-1.20.1-forge-0.19.0-fixed.jar
[10Jan2026 02:46:35.991] [main/DEBUG] [net.minecraftforge.server.ServerLifecycleHooks/CORE]: Generating PackInfo named mod:kuma_api for mod file 
[10Jan2026 02:46:35.992] [main/DEBUG] [net.minecraftforge.server.ServerLifecycleHooks/CORE]: Generating PackInfo named mod:geckolib for mod file /workspaces/Servy/servidor_minecraft/mods/geckolib-forge-1.20.1-4.8.2.jar
[10Jan2026 02:46:35.992] [main/DEBUG] [net.minecraftforge.server.ServerLifecycleHooks/CORE]: Generating PackInfo named mod:jei for mod file /workspaces/Servy/servidor_minecraft/mods/jei-1.20.1-forge-15.20.0.112.jar
[10Jan2026 02:46:35.992] [main/DEBUG] [net.minecraftforge.server.ServerLifecycleHooks/CORE]: Generating PackInfo named mod:graveyard for mod file /workspaces/Servy/servidor_minecraft/mods/The_Graveyard_3.1_(FORGE)_for_1.20.1.jar
[10Jan2026 02:46:35.992] [main/DEBUG] [net.minecraftforge.server.ServerLifecycleHooks/CORE]: Generating PackInfo named mod:uppers for mod file /workspaces/Servy/servidor_minecraft/mods/Uppers-1.0.1.jar
[10Jan2026 02:46:35.992] [main/DEBUG] [net.minecraftforge.server.ServerLifecycleHooks/CORE]: Generating PackInfo named mod:reap for mod file /workspaces/Servy/servidor_minecraft/mods/reap-1.20.1-1.0.2.jar
[10Jan2026 02:46:35.992] [main/DEBUG] [net.minecraftforge.server.ServerLifecycleHooks/CORE]: Generating PackInfo named mod:waystones for mod file /workspaces/Servy/servidor_minecraft/mods/waystones-forge-1.20.1-14.1.17.jar
[10Jan2026 02:46:35.993] [main/DEBUG] [net.minecraftforge.server.ServerLifecycleHooks/CORE]: Generating PackInfo named mod:clumps for mod file /workspaces/Servy/servidor_minecraft/mods/Clumps-forge-1.20.1-12.0.0.4.jar
[10Jan2026 02:46:35.993] [main/DEBUG] [net.minecraftforge.server.ServerLifecycleHooks/CORE]: Generating PackInfo named mod:xaeroworldmap for mod file /workspaces/Servy/servidor_minecraft/mods/XaerosWorldMap_1.39.12_Forge_1.20.jar
[10Jan2026 02:46:35.993] [main/DEBUG] [net.minecraftforge.server.ServerLifecycleHooks/CORE]: Generating PackInfo named mod:modernfix for mod file /workspaces/Servy/servidor_minecraft/mods/modernfix-forge-5.25.1+mc1.20.1.jar
[10Jan2026 02:46:35.993] [main/DEBUG] [net.minecraftforge.server.ServerLifecycleHooks/CORE]: Generating PackInfo named mod:citadel for mod file /workspaces/Servy/servidor_minecraft/mods/citadel-2.6.2-1.20.1.jar
[10Jan2026 02:46:35.993] [main/DEBUG] [net.minecraftforge.server.ServerLifecycleHooks/CORE]: Generating PackInfo named mod:alexsmobs for mod file /workspaces/Servy/servidor_minecraft/mods/alexsmobs-1.22.9.jar
[10Jan2026 02:46:35.994] [main/DEBUG] [net.minecraftforge.server.ServerLifecycleHooks/CORE]: Generating PackInfo named mod:travelersbackpack for mod file /workspaces/Servy/servidor_minecraft/mods/travelersbackpack-forge-1.20.1-9.1.46.jar
[10Jan2026 02:46:35.995] [main/DEBUG] [net.minecraftforge.server.ServerLifecycleHooks/CORE]: Generating PackInfo named mod:artifacts for mod file /workspaces/Servy/servidor_minecraft/mods/artifacts-forge-9.5.16.jar
[10Jan2026 02:46:35.995] [main/DEBUG] [net.minecraftforge.server.ServerLifecycleHooks/CORE]: Generating PackInfo named mod:mixinextras for mod file 
[10Jan2026 02:46:35.995] [main/DEBUG] [net.minecraftforge.server.ServerLifecycleHooks/CORE]: Generating PackInfo named mod:beautifiedchatserver for mod file /workspaces/Servy/servidor_minecraft/mods/beautifiedchatserver-1.20.1-2.7.jar
[10Jan2026 02:46:35.995] [main/DEBUG] [net.minecraftforge.server.ServerLifecycleHooks/CORE]: Generating PackInfo named mod:pickupnotifier for mod file /workspaces/Servy/servidor_minecraft/mods/PickUpNotifier-v8.0.0-1.20.1-Forge.jar
[10Jan2026 02:46:35.995] [main/DEBUG] [net.minecraftforge.server.ServerLifecycleHooks/CORE]: Generating PackInfo named mod:morehitboxes for mod file /workspaces/Servy/servidor_minecraft/mods/morehitboxes-forge-1.20.1-1.9.2.jar
[10Jan2026 02:46:35.996] [main/DEBUG] [net.minecraftforge.server.ServerLifecycleHooks/CORE]: Generating PackInfo named mod:balm for mod file /workspaces/Servy/servidor_minecraft/mods/balm-forge-1.20.1-7.3.37-all.jar
[10Jan2026 02:46:35.996] [main/DEBUG] [net.minecraftforge.server.ServerLifecycleHooks/CORE]: Generating PackInfo named mod:interaction_boxes for mod file /workspaces/Servy/servidor_minecraft/mods/interaction_boxes-0.693.jar
[10Jan2026 02:46:35.996] [main/DEBUG] [net.minecraftforge.server.ServerLifecycleHooks/CORE]: Generating PackInfo named mod:crafttweaker for mod file /workspaces/Servy/servidor_minecraft/mods/CraftTweaker-forge-1.20.1-14.0.59.jar
[10Jan2026 02:46:35.996] [main/DEBUG] [net.minecraftforge.server.ServerLifecycleHooks/CORE]: Generating PackInfo named mod:puzzlesaccessapi for mod file 
[10Jan2026 02:46:35.996] [main/DEBUG] [net.minecraftforge.server.ServerLifecycleHooks/CORE]: Generating PackInfo named mod:cloth_config for mod file /workspaces/Servy/servidor_minecraft/mods/cloth-config-11.1.136-forge.jar
[10Jan2026 02:46:35.997] [main/DEBUG] [net.minecraftforge.server.ServerLifecycleHooks/CORE]: Generating PackInfo named mod:forge for mod file /workspaces/Servy/servidor_minecraft/libraries/net/minecraftforge/forge/1.20.1-47.3.7/forge-1.20.1-47.3.7-universal.jar
[10Jan2026 02:46:35.997] [main/DEBUG] [net.minecraftforge.server.ServerLifecycleHooks/CORE]: Generating PackInfo named mod:twilightforest for mod file /workspaces/Servy/servidor_minecraft/mods/twilightforest-1.20.1-4.3.2508-universal.jar
[10Jan2026 02:46:35.997] [main/DEBUG] [net.minecraftforge.server.ServerLifecycleHooks/CORE]: Generating PackInfo named mod:tlskincape for mod file /workspaces/Servy/servidor_minecraft/mods/tl_skin_cape_forge_1.20-1.38.jar
[10Jan2026 02:46:35.997] [main/DEBUG] [net.minecraftforge.server.ServerLifecycleHooks/CORE]: Generating PackInfo named mod:embeddium for mod file /workspaces/Servy/servidor_minecraft/mods/embeddium-0.3.31+mc1.20.1.jar
[10Jan2026 02:46:35.998] [main/DEBUG] [net.minecraftforge.server.ServerLifecycleHooks/CORE]: Generating PackInfo named mod:betterpingdisplay for mod file /workspaces/Servy/servidor_minecraft/mods/BetterPingDisplay-1.20.1-1.1.jar
[10Jan2026 02:46:35.998] [main/DEBUG] [net.minecraftforge.server.ServerLifecycleHooks/CORE]: Generating PackInfo named mod:tconstruct for mod file /workspaces/Servy/servidor_minecraft/mods/TConstruct-1.20.1-3.10.2.92.jar
[10Jan2026 02:46:35.998] [main/DEBUG] [net.minecraftforge.server.ServerLifecycleHooks/CORE]: Generating PackInfo named mod:borninconfiguration for mod file /workspaces/Servy/servidor_minecraft/mods/borninconfiguration-3.1.2-all.jar
[10Jan2026 02:46:35.998] [main/DEBUG] [net.minecraftforge.server.ServerLifecycleHooks/CORE]: Generating PackInfo named mod:terrablender for mod file /workspaces/Servy/servidor_minecraft/mods/TerraBlender-forge-1.20.1-3.0.1.10.jar
[10Jan2026 02:46:35.998] [main/DEBUG] [net.minecraftforge.server.ServerLifecycleHooks/CORE]: Generating PackInfo named mod:mousetweaks for mod file /workspaces/Servy/servidor_minecraft/mods/MouseTweaks-forge-mc1.20.1-2.25.1.jar
[10Jan2026 02:46:35.999] [main/DEBUG] [net.minecraftforge.server.ServerLifecycleHooks/CORE]: Generating PackInfo named mod:jade for mod file /workspaces/Servy/servidor_minecraft/mods/Jade-1.20.1-Forge-11.13.2.jar
[10Jan2026 02:46:36.000] [main/DEBUG] [net.minecraftforge.server.ServerLifecycleHooks/CORE]: Generating PackInfo named mod:tbsfbsp for mod file /workspaces/Servy/servidor_minecraft/mods/tbsfbsp-0.74.jar
[10Jan2026 02:46:36.001] [main/DEBUG] [net.minecraftforge.server.ServerLifecycleHooks/CORE]: Generating PackInfo named mod:creativecore for mod file /workspaces/Servy/servidor_minecraft/mods/CreativeCore_FORGE_v2.12.32_mc1.20.1.jar
[10Jan2026 02:46:36.001] [main/DEBUG] [net.minecraftforge.server.ServerLifecycleHooks/CORE]: Generating PackInfo named mod:chunky for mod file /workspaces/Servy/servidor_minecraft/mods/Chunky-1.3.146.jar
[10Jan2026 02:46:36.001] [main/DEBUG] [net.minecraftforge.server.ServerLifecycleHooks/CORE]: Generating PackInfo named mod:born_in_chaos_v1 for mod file /workspaces/Servy/servidor_minecraft/mods/born_in_chaos_[Forge]1.20.1_1.7.3.jar
[10Jan2026 02:46:36.001] [main/DEBUG] [net.minecraftforge.server.ServerLifecycleHooks/CORE]: Generating PackInfo named mod:spark for mod file /workspaces/Servy/servidor_minecraft/mods/spark-1.10.53-forge.jar
[10Jan2026 02:46:36.001] [main/DEBUG] [net.minecraftforge.server.ServerLifecycleHooks/CORE]: Generating PackInfo named mod:kotlinforforge for mod file 
[10Jan2026 02:46:36.002] [main/DEBUG] [net.minecraftforge.server.ServerLifecycleHooks/CORE]: Generating PackInfo named mod:curios for mod file /workspaces/Servy/servidor_minecraft/mods/curios-forge-5.14.1+1.20.1.jar
[10Jan2026 02:46:36.002] [main/DEBUG] [net.minecraftforge.server.ServerLifecycleHooks/CORE]: Generating PackInfo named mod:mantle for mod file /workspaces/Servy/servidor_minecraft/mods/Mantle-1.20.1-1.11.79.jar
[10Jan2026 02:46:36.002] [main/DEBUG] [net.minecraftforge.server.ServerLifecycleHooks/CORE]: Generating PackInfo named mod:xaerominimap for mod file /workspaces/Servy/servidor_minecraft/mods/Xaeros_Minimap_25.2.10_Forge_1.20.jar
[10Jan2026 02:46:36.002] [main/DEBUG] [net.minecraftforge.server.ServerLifecycleHooks/CORE]: Generating PackInfo named mod:collective for mod file /workspaces/Servy/servidor_minecraft/mods/collective-1.20.1-8.13.jar
[10Jan2026 02:46:36.002] [main/DEBUG] [net.minecraftforge.server.ServerLifecycleHooks/CORE]: Generating PackInfo named mod:securitycraft for mod file /workspaces/Servy/servidor_minecraft/mods/[1.20.1] SecurityCraft v1.10.1.jar
[10Jan2026 02:46:36.003] [main/DEBUG] [net.minecraftforge.server.ServerLifecycleHooks/CORE]: Generating PackInfo named mod:tombstone for mod file /workspaces/Servy/servidor_minecraft/mods/tombstone-1.20.1-9.0.9.jar
[10Jan2026 02:46:36.003] [main/DEBUG] [net.minecraftforge.server.ServerLifecycleHooks/CORE]: Generating PackInfo named mod:architectury for mod file /workspaces/Servy/servidor_minecraft/mods/architectury-9.2.14-forge (1).jar
[10Jan2026 02:46:36.003] [main/DEBUG] [net.minecraftforge.server.ServerLifecycleHooks/CORE]: Generating PackInfo named mod:fossil for mod file /workspaces/Servy/servidor_minecraft/mods/fossil-forge-1.20.1-9.3.0.2.jar
[10Jan2026 02:46:36.003] [main/DEBUG] [net.minecraftforge.server.ServerLifecycleHooks/CORE]: Generating PackInfo named mod:ferritecore for mod file /workspaces/Servy/servidor_minecraft/mods/ferritecore-6.0.1-forge.jar
[10Jan2026 02:46:36.003] [main/DEBUG] [net.minecraftforge.server.ServerLifecycleHooks/CORE]: Generating PackInfo named mod:puzzleslib for mod file /workspaces/Servy/servidor_minecraft/mods/PuzzlesLib-v8.1.33-1.20.1-Forge.jar
[10Jan2026 02:46:36.004] [main/DEBUG] [net.minecraftforge.server.ServerLifecycleHooks/CORE]: Generating PackInfo named mod:observable for mod file /workspaces/Servy/servidor_minecraft/mods/observable-4.4.1.jar
[10Jan2026 02:46:36.004] [main/DEBUG] [net.minecraftforge.server.ServerLifecycleHooks/CORE]: Generating PackInfo named mod:expandability for mod file 
[10Jan2026 02:46:36.004] [main/DEBUG] [net.minecraftforge.server.ServerLifecycleHooks/CORE]: Generating PackInfo named mod:moblassos for mod file /workspaces/Servy/servidor_minecraft/mods/MobLassos-v8.0.1-1.20.1-Forge.jar
[10Jan2026 02:46:36.004] [main/DEBUG] [net.minecraftforge.server.ServerLifecycleHooks/CORE]: Generating PackInfo named mod:playerrevive for mod file /workspaces/Servy/servidor_minecraft/mods/PlayerRevive_FORGE_v2.0.31_mc1.20.1.jar
[10Jan2026 02:46:36.051] [main/DEBUG] [ModernFix/]: Generated cache for /assets in 10.27 ms
[10Jan2026 02:46:36.053] [main/DEBUG] [ModernFix/]: Generated cache for /assets in 654.2 μs
[10Jan2026 02:46:36.080] [main/DEBUG] [ModernFix/]: Generated cache for /assets in 27.07 ms
[10Jan2026 02:46:36.082] [main/DEBUG] [ModernFix/]: Generated cache for /assets in 1.235 ms
[10Jan2026 02:46:36.142] [main/DEBUG] [ModernFix/]: Generated cache for /assets in 60.51 ms
[10Jan2026 02:46:36.144] [main/DEBUG] [ModernFix/]: Generated cache for /assets in 772.4 μs
[10Jan2026 02:46:36.154] [main/DEBUG] [ModernFix/]: Generated cache for /assets in 10.69 ms
[10Jan2026 02:46:36.157] [main/DEBUG] [ModernFix/]: Generated cache for /assets in 247.0 μs
[10Jan2026 02:46:36.160] [main/DEBUG] [ModernFix/]: Generated cache for /assets in 3.103 ms
[10Jan2026 02:46:36.161] [main/DEBUG] [ModernFix/]: Generated cache for /assets in 389.7 μs
[10Jan2026 02:46:36.161] [main/DEBUG] [ModernFix/]: Generated cache for /assets in 97.10 μs
[10Jan2026 02:46:36.162] [main/DEBUG] [ModernFix/]: Generated cache for /assets in 498.0 μs
[10Jan2026 02:46:36.319] [main/DEBUG] [ModernFix/]: Generated cache for /assets in 156.6 ms
[10Jan2026 02:46:36.325] [main/DEBUG] [ModernFix/]: Generated cache for /assets in 5.756 ms
[10Jan2026 02:46:36.327] [main/DEBUG] [ModernFix/]: Generated cache for /assets in 2.604 ms
[10Jan2026 02:46:36.362] [main/DEBUG] [ModernFix/]: Generated cache for /assets in 34.18 ms
[10Jan2026 02:46:36.363] [main/DEBUG] [ModernFix/]: Generated cache for /assets in 432.3 μs
[10Jan2026 02:46:36.369] [main/DEBUG] [ModernFix/]: Generated cache for /assets in 6.707 ms
[10Jan2026 02:46:36.370] [main/DEBUG] [ModernFix/]: Generated cache for /assets in 426.5 μs
[10Jan2026 02:46:36.370] [main/DEBUG] [ModernFix/]: Generated cache for /assets in 176.2 μs
[10Jan2026 02:46:36.371] [main/DEBUG] [ModernFix/]: Generated cache for /assets in 201.7 μs
[10Jan2026 02:46:36.375] [main/DEBUG] [ModernFix/]: Generated cache for /assets in 4.278 ms
[10Jan2026 02:46:36.393] [main/DEBUG] [ModernFix/]: Generated cache for /assets in 17.41 ms
[10Jan2026 02:46:36.420] [main/DEBUG] [ModernFix/]: Generated cache for /assets in 26.35 ms
[10Jan2026 02:46:36.422] [main/DEBUG] [ModernFix/]: Generated cache for /assets in 608.2 μs
[10Jan2026 02:46:36.422] [main/DEBUG] [ModernFix/]: Generated cache for /assets in 75.33 μs
[10Jan2026 02:46:36.422] [main/DEBUG] [ModernFix/]: Generated cache for /assets in 175.9 μs
[10Jan2026 02:46:36.422] [main/DEBUG] [ModernFix/]: Generated cache for /assets in 177.6 μs
[10Jan2026 02:46:36.423] [main/DEBUG] [ModernFix/]: Generated cache for /assets in 206.5 μs
[10Jan2026 02:46:36.423] [main/DEBUG] [ModernFix/]: Generated cache for /assets in 442.7 μs
[10Jan2026 02:46:36.425] [main/DEBUG] [ModernFix/]: Generated cache for /assets in 1.038 ms
[10Jan2026 02:46:36.425] [main/DEBUG] [ModernFix/]: Generated cache for /assets in 72.44 μs
[10Jan2026 02:46:36.425] [main/DEBUG] [ModernFix/]: Generated cache for /assets in 381.7 μs
[10Jan2026 02:46:36.426] [main/DEBUG] [ModernFix/]: Generated cache for /assets in 59.66 μs
[10Jan2026 02:46:36.426] [main/DEBUG] [ModernFix/]: Generated cache for /assets in 85.70 μs
[10Jan2026 02:46:36.426] [main/DEBUG] [ModernFix/]: Generated cache for /assets in 252.5 μs
[10Jan2026 02:46:36.426] [main/DEBUG] [ModernFix/]: Generated cache for /assets in 171.7 μs
[10Jan2026 02:46:37.707] [main/DEBUG] [mixin/]: Mixing bugfix.registry_ops_cme.RegistryOpsMemoizedMixin from modernfix-common.mixins.json into net.minecraft.resources.RegistryOps$1
[10Jan2026 02:46:37.978] [main/DEBUG] [mixin/]: Mixing PrimaryLevelDataMixin from citadel.mixins.json into net.minecraft.world.level.storage.PrimaryLevelData
[10Jan2026 02:46:37.980] [main/DEBUG] [mixin/]: Mixing MixinPrimaryLevelData from terrablender.mixins.json into net.minecraft.world.level.storage.PrimaryLevelData
[10Jan2026 02:46:37.980] [main/DEBUG] [mixin/]: Mixing PrimaryLevelDataMixin from collective_forge.mixins.json into net.minecraft.world.level.storage.PrimaryLevelData
[10Jan2026 02:46:38.102] [main/DEBUG] [net.minecraftforge.coremod.transformer.CoreModBaseTransformer/COREMOD]: Transforming net/minecraft/server/commands/SummonCommand
[10Jan2026 02:46:38.204] [main/DEBUG] [mixin/]: Mixing perf.potential_spawns_alloc.ForgeEventFactoryMixin from modernfix-forge.mixins.json into net.minecraftforge.event.ForgeEventFactory
[10Jan2026 02:46:38.327] [main/DEBUG] [mixin/]: Mixing debug.TagLoaderMixin from mixins.artifacts.common.json into net.minecraft.tags.TagLoader
[10Jan2026 02:46:38.336] [main/DEBUG] [mixin/]: Mixing common.access.recipe.AccessRecipeManager from crafttweaker.mixins.json into net.minecraft.world.item.crafting.RecipeManager
[10Jan2026 02:46:38.337] [main/DEBUG] [mixin/]: Mixing perf.datapack_reload_exceptions.RecipeManagerMixin from modernfix-forge.mixins.json into net.minecraft.world.item.crafting.RecipeManager
[10Jan2026 02:46:38.342] [main/DEBUG] [mixin/]: Mixing feature.measure_time.AddReloadListenerEventWrapperMixin from modernfix-forge.mixins.json into net.minecraftforge.event.AddReloadListenerEvent$WrappedStateAwareListener
[10Jan2026 02:46:38.343] [main/INFO] [com.github.alexthe666.alexsmobs.AlexsMobs/]: Adding datapack listener capsid_recipes
[10Jan2026 02:46:38.352] [main/DEBUG] [mixin/]: Mixing feature.measure_time.SimpleReloadInstanceMixin from modernfix-common.mixins.json into net.minecraft.server.packs.resources.SimpleReloadInstance
[10Jan2026 02:46:38.369] [Worker-Main-1/DEBUG] [mixin/]: Mixing perf.tag_id_caching.TagEntryMixin from modernfix-forge.mixins.json into net.minecraft.tags.TagEntry
[10Jan2026 02:46:38.474] [Worker-Main-1/WARN] [artifacts.Artifacts/]: Tag entries for curios:tags/items/magic_book.json cleared by tombstone-1.20.1-9.0.9.jar
[10Jan2026 02:46:38.859] [Worker-Main-2/DEBUG] [net.minecraftforge.coremod.transformer.CoreModBaseTransformer/COREMOD]: Transforming net/minecraft/world/entity/raid/Raid
[10Jan2026 02:46:38.948] [Worker-Main-1/INFO] [Mantle/]: Loaded 20 loot table injectors injecting into 18 tables in 15.645126 ms
[10Jan2026 02:46:39.067] [Worker-Main-2/DEBUG] [Mantle/]: Injecting into 1 pools in the table minecraft:gameplay/hero_of_the_village/toolsmith_gift
[10Jan2026 02:46:39.096] [Worker-Main-2/DEBUG] [Mantle/]: Injecting into 1 pools in the table minecraft:chests/igloo_chest
[10Jan2026 02:46:39.116] [Worker-Main-2/DEBUG] [Mantle/]: Injecting into 1 pools in the table minecraft:chests/end_city_treasure
[10Jan2026 02:46:39.131] [Worker-Main-2/DEBUG] [Mantle/]: Injecting into 1 pools in the table minecraft:chests/ruined_portal
[10Jan2026 02:46:39.144] [Worker-Main-2/DEBUG] [Mantle/]: Injecting into 1 pools in the table minecraft:chests/abandoned_mineshaft
[10Jan2026 02:46:39.175] [Worker-Main-2/DEBUG] [Mantle/]: Injecting into 1 pools in the table minecraft:chests/buried_treasure
[10Jan2026 02:46:39.186] [Worker-Main-2/DEBUG] [Mantle/]: Injecting into 1 pools in the table minecraft:chests/bastion_bridge
[10Jan2026 02:46:39.190] [Worker-Main-2/DEBUG] [Mantle/]: Injecting into 1 pools in the table minecraft:chests/pillager_outpost
[10Jan2026 02:46:39.207] [Worker-Main-2/DEBUG] [Mantle/]: Injecting into 1 pools in the table minecraft:chests/woodland_mansion
[10Jan2026 02:46:39.212] [Worker-Main-2/DEBUG] [Mantle/]: Injecting into 1 pools in the table minecraft:chests/bastion_treasure
[10Jan2026 02:46:39.223] [Worker-Main-2/DEBUG] [Mantle/]: Injecting into 1 pools in the table minecraft:chests/nether_bridge
[10Jan2026 02:46:39.252] [Worker-Main-2/DEBUG] [Mantle/]: Injecting into 1 pools in the table minecraft:gameplay/fishing/treasure
[10Jan2026 02:46:39.257] [Worker-Main-2/DEBUG] [Mantle/]: Injecting into 1 pools in the table minecraft:gameplay/hero_of_the_village/weaponsmith_gift
[10Jan2026 02:46:39.268] [Worker-Main-2/DEBUG] [Mantle/]: Injecting into 2 pools in the table minecraft:chests/simple_dungeon
[10Jan2026 02:46:39.284] [Worker-Main-2/DEBUG] [Mantle/]: Injecting into 1 pools in the table minecraft:chests/shipwreck_treasure
[10Jan2026 02:46:39.289] [Worker-Main-2/DEBUG] [Mantle/]: Injecting into 2 pools in the table minecraft:chests/spawn_bonus_chest
[10Jan2026 02:46:39.293] [Worker-Main-2/DEBUG] [Mantle/]: Injecting into 1 pools in the table minecraft:gameplay/piglin_bartering
[10Jan2026 02:46:39.298] [Worker-Main-2/DEBUG] [tombstone/]: Updating LootTables
[10Jan2026 02:46:39.310] [Worker-Main-2/DEBUG] [Mantle/]: Injecting into 1 pools in the table minecraft:chests/bastion_other
[10Jan2026 02:46:39.435] [main/WARN] [net.minecraft.world.level.storage.loot.LootDataManager/]: Found loot table element validation problem in {loot_tables:alexsmobs:gameplay/seal_reward}.pools[0].entries[0]->{minecraft:gameplay/fishing/junk}.pools[1].condition[1]: Parameters [<parameter minecraft:origin>] are not provided in this context
[10Jan2026 02:46:39.492] [main/INFO] [net.minecraft.world.item.crafting.RecipeManager/]: Skipping loading recipe twilightforest:jeed/frosted as it's serializer returned null
[10Jan2026 02:46:39.499] [main/INFO] [net.minecraft.world.item.crafting.RecipeManager/]: Skipping loading recipe twilightforest:jeed/hunger as it's serializer returned null
[10Jan2026 02:46:39.515] [main/INFO] [net.minecraft.world.item.crafting.RecipeManager/]: Skipping loading recipe tconstruct:smeltery/alloys/molten_pewter as it's serializer returned null
[10Jan2026 02:46:39.543] [main/INFO] [net.minecraft.world.item.crafting.RecipeManager/]: Skipping loading recipe twilightforest:jeed/blindness as it's serializer returned null
[10Jan2026 02:46:39.556] [main/INFO] [net.minecraft.world.item.crafting.RecipeManager/]: Skipping loading recipe twilightforest:jeed/poison as it's serializer returned null
[10Jan2026 02:46:39.589] [main/INFO] [net.minecraft.world.item.crafting.RecipeManager/]: Skipping loading recipe twilightforest:jeed/resistance as it's serializer returned null
[10Jan2026 02:46:39.614] [main/INFO] [net.minecraft.world.item.crafting.RecipeManager/]: Skipping loading recipe twilightforest:jeed/regeneration as it's serializer returned null
[10Jan2026 02:46:39.615] [main/INFO] [net.minecraft.world.item.crafting.RecipeManager/]: Skipping loading recipe twilightforest:jeed/slowness as it's serializer returned null
[10Jan2026 02:46:39.619] [main/INFO] [net.minecraft.world.item.crafting.RecipeManager/]: Skipping loading recipe twilightforest:jeed/fire_resistance as it's serializer returned null
[10Jan2026 02:46:39.625] [main/INFO] [net.minecraft.world.item.crafting.RecipeManager/]: Loaded 29 recipes
[10Jan2026 02:46:39.796] [main/INFO] [net.minecraft.advancements.AdvancementList/]: Loaded 3765 advancements
[10Jan2026 02:46:39.815] [main/INFO] [twilightforest/]: Loaded 9 Stalactite configs!
[10Jan2026 02:46:39.818] [main/DEBUG] [slimeknights.tconstruct.library.materials.definition.MaterialManager/]: Skipped loading material tconstruct:silver as it did not match the condition
[10Jan2026 02:46:39.818] [main/DEBUG] [slimeknights.tconstruct.library.materials.definition.MaterialManager/]: Skipped loading material tconstruct:pewter as it did not match the condition
[10Jan2026 02:46:39.818] [main/DEBUG] [slimeknights.tconstruct.library.materials.definition.MaterialManager/]: Skipped loading material tconstruct:bronze as it did not match the condition
[10Jan2026 02:46:39.818] [main/DEBUG] [slimeknights.tconstruct.library.materials.definition.MaterialManager/]: Skipped loading material tconstruct:invar as it did not match the condition
[10Jan2026 02:46:39.819] [main/DEBUG] [slimeknights.tconstruct.library.materials.definition.MaterialManager/]: Skipped loading material tconstruct:platinum as it did not match the condition
[10Jan2026 02:46:39.819] [main/DEBUG] [slimeknights.tconstruct.library.materials.definition.MaterialManager/]: Skipped loading material tconstruct:necronium as it did not match the condition
[10Jan2026 02:46:39.819] [main/DEBUG] [slimeknights.tconstruct.library.materials.definition.MaterialManager/]: Skipped loading material tconstruct:plated_slimewood as it did not match the condition
[10Jan2026 02:46:39.819] [main/DEBUG] [slimeknights.tconstruct.library.materials.definition.MaterialManager/]: Skipped loading material tconstruct:constantan as it did not match the condition
[10Jan2026 02:46:39.820] [main/DEBUG] [slimeknights.tconstruct.library.materials.definition.MaterialManager/]: Redirecting material tconstruct:chain to tconstruct:rose_gold
[10Jan2026 02:46:39.820] [main/DEBUG] [slimeknights.tconstruct.library.materials.definition.MaterialManager/]: Skipped loading material tconstruct:electrum as it did not match the condition
[10Jan2026 02:46:39.820] [main/DEBUG] [slimeknights.tconstruct.library.materials.definition.MaterialManager/]: Redirecting material tconstruct:bloodbone to tconstruct:venombone
[10Jan2026 02:46:39.820] [main/DEBUG] [slimeknights.tconstruct.library.materials.definition.MaterialManager/]: Skipped loading material tconstruct:osmium as it did not match the condition
[10Jan2026 02:46:39.821] [main/DEBUG] [slimeknights.tconstruct.library.materials.definition.MaterialManager/]: Skipped loading material tconstruct:lead as it did not match the condition
[10Jan2026 02:46:39.821] [main/DEBUG] [slimeknights.tconstruct.library.materials.definition.MaterialManager/]: Skipped loading material tconstruct:aluminum as it did not match the condition
[10Jan2026 02:46:39.821] [main/DEBUG] [slimeknights.tconstruct.library.materials.definition.MaterialManager/]: Skipped loading material tconstruct:tungsten as it did not match the condition
[10Jan2026 02:46:39.821] [main/DEBUG] [slimeknights.tconstruct.library.materials.definition.MaterialManager/]: Skipped loading material tconstruct:treated_wood as it did not match the condition
[10Jan2026 02:46:39.822] [main/DEBUG] [slimeknights.tconstruct.library.materials.definition.MaterialManager/]: Loaded materials: 
	tconstruct:slimeskin
	tconstruct:queens_slime
	tconstruct:twisting_vine
	tconstruct:honey
	tconstruct:copper
	tconstruct:phantom
	tconstruct:scorched_stone
	tconstruct:chorus
	tconstruct:whitestone
	tconstruct:ichorskin
	tconstruct:skyslime_vine
	tconstruct:obsidian
	tconstruct:steel
	tconstruct:amethyst_bronze
	tconstruct:ancient_hide
	tconstruct:hepatizon
	tconstruct:blood
	tconstruct:clay
	tconstruct:nahuatl
	tconstruct:wood
	tconstruct:ender_pearl
	tconstruct:pig_iron
	tconstruct:string
	tconstruct:ichor
	tconstruct:darkthread
	tconstruct:vine
	tconstruct:slimewood
	tconstruct:blazing_bone
	tconstruct:bone
	tconstruct:cinderslime
	tconstruct:venombone
	tconstruct:flint
	tconstruct:iron
	tconstruct:rotten_flesh
	tconstruct:necrotic_bone
	tconstruct:ancient
	tconstruct:enderslime_vine
	tconstruct:rose_gold
	tconstruct:glass
	tconstruct:seared_stone
	tconstruct:blazewood
	tconstruct:manyullyn
	tconstruct:ice
	tconstruct:magma
	tconstruct:weeping_vine
	tconstruct:gold
	tconstruct:bamboo
	tconstruct:rock
	tconstruct:earthslime
	tconstruct:cactus
	tconstruct:enderslime
	tconstruct:skyslime
	tconstruct:slimesteel
	tconstruct:cobalt
	tconstruct:leather
[10Jan2026 02:46:39.822] [main/DEBUG] [slimeknights.tconstruct.library.materials.definition.MaterialManager/]: Loaded redirects: 
	tconstruct:bloodbone
	tconstruct:chain
[10Jan2026 02:46:39.822] [main/INFO] [slimeknights.tconstruct.library.materials.definition.MaterialManager/]: Loaded 55 materials in 7.052591 ms
[10Jan2026 02:46:39.826] [main/INFO] [slimeknights.tconstruct.library.materials.definition.MaterialManager/]: Loaded 9 material tags for 39 materials in 3.588576 ms
[10Jan2026 02:46:39.835] [main/DEBUG] [slimeknights.tconstruct.library.materials.stats.MaterialStatsManager/]: Loaded stats for materials:
	tconstruct:silver - [tconstruct:plating_leggings, tconstruct:maille, tconstruct:handle, tconstruct:plating_shield, tconstruct:head, tconstruct:limb, tconstruct:plating_boots, tconstruct:plating_helmet, tconstruct:grip, tconstruct:binding, tconstruct:plating_chestplate]
	tconstruct:slimeskin - [tconstruct:maille, tconstruct:repair_kit, tconstruct:bowstring, tconstruct:cuirass]
	tconstruct:twisting_vine - [tconstruct:maille, tconstruct:bowstring, tconstruct:binding]
	tconstruct:queens_slime - [tconstruct:plating_leggings, tconstruct:maille, tconstruct:handle, tconstruct:plating_shield, tconstruct:head, tconstruct:limb, tconstruct:plating_boots, tconstruct:plating_helmet, tconstruct:grip, tconstruct:binding, tconstruct:plating_chestplate]
	tconstruct:honey - []
	tconstruct:scorched_stone - [tconstruct:plating_leggings, tconstruct:maille, tconstruct:handle, tconstruct:plating_shield, tconstruct:head, tconstruct:plating_boots, tconstruct:plating_helmet, tconstruct:binding, tconstruct:plating_chestplate]
	tconstruct:phantom - [tconstruct:repair_kit]
	tconstruct:copper - [tconstruct:plating_leggings, tconstruct:skull, tconstruct:maille, tconstruct:handle, tconstruct:plating_shield, tconstruct:head, tconstruct:limb, tconstruct:plating_boots, tconstruct:plating_helmet, tconstruct:grip, tconstruct:binding, tconstruct:plating_chestplate]
	tconstruct:pewter - [tconstruct:plating_leggings, tconstruct:maille, tconstruct:handle, tconstruct:plating_shield, tconstruct:head, tconstruct:limb, tconstruct:plating_boots, tconstruct:plating_helmet, tconstruct:grip, tconstruct:binding, tconstruct:plating_chestplate]
	tconstruct:whitestone - [tconstruct:handle, tconstruct:head, tconstruct:binding]
	tconstruct:chorus - [tconstruct:handle, tconstruct:shield_core, tconstruct:head, tconstruct:limb, tconstruct:grip, tconstruct:binding]
	tconstruct:ichorskin - [tconstruct:maille, tconstruct:repair_kit, tconstruct:cuirass]
	tconstruct:skyslime_vine - [tconstruct:maille, tconstruct:repair_kit, tconstruct:bowstring, tconstruct:cuirass, tconstruct:binding]
	tconstruct:bronze - [tconstruct:plating_leggings, tconstruct:maille, tconstruct:handle, tconstruct:plating_shield, tconstruct:head, tconstruct:limb, tconstruct:plating_boots, tconstruct:plating_helmet, tconstruct:grip, tconstruct:binding, tconstruct:plating_chestplate]
	tconstruct:obsidian - [tconstruct:plating_leggings, tconstruct:maille, tconstruct:plating_shield, tconstruct:plating_boots, tconstruct:plating_helmet, tconstruct:plating_chestplate]
	tconstruct:steel - [tconstruct:plating_leggings, tconstruct:maille, tconstruct:handle, tconstruct:plating_shield, tconstruct:head, tconstruct:limb, tconstruct:plating_boots, tconstruct:plating_helmet, tconstruct:grip, tconstruct:binding, tconstruct:plating_chestplate]
	tconstruct:invar - [tconstruct:plating_leggings, tconstruct:maille, tconstruct:handle, tconstruct:plating_shield, tconstruct:head, tconstruct:limb, tconstruct:plating_boots, tconstruct:plating_helmet, tconstruct:grip, tconstruct:binding, tconstruct:plating_chestplate]
	tconstruct:amethyst_bronze - [tconstruct:plating_leggings, tconstruct:maille, tconstruct:handle, tconstruct:plating_shield, tconstruct:head, tconstruct:limb, tconstruct:plating_boots, tconstruct:plating_helmet, tconstruct:grip, tconstruct:binding, tconstruct:plating_chestplate]
	tconstruct:ancient_hide - [tconstruct:maille, tconstruct:repair_kit, tconstruct:bowstring, tconstruct:cuirass, tconstruct:binding]
	tconstruct:hepatizon - [tconstruct:plating_leggings, tconstruct:maille, tconstruct:handle, tconstruct:plating_shield, tconstruct:head, tconstruct:limb, tconstruct:plating_boots, tconstruct:plating_helmet, tconstruct:grip, tconstruct:binding, tconstruct:plating_chestplate]
	tconstruct:blood - []
	tconstruct:clay - []
	tconstruct:wood - [tconstruct:handle, tconstruct:shield_core, tconstruct:head, tconstruct:limb, tconstruct:grip, tconstruct:binding]
	tconstruct:nahuatl - [tconstruct:handle, tconstruct:shield_core, tconstruct:head, tconstruct:limb, tconstruct:grip, tconstruct:binding]
	tconstruct:pig_iron - [tconstruct:plating_leggings, tconstruct:skull, tconstruct:maille, tconstruct:handle, tconstruct:plating_shield, tconstruct:head, tconstruct:plating_boots, tconstruct:plating_helmet, tconstruct:binding, tconstruct:plating_chestplate]
	tconstruct:ender_pearl - [tconstruct:skull]
	tconstruct:platinum - [tconstruct:handle, tconstruct:head, tconstruct:limb, tconstruct:grip, tconstruct:binding]
	tconstruct:string - [tconstruct:skull, tconstruct:bowstring, tconstruct:binding]
	tconstruct:necronium - [tconstruct:handle, tconstruct:head, tconstruct:limb, tconstruct:grip, tconstruct:binding]
	tconstruct:ichor - []
	tconstruct:darkthread - [tconstruct:skull, tconstruct:bowstring, tconstruct:binding]
	tconstruct:vine - [tconstruct:maille, tconstruct:bowstring, tconstruct:binding]
	tconstruct:slimewood - [tconstruct:handle, tconstruct:shield_core, tconstruct:head, tconstruct:limb, tconstruct:grip, tconstruct:binding]
	tconstruct:blazing_bone - [tconstruct:skull, tconstruct:handle, tconstruct:head, tconstruct:limb, tconstruct:grip, tconstruct:binding]
	tconstruct:plated_slimewood - [tconstruct:handle, tconstruct:head, tconstruct:limb, tconstruct:grip, tconstruct:binding]
	tconstruct:bone - [tconstruct:skull, tconstruct:handle, tconstruct:head, tconstruct:limb, tconstruct:grip, tconstruct:binding]
	tconstruct:cinderslime - [tconstruct:plating_leggings, tconstruct:maille, tconstruct:handle, tconstruct:plating_shield, tconstruct:head, tconstruct:limb, tconstruct:plating_boots, tconstruct:plating_helmet, tconstruct:grip, tconstruct:binding, tconstruct:plating_chestplate]
	tconstruct:constantan - [tconstruct:plating_leggings, tconstruct:maille, tconstruct:handle, tconstruct:plating_shield, tconstruct:head, tconstruct:limb, tconstruct:plating_boots, tconstruct:plating_helmet, tconstruct:grip, tconstruct:binding, tconstruct:plating_chestplate]
	tconstruct:venombone - [tconstruct:skull, tconstruct:handle, tconstruct:head, tconstruct:limb, tconstruct:grip, tconstruct:binding]
	tconstruct:iron - [tconstruct:plating_leggings, tconstruct:skull, tconstruct:maille, tconstruct:handle, tconstruct:plating_shield, tconstruct:head, tconstruct:limb, tconstruct:plating_boots, tconstruct:plating_helmet, tconstruct:grip, tconstruct:binding, tconstruct:plating_chestplate]
	tconstruct:flint - [tconstruct:handle, tconstruct:head, tconstruct:binding]
	tconstruct:rotten_flesh - [tconstruct:skull]
	tconstruct:necrotic_bone - [tconstruct:skull, tconstruct:handle, tconstruct:head, tconstruct:limb, tconstruct:grip, tconstruct:binding]
	tconstruct:rose_gold - [tconstruct:skull, tconstruct:limb, tconstruct:plating_helmet, tconstruct:grip, tconstruct:plating_leggings, tconstruct:maille, tconstruct:handle, tconstruct:bowstring, tconstruct:plating_shield, tconstruct:head, tconstruct:plating_boots, tconstruct:binding, tconstruct:plating_chestplate]
	tconstruct:enderslime_vine - [tconstruct:maille, tconstruct:repair_kit, tconstruct:bowstring, tconstruct:cuirass, tconstruct:binding]
	tconstruct:electrum - [tconstruct:plating_leggings, tconstruct:maille, tconstruct:handle, tconstruct:plating_shield, tconstruct:head, tconstruct:limb, tconstruct:plating_boots, tconstruct:plating_helmet, tconstruct:grip, tconstruct:binding, tconstruct:plating_chestplate]
	tconstruct:ancient - [tconstruct:plating_leggings, tconstruct:plating_shield, tconstruct:head, tconstruct:limb, tconstruct:plating_boots, tconstruct:plating_helmet, tconstruct:plating_chestplate]
	tconstruct:seared_stone - [tconstruct:plating_leggings, tconstruct:maille, tconstruct:handle, tconstruct:plating_shield, tconstruct:head, tconstruct:plating_boots, tconstruct:plating_helmet, tconstruct:binding, tconstruct:plating_chestplate]
	tconstruct:glass - [tconstruct:skull]
	tconstruct:osmium - [tconstruct:plating_leggings, tconstruct:maille, tconstruct:handle, tconstruct:plating_shield, tconstruct:head, tconstruct:plating_boots, tconstruct:plating_helmet, tconstruct:binding, tconstruct:plating_chestplate]
	tconstruct:manyullyn - [tconstruct:plating_leggings, tconstruct:maille, tconstruct:handle, tconstruct:plating_shield, tconstruct:head, tconstruct:limb, tconstruct:plating_boots, tconstruct:plating_helmet, tconstruct:grip, tconstruct:binding, tconstruct:plating_chestplate]
	tconstruct:blazewood - [tconstruct:repair_kit, tconstruct:shield_core]
	tconstruct:weeping_vine - [tconstruct:maille, tconstruct:bowstring, tconstruct:binding]
	tconstruct:magma - []
	tconstruct:lead - [tconstruct:plating_leggings, tconstruct:maille, tconstruct:handle, tconstruct:plating_shield, tconstruct:head, tconstruct:limb, tconstruct:plating_boots, tconstruct:plating_helmet, tconstruct:grip, tconstruct:binding, tconstruct:plating_chestplate]
	tconstruct:ice - [tconstruct:repair_kit, tconstruct:shield_core]
	tconstruct:gold - [tconstruct:plating_leggings, tconstruct:skull, tconstruct:maille, tconstruct:plating_shield, tconstruct:plating_boots, tconstruct:plating_helmet, tconstruct:plating_chestplate]
	tconstruct:aluminum - [tconstruct:plating_leggings, tconstruct:maille, tconstruct:plating_shield, tconstruct:limb, tconstruct:plating_boots, tconstruct:plating_helmet, tconstruct:grip, tconstruct:plating_chestplate]
	tconstruct:rock - [tconstruct:handle, tconstruct:head, tconstruct:binding]
	tconstruct:bamboo - [tconstruct:shield_core, tconstruct:limb, tconstruct:grip]
	tconstruct:tungsten - [tconstruct:plating_leggings, tconstruct:maille, tconstruct:handle, tconstruct:plating_shield, tconstruct:head, tconstruct:limb, tconstruct:plating_boots, tconstruct:plating_helmet, tconstruct:grip, tconstruct:binding, tconstruct:plating_chestplate]
	tconstruct:earthslime - []
	tconstruct:cactus - [tconstruct:repair_kit, tconstruct:shield_core]
	tconstruct:skyslime - []
	tconstruct:enderslime - [tconstruct:repair_kit]
	tconstruct:treated_wood - [tconstruct:handle, tconstruct:shield_core, tconstruct:head, tconstruct:limb, tconstruct:grip, tconstruct:binding]
	tconstruct:slimesteel - [tconstruct:plating_leggings, tconstruct:maille, tconstruct:handle, tconstruct:plating_shield, tconstruct:head, tconstruct:limb, tconstruct:plating_boots, tconstruct:plating_helmet, tconstruct:grip, tconstruct:binding, tconstruct:plating_chestplate]
	tconstruct:cobalt - [tconstruct:plating_leggings, tconstruct:maille, tconstruct:handle, tconstruct:plating_shield, tconstruct:head, tconstruct:limb, tconstruct:plating_boots, tconstruct:plating_helmet, tconstruct:grip, tconstruct:binding, tconstruct:plating_chestplate]
	tconstruct:leather - [tconstruct:maille, tconstruct:repair_kit, tconstruct:bowstring, tconstruct:cuirass, tconstruct:binding]
[10Jan2026 02:46:39.836] [main/INFO] [slimeknights.tconstruct.library.materials.stats.MaterialStatsManager/]: 412 stats loaded for 69 materials in 9.275569 ms
[10Jan2026 02:46:39.842] [main/DEBUG] [slimeknights.tconstruct.library.materials.traits.MaterialTraitsManager/]: Loaded traits for material 'tconstruct:silver': 
	Default - []
	tconstruct:ranged - [ModifierEntry{tconstruct:holy,level=1}]
	tconstruct:armor - [ModifierEntry{tconstruct:consecrated,level=1}]
	tconstruct:melee_harvest - [ModifierEntry{tconstruct:smite,level=1}]
	tconstruct:shield_core - [ModifierEntry{tconstruct:consecrated,level=1}]
	tconstruct:limb - [ModifierEntry{tconstruct:holy,level=1}]
	tconstruct:plating_helmet - [ModifierEntry{tconstruct:consecrated,level=1}]
	tconstruct:grip - [ModifierEntry{tconstruct:holy,level=1}]
	tconstruct:plating_leggings - [ModifierEntry{tconstruct:consecrated,level=1}]
	tconstruct:maille - [ModifierEntry{tconstruct:consecrated,level=1}]
	tconstruct:handle - [ModifierEntry{tconstruct:smite,level=1}]
	tconstruct:bowstring - [ModifierEntry{tconstruct:holy,level=1}]
	tconstruct:plating_shield - [ModifierEntry{tconstruct:consecrated,level=1}]
	tconstruct:head - [ModifierEntry{tconstruct:smite,level=1}]
	tconstruct:plating_boots - [ModifierEntry{tconstruct:consecrated,level=1}]
	tconstruct:cuirass - [ModifierEntry{tconstruct:consecrated,level=1}]
	tconstruct:binding - [ModifierEntry{tconstruct:smite,level=1}]
	tconstruct:plating_chestplate - [ModifierEntry{tconstruct:consecrated,level=1}]
[10Jan2026 02:46:39.842] [main/DEBUG] [slimeknights.tconstruct.library.materials.traits.MaterialTraitsManager/]: Loaded traits for material 'tconstruct:slimeskin': 
	Default - [ModifierEntry{tconstruct:overgrowth,level=1}, ModifierEntry{tconstruct:overslime,level=1}]
	
[10Jan2026 02:46:39.842] [main/DEBUG] [slimeknights.tconstruct.library.materials.traits.MaterialTraitsManager/]: Loaded traits for material 'tconstruct:twisting_vine': 
	Default - [ModifierEntry{tconstruct:entangled,level=1}]
	
[10Jan2026 02:46:39.842] [main/DEBUG] [slimeknights.tconstruct.library.materials.traits.MaterialTraitsManager/]: Loaded traits for material 'tconstruct:queens_slime': 
	Default - [ModifierEntry{tconstruct:overlord,level=1}, ModifierEntry{tconstruct:overslime,level=1}]
	
[10Jan2026 02:46:39.843] [main/DEBUG] [slimeknights.tconstruct.library.materials.traits.MaterialTraitsManager/]: Loaded traits for material 'tconstruct:honey': 
	Default - []
	
[10Jan2026 02:46:39.843] [main/DEBUG] [slimeknights.tconstruct.library.materials.traits.MaterialTraitsManager/]: Loaded traits for material 'tconstruct:scorched_stone': 
	Default - [ModifierEntry{tconstruct:scorching,level=1}]
	tconstruct:armor - [ModifierEntry{tconstruct:scorch_protection,level=1}]
	tconstruct:shield_core - [ModifierEntry{tconstruct:scorch_protection,level=1}]
	tconstruct:plating_helmet - [ModifierEntry{tconstruct:scorch_protection,level=1}]
	tconstruct:plating_leggings - [ModifierEntry{tconstruct:scorch_protection,level=1}]
	tconstruct:maille - [ModifierEntry{tconstruct:scorch_protection,level=1}]
	tconstruct:plating_shield - [ModifierEntry{tconstruct:scorch_protection,level=1}]
	tconstruct:plating_boots - [ModifierEntry{tconstruct:scorch_protection,level=1}]
	tconstruct:cuirass - [ModifierEntry{tconstruct:scorch_protection,level=1}]
	tconstruct:plating_chestplate - [ModifierEntry{tconstruct:scorch_protection,level=1}]
[10Jan2026 02:46:39.843] [main/DEBUG] [slimeknights.tconstruct.library.materials.traits.MaterialTraitsManager/]: Loaded traits for material 'tconstruct:phantom': 
	Default - []
	
[10Jan2026 02:46:39.843] [main/DEBUG] [slimeknights.tconstruct.library.materials.traits.MaterialTraitsManager/]: Loaded traits for material 'tconstruct:copper': 
	Default - [ModifierEntry{tconstruct:dwarven,level=1}]
	tconstruct:armor - [ModifierEntry{tconstruct:depth_protection,level=1}]
	tconstruct:skull - [ModifierEntry{tconstruct:breathtaking,level=1}, ModifierEntry{tconstruct:drowned_disguise,level=1}]
	tconstruct:shield_core - [ModifierEntry{tconstruct:depth_protection,level=1}]
	tconstruct:plating_helmet - [ModifierEntry{tconstruct:depth_protection,level=1}]
	tconstruct:plating_leggings - [ModifierEntry{tconstruct:depth_protection,level=1}]
	tconstruct:maille - [ModifierEntry{tconstruct:depth_protection,level=1}]
	tconstruct:plating_shield - [ModifierEntry{tconstruct:depth_protection,level=1}]
	tconstruct:plating_boots - [ModifierEntry{tconstruct:depth_protection,level=1}]
	tconstruct:cuirass - [ModifierEntry{tconstruct:depth_protection,level=1}]
	tconstruct:plating_chestplate - [ModifierEntry{tconstruct:depth_protection,level=1}]
[10Jan2026 02:46:39.843] [main/DEBUG] [slimeknights.tconstruct.library.materials.traits.MaterialTraitsManager/]: Loaded traits for material 'tconstruct:pewter': 
	Default - [ModifierEntry{tconstruct:raging,level=1}]
	tconstruct:armor - [ModifierEntry{tconstruct:vital_protection,level=1}]
	tconstruct:shield_core - [ModifierEntry{tconstruct:vital_protection,level=1}]
	tconstruct:plating_helmet - [ModifierEntry{tconstruct:vital_protection,level=1}]
	tconstruct:plating_leggings - [ModifierEntry{tconstruct:vital_protection,level=1}]
	tconstruct:maille - [ModifierEntry{tconstruct:vital_protection,level=1}]
	tconstruct:plating_shield - [ModifierEntry{tconstruct:vital_protection,level=1}]
	tconstruct:plating_boots - [ModifierEntry{tconstruct:vital_protection,level=1}]
	tconstruct:cuirass - [ModifierEntry{tconstruct:vital_protection,level=1}]
	tconstruct:plating_chestplate - [ModifierEntry{tconstruct:vital_protection,level=1}]
[10Jan2026 02:46:39.844] [main/DEBUG] [slimeknights.tconstruct.library.materials.traits.MaterialTraitsManager/]: Loaded traits for material 'tconstruct:whitestone': 
	Default - [ModifierEntry{tconstruct:stoneshield,level=1}]
	
[10Jan2026 02:46:39.844] [main/DEBUG] [slimeknights.tconstruct.library.materials.traits.MaterialTraitsManager/]: Loaded traits for material 'tconstruct:chorus': 
	Default - [ModifierEntry{tconstruct:enderference,level=1}]
	tconstruct:armor - [ModifierEntry{tconstruct:enderclearance,level=1}]
	tconstruct:shield_core - [ModifierEntry{tconstruct:enderclearance,level=1}]
	tconstruct:plating_helmet - [ModifierEntry{tconstruct:enderclearance,level=1}]
	tconstruct:plating_leggings - [ModifierEntry{tconstruct:enderclearance,level=1}]
	tconstruct:maille - [ModifierEntry{tconstruct:enderclearance,level=1}]
	tconstruct:plating_shield - [ModifierEntry{tconstruct:enderclearance,level=1}]
	tconstruct:plating_boots - [ModifierEntry{tconstruct:enderclearance,level=1}]
	tconstruct:cuirass - [ModifierEntry{tconstruct:enderclearance,level=1}]
	tconstruct:plating_chestplate - [ModifierEntry{tconstruct:enderclearance,level=1}]
[10Jan2026 02:46:39.844] [main/DEBUG] [slimeknights.tconstruct.library.materials.traits.MaterialTraitsManager/]: Loaded traits for material 'tconstruct:ichorskin': 
	Default - [ModifierEntry{tconstruct:overshield,level=1}, ModifierEntry{tconstruct:overslime,level=1}]
	
[10Jan2026 02:46:39.844] [main/DEBUG] [slimeknights.tconstruct.library.materials.traits.MaterialTraitsManager/]: Loaded traits for material 'tconstruct:skyslime_vine': 
	Default - [ModifierEntry{tconstruct:airborne,level=1}]
	tconstruct:armor - [ModifierEntry{tconstruct:skyfall,level=1}]
	tconstruct:shield_core - [ModifierEntry{tconstruct:skyfall,level=1}]
	tconstruct:plating_helmet - [ModifierEntry{tconstruct:skyfall,level=1}]
	tconstruct:plating_leggings - [ModifierEntry{tconstruct:skyfall,level=1}]
	tconstruct:maille - [ModifierEntry{tconstruct:skyfall,level=1}]
	tconstruct:plating_shield - [ModifierEntry{tconstruct:skyfall,level=1}]
	tconstruct:plating_boots - [ModifierEntry{tconstruct:skyfall,level=1}]
	tconstruct:cuirass - [ModifierEntry{tconstruct:skyfall,level=1}]
	tconstruct:plating_chestplate - [ModifierEntry{tconstruct:skyfall,level=1}]
[10Jan2026 02:46:39.844] [main/DEBUG] [slimeknights.tconstruct.library.materials.traits.MaterialTraitsManager/]: Loaded traits for material 'tconstruct:bronze': 
	Default - [ModifierEntry{tconstruct:maintained,level=1}]
	
[10Jan2026 02:46:39.845] [main/DEBUG] [slimeknights.tconstruct.library.materials.traits.MaterialTraitsManager/]: Loaded traits for material 'tconstruct:obsidian': 
	Default - []
	tconstruct:armor - [ModifierEntry{tconstruct:blast_protection,level=1}]
	tconstruct:shield_core - [ModifierEntry{tconstruct:blast_protection,level=1}]
	tconstruct:plating_helmet - [ModifierEntry{tconstruct:blast_protection,level=1}]
	tconstruct:plating_leggings - [ModifierEntry{tconstruct:blast_protection,level=1}]
	tconstruct:maille - [ModifierEntry{tconstruct:blast_protection,level=1}]
	tconstruct:plating_shield - [ModifierEntry{tconstruct:blast_protection,level=1}]
	tconstruct:plating_boots - [ModifierEntry{tconstruct:blast_protection,level=1}]
	tconstruct:cuirass - [ModifierEntry{tconstruct:blast_protection,level=1}]
	tconstruct:plating_chestplate - [ModifierEntry{tconstruct:blast_protection,level=1}]
[10Jan2026 02:46:39.845] [main/DEBUG] [slimeknights.tconstruct.library.materials.traits.MaterialTraitsManager/]: Loaded traits for material 'tconstruct:steel': 
	Default - [ModifierEntry{tconstruct:ductile,level=1}]
	
[10Jan2026 02:46:39.845] [main/DEBUG] [slimeknights.tconstruct.library.materials.traits.MaterialTraitsManager/]: Loaded traits for material 'tconstruct:invar': 
	Default - [ModifierEntry{tconstruct:invariant,level=1}]
	
[10Jan2026 02:46:39.845] [main/DEBUG] [slimeknights.tconstruct.library.materials.traits.MaterialTraitsManager/]: Loaded traits for material 'tconstruct:amethyst_bronze': 
	Default - []
	tconstruct:ranged - [ModifierEntry{tconstruct:crystalbound,level=1}]
	tconstruct:armor - [ModifierEntry{tconstruct:crystalstrike,level=1}]
	tconstruct:melee_harvest - [ModifierEntry{tconstruct:crumbling,level=1}]
	tconstruct:shield_core - [ModifierEntry{tconstruct:crystalstrike,level=1}]
	tconstruct:limb - [ModifierEntry{tconstruct:crystalbound,level=1}]
	tconstruct:plating_helmet - [ModifierEntry{tconstruct:crystalstrike,level=1}]
	tconstruct:grip - [ModifierEntry{tconstruct:crystalbound,level=1}]
	tconstruct:plating_leggings - [ModifierEntry{tconstruct:crystalstrike,level=1}]
	tconstruct:maille - [ModifierEntry{tconstruct:crystalstrike,level=1}]
	tconstruct:handle - [ModifierEntry{tconstruct:crumbling,level=1}]
	tconstruct:bowstring - [ModifierEntry{tconstruct:crystalbound,level=1}]
	tconstruct:plating_shield - [ModifierEntry{tconstruct:crystalstrike,level=1}]
	tconstruct:head - [ModifierEntry{tconstruct:crumbling,level=1}]
	tconstruct:plating_boots - [ModifierEntry{tconstruct:crystalstrike,level=1}]
	tconstruct:cuirass - [ModifierEntry{tconstruct:crystalstrike,level=1}]
	tconstruct:binding - [ModifierEntry{tconstruct:crumbling,level=1}]
	tconstruct:plating_chestplate - [ModifierEntry{tconstruct:crystalstrike,level=1}]
[10Jan2026 02:46:39.845] [main/DEBUG] [slimeknights.tconstruct.library.materials.traits.MaterialTraitsManager/]: Loaded traits for material 'tconstruct:ancient_hide': 
	Default - [ModifierEntry{tconstruct:fortified,level=1}]
	tconstruct:melee_harvest - [ModifierEntry{tconstruct:fortune,level=1}]
	tconstruct:handle - [ModifierEntry{tconstruct:fortune,level=1}]
	tconstruct:head - [ModifierEntry{tconstruct:fortune,level=1}]
	tconstruct:binding - [ModifierEntry{tconstruct:fortune,level=1}]
[10Jan2026 02:46:39.846] [main/DEBUG] [slimeknights.tconstruct.library.materials.traits.MaterialTraitsManager/]: Loaded traits for material 'tconstruct:hepatizon': 
	Default - [ModifierEntry{tconstruct:momentum,level=1}]
	tconstruct:armor - [ModifierEntry{tconstruct:recurrent_protection,level=1}]
	tconstruct:shield_core - [ModifierEntry{tconstruct:recurrent_protection,level=1}]
	tconstruct:plating_helmet - [ModifierEntry{tconstruct:recurrent_protection,level=1}]
	tconstruct:plating_leggings - [ModifierEntry{tconstruct:recurrent_protection,level=1}]
	tconstruct:maille - [ModifierEntry{tconstruct:recurrent_protection,level=1}]
	tconstruct:plating_shield - [ModifierEntry{tconstruct:recurrent_protection,level=1}]
	tconstruct:plating_boots - [ModifierEntry{tconstruct:recurrent_protection,level=1}]
	tconstruct:cuirass - [ModifierEntry{tconstruct:recurrent_protection,level=1}]
	tconstruct:plating_chestplate - [ModifierEntry{tconstruct:recurrent_protection,level=1}]
[10Jan2026 02:46:39.846] [main/DEBUG] [slimeknights.tconstruct.library.materials.traits.MaterialTraitsManager/]: Loaded traits for material 'tconstruct:blood': 
	Default - []
	
[10Jan2026 02:46:39.846] [main/DEBUG] [slimeknights.tconstruct.library.materials.traits.MaterialTraitsManager/]: Loaded traits for material 'tconstruct:clay': 
	Default - []
	
[10Jan2026 02:46:39.846] [main/DEBUG] [slimeknights.tconstruct.library.materials.traits.MaterialTraitsManager/]: Loaded traits for material 'tconstruct:wood': 
	Default - [ModifierEntry{tconstruct:cultivated,level=1}]
	
[10Jan2026 02:46:39.846] [main/DEBUG] [slimeknights.tconstruct.library.materials.traits.MaterialTraitsManager/]: Loaded traits for material 'tconstruct:nahuatl': 
	Default - [ModifierEntry{tconstruct:lacerating,level=1}]
	
[10Jan2026 02:46:39.846] [main/DEBUG] [slimeknights.tconstruct.library.materials.traits.MaterialTraitsManager/]: Loaded traits for material 'tconstruct:pig_iron': 
	Default - [ModifierEntry{tconstruct:tasty,level=1}]
	tconstruct:skull - [ModifierEntry{tconstruct:revenge,level=1}, ModifierEntry{tconstruct:zombified_piglin_disguise,level=1}]
[10Jan2026 02:46:39.847] [main/DEBUG] [slimeknights.tconstruct.library.materials.traits.MaterialTraitsManager/]: Loaded traits for material 'tconstruct:ender_pearl': 
	Default - []
	tconstruct:skull - [ModifierEntry{tconstruct:enderdodging,level=1}, ModifierEntry{tconstruct:enderman_disguise,level=1}]
[10Jan2026 02:46:39.847] [main/DEBUG] [slimeknights.tconstruct.library.materials.traits.MaterialTraitsManager/]: Loaded traits for material 'tconstruct:platinum': 
	Default - []
	tconstruct:ranged - [ModifierEntry{tconstruct:olympic,level=1}]
	tconstruct:melee_harvest - [ModifierEntry{tconstruct:lustrous,level=1}]
	tconstruct:limb - [ModifierEntry{tconstruct:olympic,level=1}]
	tconstruct:grip - [ModifierEntry{tconstruct:olympic,level=1}]
	tconstruct:handle - [ModifierEntry{tconstruct:lustrous,level=1}]
	tconstruct:bowstring - [ModifierEntry{tconstruct:olympic,level=1}]
	tconstruct:head - [ModifierEntry{tconstruct:lustrous,level=1}]
	tconstruct:binding - [ModifierEntry{tconstruct:lustrous,level=1}]
[10Jan2026 02:46:39.847] [main/DEBUG] [slimeknights.tconstruct.library.materials.traits.MaterialTraitsManager/]: Loaded traits for material 'tconstruct:string': 
	Default - [ModifierEntry{tconstruct:stringy,level=1}]
	tconstruct:skull - [ModifierEntry{tconstruct:boon_of_sssss,level=1}, ModifierEntry{tconstruct:spider_disguise,level=1}]
[10Jan2026 02:46:39.847] [main/DEBUG] [slimeknights.tconstruct.library.materials.traits.MaterialTraitsManager/]: Loaded traits for material 'tconstruct:necronium': 
	Default - [ModifierEntry{tconstruct:decay,level=1}]
	
[10Jan2026 02:46:39.847] [main/DEBUG] [slimeknights.tconstruct.library.materials.traits.MaterialTraitsManager/]: Loaded traits for material 'tconstruct:ichor': 
	Default - []
	
[10Jan2026 02:46:39.847] [main/DEBUG] [slimeknights.tconstruct.library.materials.traits.MaterialTraitsManager/]: Loaded traits for material 'tconstruct:darkthread': 
	Default - [ModifierEntry{tconstruct:looting,level=1}]
	tconstruct:skull - [ModifierEntry{tconstruct:mithridatism,level=1}, ModifierEntry{tconstruct:cave_spider_disguise,level=1}]
[10Jan2026 02:46:39.848] [main/DEBUG] [slimeknights.tconstruct.library.materials.traits.MaterialTraitsManager/]: Loaded traits for material 'tconstruct:vine': 
	Default - [ModifierEntry{tconstruct:solar_powered,level=1}]
	
[10Jan2026 02:46:39.848] [main/DEBUG] [slimeknights.tconstruct.library.materials.traits.MaterialTraitsManager/]: Loaded traits for material 'tconstruct:slimewood': 
	Default - [ModifierEntry{tconstruct:overgrowth,level=1}, ModifierEntry{tconstruct:overslime,level=1}]
	
[10Jan2026 02:46:39.848] [main/DEBUG] [slimeknights.tconstruct.library.materials.traits.MaterialTraitsManager/]: Loaded traits for material 'tconstruct:blazing_bone': 
	Default - [ModifierEntry{tconstruct:conducting,level=1}]
	tconstruct:skull - [ModifierEntry{tconstruct:firebreath,level=1}, ModifierEntry{tconstruct:blaze_disguise,level=1}]
[10Jan2026 02:46:39.848] [main/DEBUG] [slimeknights.tconstruct.library.materials.traits.MaterialTraitsManager/]: Loaded traits for material 'tconstruct:plated_slimewood': 
	Default - [ModifierEntry{tconstruct:overworked,level=1}, ModifierEntry{tconstruct:overslime,level=1}]
	
[10Jan2026 02:46:39.849] [main/DEBUG] [slimeknights.tconstruct.library.materials.traits.MaterialTraitsManager/]: Loaded traits for material 'tconstruct:bone': 
	Default - [ModifierEntry{tconstruct:pierce,level=1}]
	tconstruct:skull - [ModifierEntry{tconstruct:strong_bones,level=1}, ModifierEntry{tconstruct:skeleton_disguise,level=1}]
[10Jan2026 02:46:39.849] [main/DEBUG] [slimeknights.tconstruct.library.materials.traits.MaterialTraitsManager/]: Loaded traits for material 'tconstruct:cinderslime': 
	Default - [ModifierEntry{tconstruct:overburn,level=1}, ModifierEntry{tconstruct:overslime,level=1}]
	
[10Jan2026 02:46:39.849] [main/DEBUG] [slimeknights.tconstruct.library.materials.traits.MaterialTraitsManager/]: Loaded traits for material 'tconstruct:constantan': 
	Default - [ModifierEntry{tconstruct:temperate,level=1}]
	
[10Jan2026 02:46:39.849] [main/DEBUG] [slimeknights.tconstruct.library.materials.traits.MaterialTraitsManager/]: Loaded traits for material 'tconstruct:venombone': 
	Default - [ModifierEntry{tconstruct:antitoxin,level=1}]
	tconstruct:skull - [ModifierEntry{tconstruct:frosttouch,level=1}, ModifierEntry{tconstruct:stray_disguise,level=1}]
[10Jan2026 02:46:39.849] [main/DEBUG] [slimeknights.tconstruct.library.materials.traits.MaterialTraitsManager/]: Loaded traits for material 'tconstruct:iron': 
	Default - [ModifierEntry{tconstruct:magnetic,level=1}]
	tconstruct:armor - [ModifierEntry{tconstruct:projectile_protection,level=1}]
	tconstruct:skull - [ModifierEntry{tconstruct:plague,level=1}, ModifierEntry{tconstruct:husk_disguise,level=1}]
	tconstruct:shield_core - [ModifierEntry{tconstruct:projectile_protection,level=1}]
	tconstruct:plating_helmet - [ModifierEntry{tconstruct:projectile_protection,level=1}]
	tconstruct:plating_leggings - [ModifierEntry{tconstruct:projectile_protection,level=1}]
	tconstruct:maille - [ModifierEntry{tconstruct:projectile_protection,level=1}]
	tconstruct:plating_shield - [ModifierEntry{tconstruct:projectile_protection,level=1}]
	tconstruct:plating_boots - [ModifierEntry{tconstruct:projectile_protection,level=1}]
	tconstruct:cuirass - [ModifierEntry{tconstruct:projectile_protection,level=1}]
	tconstruct:plating_chestplate - [ModifierEntry{tconstruct:projectile_protection,level=1}]
[10Jan2026 02:46:39.849] [main/DEBUG] [slimeknights.tconstruct.library.materials.traits.MaterialTraitsManager/]: Loaded traits for material 'tconstruct:flint': 
	Default - [ModifierEntry{tconstruct:jagged,level=1}]
	
[10Jan2026 02:46:39.849] [main/DEBUG] [slimeknights.tconstruct.library.materials.traits.MaterialTraitsManager/]: Loaded traits for material 'tconstruct:rotten_flesh': 
	Default - []
	tconstruct:skull - [ModifierEntry{tconstruct:wildfire,level=1}, ModifierEntry{tconstruct:zombie_disguise,level=1}]
[10Jan2026 02:46:39.849] [main/DEBUG] [slimeknights.tconstruct.library.materials.traits.MaterialTraitsManager/]: Loaded traits for material 'tconstruct:necrotic_bone': 
	Default - [ModifierEntry{tconstruct:necrotic,level=1}]
	tconstruct:skull - [ModifierEntry{tconstruct:withered,level=1}, ModifierEntry{tconstruct:wither_skeleton_disguise,level=1}]
[10Jan2026 02:46:39.849] [main/DEBUG] [slimeknights.tconstruct.library.materials.traits.MaterialTraitsManager/]: Loaded traits for material 'tconstruct:rose_gold': 
	Default - [ModifierEntry{tconstruct:enhanced,level=1}]
	tconstruct:skull - [ModifierEntry{tconstruct:gold_guard,level=1}, ModifierEntry{tconstruct:piglin_brute_disguise,level=1}, ModifierEntry{tconstruct:golden,level=1}]
[10Jan2026 02:46:39.849] [main/DEBUG] [slimeknights.tconstruct.library.materials.traits.MaterialTraitsManager/]: Loaded traits for material 'tconstruct:enderslime_vine': 
	Default - [ModifierEntry{tconstruct:enderporting,level=1}]
	tconstruct:armor - [ModifierEntry{tconstruct:enderclearance,level=1}]
	tconstruct:shield_core - [ModifierEntry{tconstruct:enderclearance,level=1}]
	tconstruct:plating_helmet - [ModifierEntry{tconstruct:enderclearance,level=1}]
	tconstruct:plating_leggings - [ModifierEntry{tconstruct:enderclearance,level=1}]
	tconstruct:maille - [ModifierEntry{tconstruct:enderclearance,level=1}]
	tconstruct:plating_shield - [ModifierEntry{tconstruct:enderclearance,level=1}]
	tconstruct:plating_boots - [ModifierEntry{tconstruct:enderclearance,level=1}]
	tconstruct:cuirass - [ModifierEntry{tconstruct:enderclearance,level=1}]
	tconstruct:plating_chestplate - [ModifierEntry{tconstruct:enderclearance,level=1}]
[10Jan2026 02:46:39.849] [main/DEBUG] [slimeknights.tconstruct.library.materials.traits.MaterialTraitsManager/]: Loaded traits for material 'tconstruct:electrum': 
	Default - [ModifierEntry{tconstruct:experienced,level=1}]
	
[10Jan2026 02:46:39.849] [main/DEBUG] [slimeknights.tconstruct.library.materials.traits.MaterialTraitsManager/]: Loaded traits for material 'tconstruct:ancient': 
	Default - [ModifierEntry{tconstruct:vintage,level=1}, ModifierEntry{tconstruct:worldbound,level=1}]
	
[10Jan2026 02:46:39.849] [main/DEBUG] [slimeknights.tconstruct.library.materials.traits.MaterialTraitsManager/]: Loaded traits for material 'tconstruct:seared_stone': 
	Default - [ModifierEntry{tconstruct:searing,level=1}]
	tconstruct:armor - [ModifierEntry{tconstruct:fire_protection,level=1}]
	tconstruct:shield_core - [ModifierEntry{tconstruct:fire_protection,level=1}]
	tconstruct:plating_helmet - [ModifierEntry{tconstruct:fire_protection,level=1}]
	tconstruct:plating_leggings - [ModifierEntry{tconstruct:fire_protection,level=1}]
	tconstruct:maille - [ModifierEntry{tconstruct:fire_protection,level=1}]
	tconstruct:plating_shield - [ModifierEntry{tconstruct:fire_protection,level=1}]
	tconstruct:plating_boots - [ModifierEntry{tconstruct:fire_protection,level=1}]
	tconstruct:cuirass - [ModifierEntry{tconstruct:fire_protection,level=1}]
	tconstruct:plating_chestplate - [ModifierEntry{tconstruct:fire_protection,level=1}]
[10Jan2026 02:46:39.849] [main/DEBUG] [slimeknights.tconstruct.library.materials.traits.MaterialTraitsManager/]: Loaded traits for material 'tconstruct:glass': 
	Default - []
	tconstruct:skull - [ModifierEntry{tconstruct:self_destructive,level=1}, ModifierEntry{tconstruct:creeper_disguise,level=1}]
[10Jan2026 02:46:39.849] [main/DEBUG] [slimeknights.tconstruct.library.materials.traits.MaterialTraitsManager/]: Loaded traits for material 'tconstruct:osmium': 
	Default - [ModifierEntry{tconstruct:dense,level=1}]
	
[10Jan2026 02:46:39.849] [main/DEBUG] [slimeknights.tconstruct.library.materials.traits.MaterialTraitsManager/]: Loaded traits for material 'tconstruct:manyullyn': 
	Default - [ModifierEntry{tconstruct:insatiable,level=1}]
	tconstruct:armor - [ModifierEntry{tconstruct:kinetic,level=1}]
	tconstruct:shield_core - [ModifierEntry{tconstruct:kinetic,level=1}]
	tconstruct:plating_helmet - [ModifierEntry{tconstruct:kinetic,level=1}]
	tconstruct:plating_leggings - [ModifierEntry{tconstruct:kinetic,level=1}]
	tconstruct:maille - [ModifierEntry{tconstruct:kinetic,level=1}]
	tconstruct:plating_shield - [ModifierEntry{tconstruct:kinetic,level=1}]
	tconstruct:plating_boots - [ModifierEntry{tconstruct:kinetic,level=1}]
	tconstruct:cuirass - [ModifierEntry{tconstruct:kinetic,level=1}]
	tconstruct:plating_chestplate - [ModifierEntry{tconstruct:kinetic,level=1}]
[10Jan2026 02:46:39.849] [main/DEBUG] [slimeknights.tconstruct.library.materials.traits.MaterialTraitsManager/]: Loaded traits for material 'tconstruct:blazewood': 
	Default - [ModifierEntry{tconstruct:flame_barrier,level=1}]
	
[10Jan2026 02:46:39.849] [main/DEBUG] [slimeknights.tconstruct.library.materials.traits.MaterialTraitsManager/]: Loaded traits for material 'tconstruct:weeping_vine': 
	Default - [ModifierEntry{tconstruct:flamestance,level=1}]
	
[10Jan2026 02:46:39.850] [main/DEBUG] [slimeknights.tconstruct.library.materials.traits.MaterialTraitsManager/]: Loaded traits for material 'tconstruct:magma': 
	Default - []
	
[10Jan2026 02:46:39.850] [main/DEBUG] [slimeknights.tconstruct.library.materials.traits.MaterialTraitsManager/]: Loaded traits for material 'tconstruct:lead': 
	Default - [ModifierEntry{tconstruct:heavy,level=1}]
	
[10Jan2026 02:46:39.850] [main/DEBUG] [slimeknights.tconstruct.library.materials.traits.MaterialTraitsManager/]: Loaded traits for material 'tconstruct:ice': 
	Default - [ModifierEntry{tconstruct:frostshield,level=1}]
	
[10Jan2026 02:46:39.850] [main/DEBUG] [slimeknights.tconstruct.library.materials.traits.MaterialTraitsManager/]: Loaded traits for material 'tconstruct:gold': 
	Default - []
	tconstruct:armor - [ModifierEntry{tconstruct:golden,level=1}, ModifierEntry{tconstruct:magic_protection,level=1}]
	tconstruct:skull - [ModifierEntry{tconstruct:chrysophilite,level=1}, ModifierEntry{tconstruct:piglin_disguise,level=1}, ModifierEntry{tconstruct:golden,level=1}]
	tconstruct:plating_shield - [ModifierEntry{tconstruct:magic_protection,level=1}]
	tconstruct:shield_core - [ModifierEntry{tconstruct:golden,level=1}, ModifierEntry{tconstruct:magic_protection,level=1}]
	tconstruct:plating_helmet - [ModifierEntry{tconstruct:golden,level=1}, ModifierEntry{tconstruct:magic_protection,level=1}]
	tconstruct:plating_leggings - [ModifierEntry{tconstruct:golden,level=1}, ModifierEntry{tconstruct:magic_protection,level=1}]
	tconstruct:maille - [ModifierEntry{tconstruct:golden,level=1}, ModifierEntry{tconstruct:magic_protection,level=1}]
	tconstruct:plating_boots - [ModifierEntry{tconstruct:golden,level=1}, ModifierEntry{tconstruct:magic_protection,level=1}]
	tconstruct:cuirass - [ModifierEntry{tconstruct:golden,level=1}, ModifierEntry{tconstruct:magic_protection,level=1}]
	tconstruct:plating_chestplate - [ModifierEntry{tconstruct:golden,level=1}, ModifierEntry{tconstruct:magic_protection,level=1}]
[10Jan2026 02:46:39.850] [main/DEBUG] [slimeknights.tconstruct.library.materials.traits.MaterialTraitsManager/]: Loaded traits for material 'tconstruct:aluminum': 
	Default - [ModifierEntry{tconstruct:featherweight,level=1}]
	
[10Jan2026 02:46:39.850] [main/DEBUG] [slimeknights.tconstruct.library.materials.traits.MaterialTraitsManager/]: Loaded traits for material 'tconstruct:rock': 
	Default - [ModifierEntry{tconstruct:stonebound,level=1}]
	
[10Jan2026 02:46:39.850] [main/DEBUG] [slimeknights.tconstruct.library.materials.traits.MaterialTraitsManager/]: Loaded traits for material 'tconstruct:bamboo': 
	Default - [ModifierEntry{tconstruct:unburdened,level=1}]
	
[10Jan2026 02:46:39.850] [main/DEBUG] [slimeknights.tconstruct.library.materials.traits.MaterialTraitsManager/]: Loaded traits for material 'tconstruct:tungsten': 
	Default - [ModifierEntry{tconstruct:sharpweight,level=1}]
	
[10Jan2026 02:46:39.850] [main/DEBUG] [slimeknights.tconstruct.library.materials.traits.MaterialTraitsManager/]: Loaded traits for material 'tconstruct:earthslime': 
	Default - []
	
[10Jan2026 02:46:39.850] [main/DEBUG] [slimeknights.tconstruct.library.materials.traits.MaterialTraitsManager/]: Loaded traits for material 'tconstruct:cactus': 
	Default - [ModifierEntry{tconstruct:thorns,level=1}]
	
[10Jan2026 02:46:39.850] [main/DEBUG] [slimeknights.tconstruct.library.materials.traits.MaterialTraitsManager/]: Loaded traits for material 'tconstruct:skyslime': 
	Default - []
	
[10Jan2026 02:46:39.850] [main/DEBUG] [slimeknights.tconstruct.library.materials.traits.MaterialTraitsManager/]: Loaded traits for material 'tconstruct:enderslime': 
	Default - []
	
[10Jan2026 02:46:39.850] [main/DEBUG] [slimeknights.tconstruct.library.materials.traits.MaterialTraitsManager/]: Loaded traits for material 'tconstruct:treated_wood': 
	Default - [ModifierEntry{tconstruct:preserved,level=1}]
	
[10Jan2026 02:46:39.850] [main/DEBUG] [slimeknights.tconstruct.library.materials.traits.MaterialTraitsManager/]: Loaded traits for material 'tconstruct:slimesteel': 
	Default - [ModifierEntry{tconstruct:overcast,level=1}, ModifierEntry{tconstruct:overslime,level=1}]
	
[10Jan2026 02:46:39.850] [main/DEBUG] [slimeknights.tconstruct.library.materials.traits.MaterialTraitsManager/]: Loaded traits for material 'tconstruct:cobalt': 
	Default - [ModifierEntry{tconstruct:lightweight,level=1}]
	tconstruct:armor - [ModifierEntry{tconstruct:melee_protection,level=1}]
	tconstruct:shield_core - [ModifierEntry{tconstruct:melee_protection,level=1}]
	tconstruct:plating_helmet - [ModifierEntry{tconstruct:melee_protection,level=1}]
	tconstruct:plating_leggings - [ModifierEntry{tconstruct:melee_protection,level=1}]
	tconstruct:maille - [ModifierEntry{tconstruct:melee_protection,level=1}]
	tconstruct:plating_shield - [ModifierEntry{tconstruct:melee_protection,level=1}]
	tconstruct:plating_boots - [ModifierEntry{tconstruct:melee_protection,level=1}]
	tconstruct:cuirass - [ModifierEntry{tconstruct:melee_protection,level=1}]
	tconstruct:plating_chestplate - [ModifierEntry{tconstruct:melee_protection,level=1}]
[10Jan2026 02:46:39.850] [main/DEBUG] [slimeknights.tconstruct.library.materials.traits.MaterialTraitsManager/]: Loaded traits for material 'tconstruct:leather': 
	Default - [ModifierEntry{tconstruct:tanned,level=1}]
	
[10Jan2026 02:46:39.851] [main/INFO] [slimeknights.tconstruct.library.materials.traits.MaterialTraitsManager/]: 229 traits loaded for 69 materials in 14.573546 ms
[10Jan2026 02:46:39.863] [main/DEBUG] [slimeknights.tconstruct.library.modifiers.ModifierManager/]: Redirecting modifier tconstruct:path_maker to tconstruct:pathing
[10Jan2026 02:46:39.887] [main/DEBUG] [slimeknights.tconstruct.library.modifiers.ModifierManager/]: Redirecting modifier tconstruct:plowing to tconstruct:tilling
[10Jan2026 02:46:39.891] [main/DEBUG] [slimeknights.tconstruct.library.modifiers.ModifierManager/]: Redirecting modifier tconstruct:sturdy to tconstruct:ductile
[10Jan2026 02:46:39.909] [main/DEBUG] [slimeknights.tconstruct.library.modifiers.ModifierManager/]: Redirecting modifier tconstruct:lightspeed_armor to tconstruct:lightspeed
[10Jan2026 02:46:39.911] [main/INFO] [slimeknights.tconstruct.library.modifiers.ModifierManager/]: Loaded 154 dynamic modifiers and 4 modifier redirects in 59.439465 ms
[10Jan2026 02:46:39.917] [main/INFO] [slimeknights.tconstruct.library.modifiers.ModifierManager/]: Loaded 42 modifier tags for 141 modifiers in 5.723551 ms
[10Jan2026 02:46:39.917] [main/INFO] [slimeknights.tconstruct.library.modifiers.ModifierManager/]: Loaded 50 enchantment to modifier mappings in 0.538054 ms
[10Jan2026 02:46:39.920] [main/INFO] [tconstruct/]: Loaded 43 spilling fluids in 2.944735 ms
[10Jan2026 02:46:39.924] [main/INFO] [top.theillusivec4.curios.Curios/]: Loaded 13 curio slots
[10Jan2026 02:46:39.927] [main/INFO] [top.theillusivec4.curios.Curios/]: Loaded 11 curio entities
[10Jan2026 02:46:39.928] [main/INFO] [slimeknights.mantle.fluid.transfer.FluidContainerTransferManager/]: Loaded 25 dynamic modifiers in 1.111705 ms
[10Jan2026 02:46:39.933] [main/INFO] [Fossils Archeology/]: Loaded 733 server animations for 66 entities
[10Jan2026 02:46:39.948] [main/INFO] [Fossils Archeology/]: Loaded 1056 animation category entries for 66 entities
[10Jan2026 02:46:39.953] [main/INFO] [Fossils Archeology/]: Loaded data for 59 entities
[10Jan2026 02:46:39.955] [main/INFO] [Fossils Archeology/]: Loaded food values: (items: 51) (entities: 39, 39) (Tags: 8, 0)
[10Jan2026 02:46:39.962] [main/INFO] [Fossils Archeology/]: Loaded 12 variants
[10Jan2026 02:46:39.981] [main/INFO] [slimeknights.tconstruct.library.tools.definition.ToolDefinitionLoader/]: Loaded 38 tool definitions in 18.789404 ms
[10Jan2026 02:46:39.987] [main/INFO] [slimeknights.tconstruct.library.tools.layout.StationSlotLayoutLoader/]: Loaded 19 station slot layouts in 4.719344 ms
[10Jan2026 02:46:40.120] [main/DEBUG] [mixin/]: Mixing CombatTrackerAccessor from playerrevive.mixins.json into net.minecraft.world.damagesource.CombatTracker
[10Jan2026 02:46:40.144] [main/DEBUG] [mixin/]: Mixing bugfix.chunk_deadlock.ServerChunkCache_CurrentLoadingMixin from modernfix-forge.mixins.json into net.minecraft.server.level.ServerChunkCache
[10Jan2026 02:46:40.157] [main/DEBUG] [mixin/]: Mixing reinforced.PortalForcerMixin from securitycraft.mixins.json into net.minecraft.world.level.portal.PortalForcer
[10Jan2026 02:46:40.165] [main/DEBUG] [mixin/]: Mixing perf.faster_structure_location.StructureCheckMixin from modernfix-common.mixins.json into net.minecraft.world.level.levelgen.structure.StructureCheck
[10Jan2026 02:46:40.223] [main/DEBUG] [mixin/]: Mixing feature.mcfunction_profiling.ServerFunctionManagerMixin from modernfix-common.mixins.json into net.minecraft.server.ServerFunctionManager
[10Jan2026 02:46:40.223] [main/DEBUG] [mixin/]: Renaming synthetic method lambda$mfix$getProfilingResults$2(Ljava/util/Map$Entry;)Ljava/time/Duration; to mda58a52$lambda$mfix$getProfilingResults$2$0 in modernfix-common.mixins.json:feature.mcfunction_profiling.ServerFunctionManagerMixin
[10Jan2026 02:46:40.223] [main/DEBUG] [mixin/]: Renaming synthetic method lambda$pruneUnusedWatches$1(Lcom/google/common/base/Stopwatch;)Z to mda58a52$lambda$pruneUnusedWatches$1$1 in modernfix-common.mixins.json:feature.mcfunction_profiling.ServerFunctionManagerMixin
[10Jan2026 02:46:40.223] [main/DEBUG] [mixin/]: Renaming synthetic method lambda$startWatch$0(Lnet/minecraft/resources/ResourceLocation;)Lcom/google/common/base/Stopwatch; to mda58a52$lambda$startWatch$0$2 in modernfix-common.mixins.json:feature.mcfunction_profiling.ServerFunctionManagerMixin
[10Jan2026 02:46:40.590] [main/WARN] [ModernFix/]: Initial datapack load took 4.629 s
[10Jan2026 02:46:40.831] [main/DEBUG] [net.minecraftforge.common.ForgeHooks/WP]: Gathering id map for writing to world save world
[10Jan2026 02:46:40.898] [main/DEBUG] [net.minecraftforge.common.ForgeHooks/WP]: ID Map collection complete world
[10Jan2026 02:46:41.058] [Server thread/INFO] [net.minecraft.server.dedicated.DedicatedServer/]: Starting minecraft server version 1.20.1
[10Jan2026 02:46:41.059] [Server thread/INFO] [net.minecraft.server.dedicated.DedicatedServer/]: Loading properties
[10Jan2026 02:46:41.059] [Server thread/INFO] [net.minecraft.server.dedicated.DedicatedServer/]: Default game type: SURVIVAL
[10Jan2026 02:46:41.059] [Server thread/INFO] [net.minecraft.server.MinecraftServer/]: Generating keypair
[10Jan2026 02:46:41.160] [Server thread/INFO] [net.minecraft.server.dedicated.DedicatedServer/]: Starting Minecraft server on *:25565
[10Jan2026 02:46:41.166] [Server thread/DEBUG] [net.minecraftforge.network.DualStackUtils/]: Detected IPv6 address: "0:0:0:0:0:0:0:0"
[10Jan2026 02:46:41.174] [Server thread/DEBUG] [io.netty.util.internal.NativeLibraryLoader/]: -Dio.netty.native.workdir: /tmp (io.netty.tmpdir)
[10Jan2026 02:46:41.174] [Server thread/DEBUG] [io.netty.util.internal.NativeLibraryLoader/]: -Dio.netty.native.deleteLibAfterLoading: true
[10Jan2026 02:46:41.174] [Server thread/DEBUG] [io.netty.util.internal.NativeLibraryLoader/]: -Dio.netty.native.tryPatchShadedId: true
[10Jan2026 02:46:41.174] [Server thread/DEBUG] [io.netty.util.internal.NativeLibraryLoader/]: -Dio.netty.native.detectNativeLibraryDuplicates: true
[10Jan2026 02:46:41.184] [Server thread/DEBUG] [io.netty.util.internal.NativeLibraryLoader/]: Successfully loaded the library /tmp/libnetty_transport_native_epoll_x86_647105984114683704831.so
[10Jan2026 02:46:41.187] [Server thread/DEBUG] [io.netty.util.NetUtil/]: -Djava.net.preferIPv4Stack: false
[10Jan2026 02:46:41.188] [Server thread/DEBUG] [io.netty.util.NetUtil/]: -Djava.net.preferIPv6Addresses: true
[10Jan2026 02:46:41.189] [Server thread/DEBUG] [io.netty.util.NetUtilInitializations/]: Loopback interface: lo (lo, 0:0:0:0:0:0:0:1%lo)
[10Jan2026 02:46:41.190] [Server thread/DEBUG] [io.netty.util.NetUtil/]: /proc/sys/net/core/somaxconn: 4096
[10Jan2026 02:46:41.196] [Server thread/INFO] [net.minecraft.server.network.ServerConnectionListener/]: Using epoll channel type
[10Jan2026 02:46:41.209] [Server thread/DEBUG] [io.netty.channel.MultithreadEventLoopGroup/]: -Dio.netty.eventLoopThreads: 8
[10Jan2026 02:46:41.230] [Server thread/DEBUG] [io.netty.util.internal.PlatformDependent/]: org.jctools-core.MpscChunkedArrayQueue: available
[10Jan2026 02:46:41.245] [Server thread/DEBUG] [io.netty.channel.DefaultChannelId/]: -Dio.netty.processId: 224926 (auto-detected)
[10Jan2026 02:46:41.247] [Server thread/DEBUG] [io.netty.channel.DefaultChannelId/]: -Dio.netty.machineId: 00:0d:3a:ff:fe:7c:9d:55 (auto-detected)
[10Jan2026 02:46:41.287] [Server thread/DEBUG] [io.netty.buffer.PooledByteBufAllocator/]: -Dio.netty.allocator.numHeapArenas: 8
[10Jan2026 02:46:41.287] [Server thread/DEBUG] [io.netty.buffer.PooledByteBufAllocator/]: -Dio.netty.allocator.numDirectArenas: 8
[10Jan2026 02:46:41.287] [Server thread/DEBUG] [io.netty.buffer.PooledByteBufAllocator/]: -Dio.netty.allocator.pageSize: 8192
[10Jan2026 02:46:41.287] [Server thread/DEBUG] [io.netty.buffer.PooledByteBufAllocator/]: -Dio.netty.allocator.maxOrder: 9
[10Jan2026 02:46:41.287] [Server thread/DEBUG] [io.netty.buffer.PooledByteBufAllocator/]: -Dio.netty.allocator.chunkSize: 4194304
[10Jan2026 02:46:41.287] [Server thread/DEBUG] [io.netty.buffer.PooledByteBufAllocator/]: -Dio.netty.allocator.smallCacheSize: 256
[10Jan2026 02:46:41.288] [Server thread/DEBUG] [io.netty.buffer.PooledByteBufAllocator/]: -Dio.netty.allocator.normalCacheSize: 64
[10Jan2026 02:46:41.288] [Server thread/DEBUG] [io.netty.buffer.PooledByteBufAllocator/]: -Dio.netty.allocator.maxCachedBufferCapacity: 32768
[10Jan2026 02:46:41.288] [Server thread/DEBUG] [io.netty.buffer.PooledByteBufAllocator/]: -Dio.netty.allocator.cacheTrimInterval: 8192
[10Jan2026 02:46:41.288] [Server thread/DEBUG] [io.netty.buffer.PooledByteBufAllocator/]: -Dio.netty.allocator.cacheTrimIntervalMillis: 0
[10Jan2026 02:46:41.288] [Server thread/DEBUG] [io.netty.buffer.PooledByteBufAllocator/]: -Dio.netty.allocator.useCacheForAllThreads: false
[10Jan2026 02:46:41.288] [Server thread/DEBUG] [io.netty.buffer.PooledByteBufAllocator/]: -Dio.netty.allocator.maxCachedByteBuffersPerChunk: 1023
[10Jan2026 02:46:41.298] [Server thread/DEBUG] [io.netty.buffer.ByteBufUtil/]: -Dio.netty.allocator.type: pooled
[10Jan2026 02:46:41.299] [Server thread/DEBUG] [io.netty.buffer.ByteBufUtil/]: -Dio.netty.threadLocalDirectBufferSize: 0
[10Jan2026 02:46:41.299] [Server thread/DEBUG] [io.netty.buffer.ByteBufUtil/]: -Dio.netty.maxThreadLocalCharBufferSize: 16384
[10Jan2026 02:46:41.308] [Server thread/WARN] [net.minecraft.server.dedicated.DedicatedServer/]: **** SERVER IS RUNNING IN OFFLINE/INSECURE MODE!
[10Jan2026 02:46:41.309] [Server thread/WARN] [net.minecraft.server.dedicated.DedicatedServer/]: The server will make no attempt to authenticate usernames. Beware.
[10Jan2026 02:46:41.309] [Server thread/WARN] [net.minecraft.server.dedicated.DedicatedServer/]: While this makes the game possible to play without internet access, it also opens up the ability for hackers to connect with any username they choose.
[10Jan2026 02:46:41.309] [Server thread/WARN] [net.minecraft.server.dedicated.DedicatedServer/]: To change this, set "online-mode" to "true" in the server.properties file.
[10Jan2026 02:46:41.317] [Server thread/DEBUG] [mixin/]: Mixing common.access.registry.AccessRegistrySynchronization from crafttweaker.mixins.json into net.minecraft.core.RegistrySynchronization
[10Jan2026 02:46:41.317] [Server thread/DEBUG] [mixin/]: Renaming @Invoker method crafttweaker$callOwnedNetworkableRegistries(Lnet/minecraft/core/RegistryAccess;)Ljava/util/stream/Stream; to crafttweaker$callOwnedNetworkableRegistries_$md$a58a52$0 in crafttweaker.mixins.json:common.access.registry.AccessRegistrySynchronization
[10Jan2026 02:46:41.323] [Server thread/DEBUG] [net.minecraftforge.fml.config.ConfigTracker/CONFIG]: Loading configs type SERVER
[10Jan2026 02:46:41.323] [Server thread/DEBUG] [net.minecraftforge.fml.config.ConfigFileTypeHandler/CONFIG]: Built TOML config for ./world/serverconfig/jei-server.toml
[10Jan2026 02:46:41.323] [Server thread/DEBUG] [net.minecraftforge.fml.config.ConfigFileTypeHandler/CONFIG]: Loaded TOML config file ./world/serverconfig/jei-server.toml
[10Jan2026 02:46:41.324] [Server thread/DEBUG] [net.minecraftforge.fml.config.ConfigFileTypeHandler/CONFIG]: Watching TOML config file ./world/serverconfig/jei-server.toml for changes
[10Jan2026 02:46:41.324] [Server thread/DEBUG] [net.minecraftforge.fml.config.ConfigFileTypeHandler/CONFIG]: Built TOML config for ./world/serverconfig/reap-server.toml
[10Jan2026 02:46:41.324] [Server thread/DEBUG] [net.minecraftforge.fml.config.ConfigFileTypeHandler/CONFIG]: Loaded TOML config file ./world/serverconfig/reap-server.toml
[10Jan2026 02:46:41.324] [Server thread/DEBUG] [net.minecraftforge.fml.config.ConfigFileTypeHandler/CONFIG]: Watching TOML config file ./world/serverconfig/reap-server.toml for changes
[10Jan2026 02:46:41.327] [Server thread/DEBUG] [net.minecraftforge.fml.config.ConfigFileTypeHandler/CONFIG]: Built TOML config for ./world/serverconfig/travelersbackpack-server.toml
[10Jan2026 02:46:41.328] [Server thread/DEBUG] [net.minecraftforge.fml.config.ConfigFileTypeHandler/CONFIG]: Loaded TOML config file ./world/serverconfig/travelersbackpack-server.toml
[10Jan2026 02:46:41.328] [Server thread/DEBUG] [net.minecraftforge.fml.config.ConfigFileTypeHandler/CONFIG]: Watching TOML config file ./world/serverconfig/travelersbackpack-server.toml for changes
[10Jan2026 02:46:41.341] [Server thread/DEBUG] [fuzs.puzzleslib.impl.config.core.ForgeConfigFileTypeHandler/CONFIG]: Built TOML config for /workspaces/Servy/servidor_minecraft/config/pickupnotifier/pickupnotifier-server.toml
[10Jan2026 02:46:41.341] [Server thread/DEBUG] [fuzs.puzzleslib.impl.config.core.ForgeConfigFileTypeHandler/CONFIG]: Loaded TOML config file /workspaces/Servy/servidor_minecraft/config/pickupnotifier/pickupnotifier-server.toml
[10Jan2026 02:46:41.342] [Server thread/DEBUG] [fuzs.puzzleslib.impl.config.core.ForgeConfigFileTypeHandler/CONFIG]: Watching TOML config file /workspaces/Servy/servidor_minecraft/config/pickupnotifier/pickupnotifier-server.toml for changes
[10Jan2026 02:46:41.343] [Server thread/INFO] [Puzzles Lib/]: Loading server config for pickupnotifier
[10Jan2026 02:46:41.344] [Server thread/DEBUG] [net.minecraftforge.fml.config.ConfigFileTypeHandler/CONFIG]: Built TOML config for ./world/serverconfig/forge-server.toml
[10Jan2026 02:46:41.345] [Server thread/DEBUG] [net.minecraftforge.fml.config.ConfigFileTypeHandler/CONFIG]: Loaded TOML config file ./world/serverconfig/forge-server.toml
[10Jan2026 02:46:41.345] [Server thread/DEBUG] [net.minecraftforge.fml.config.ConfigFileTypeHandler/CONFIG]: Watching TOML config file ./world/serverconfig/forge-server.toml for changes
[10Jan2026 02:46:41.345] [Server thread/DEBUG] [net.minecraftforge.common.ForgeConfig/FORGEMOD]: Loaded forge config file forge-server.toml
[10Jan2026 02:46:41.346] [Server thread/DEBUG] [net.minecraftforge.fml.config.ConfigFileTypeHandler/CONFIG]: Built TOML config for ./world/serverconfig/curios-server.toml
[10Jan2026 02:46:41.346] [Server thread/DEBUG] [net.minecraftforge.fml.config.ConfigFileTypeHandler/CONFIG]: Loaded TOML config file ./world/serverconfig/curios-server.toml
[10Jan2026 02:46:41.346] [Server thread/DEBUG] [net.minecraftforge.fml.config.ConfigFileTypeHandler/CONFIG]: Watching TOML config file ./world/serverconfig/curios-server.toml for changes
[10Jan2026 02:46:41.347] [Server thread/DEBUG] [net.minecraftforge.fml.config.ConfigFileTypeHandler/CONFIG]: Built TOML config for ./world/serverconfig/mantle-server.toml
[10Jan2026 02:46:41.347] [Server thread/DEBUG] [net.minecraftforge.fml.config.ConfigFileTypeHandler/CONFIG]: Loaded TOML config file ./world/serverconfig/mantle-server.toml
[10Jan2026 02:46:41.347] [Server thread/DEBUG] [net.minecraftforge.fml.config.ConfigFileTypeHandler/CONFIG]: Watching TOML config file ./world/serverconfig/mantle-server.toml for changes
[10Jan2026 02:46:41.348] [Server thread/DEBUG] [net.minecraftforge.fml.config.ConfigFileTypeHandler/CONFIG]: Built TOML config for ./world/serverconfig/securitycraft-server.toml
[10Jan2026 02:46:41.349] [Server thread/DEBUG] [net.minecraftforge.fml.config.ConfigFileTypeHandler/CONFIG]: Loaded TOML config file ./world/serverconfig/securitycraft-server.toml
[10Jan2026 02:46:41.349] [Server thread/DEBUG] [net.minecraftforge.fml.config.ConfigFileTypeHandler/CONFIG]: Watching TOML config file ./world/serverconfig/securitycraft-server.toml for changes
[10Jan2026 02:46:41.353] [Server thread/DEBUG] [net.minecraftforge.fml.config.ConfigFileTypeHandler/CONFIG]: Built TOML config for /workspaces/Servy/servidor_minecraft/config/tombstone-server.toml
[10Jan2026 02:46:41.354] [Server thread/DEBUG] [net.minecraftforge.fml.config.ConfigFileTypeHandler/CONFIG]: Loaded TOML config file /workspaces/Servy/servidor_minecraft/config/tombstone-server.toml
[10Jan2026 02:46:41.354] [Server thread/DEBUG] [net.minecraftforge.fml.config.ConfigFileTypeHandler/CONFIG]: Watching TOML config file /workspaces/Servy/servidor_minecraft/config/tombstone-server.toml for changes
[10Jan2026 02:46:41.356] [Server thread/DEBUG] [fuzs.puzzleslib.impl.config.core.ForgeConfigFileTypeHandler/CONFIG]: Built TOML config for /workspaces/Servy/servidor_minecraft/config/moblassos-server.toml
[10Jan2026 02:46:41.356] [Server thread/DEBUG] [fuzs.puzzleslib.impl.config.core.ForgeConfigFileTypeHandler/CONFIG]: Loaded TOML config file /workspaces/Servy/servidor_minecraft/config/moblassos-server.toml
[10Jan2026 02:46:41.356] [Server thread/DEBUG] [fuzs.puzzleslib.impl.config.core.ForgeConfigFileTypeHandler/CONFIG]: Watching TOML config file /workspaces/Servy/servidor_minecraft/config/moblassos-server.toml for changes
[10Jan2026 02:46:41.359] [Server thread/INFO] [Puzzles Lib/]: Loading server config for moblassos
[10Jan2026 02:46:41.362] [Server thread/DEBUG] [mixin/]: Mixing accessor.BiomeSpecialEffectsBuilderForgeAccessor from puzzleslib.forge.mixins.json into net.minecraft.world.level.biome.BiomeSpecialEffects$Builder
[10Jan2026 02:46:41.577] [Server thread/INFO] [spark/]: Starting background profiler...
[10Jan2026 02:46:42.218] [Server thread/INFO] [terrablender/]: Initialized TerraBlender biomes for level stem minecraft:overworld
[10Jan2026 02:46:42.220] [Server thread/INFO] [terrablender/]: Initialized TerraBlender biomes for level stem minecraft:the_nether
[10Jan2026 02:46:42.220] [Server thread/INFO] [net.minecraft.server.dedicated.DedicatedServer/]: Preparing level "world"
[10Jan2026 02:46:42.221] [Server thread/DEBUG] [mixin/]: Mixing feature.branding.BrandingControlMixin from modernfix-forge.mixins.json into net.minecraftforge.internal.BrandingControl
[10Jan2026 02:46:42.235] [Server thread/DEBUG] [net.minecraftforge.coremod.transformer.CoreModBaseTransformer/COREMOD]: Transforming net/minecraft/world/level/levelgen/PhantomSpawner
[10Jan2026 02:46:42.241] [Server thread/DEBUG] [net.minecraftforge.coremod.transformer.CoreModBaseTransformer/COREMOD]: Transforming net/minecraft/world/level/levelgen/PatrolSpawner
[10Jan2026 02:46:42.248] [Server thread/DEBUG] [net.minecraftforge.coremod.transformer.CoreModBaseTransformer/COREMOD]: Transforming net/minecraft/world/entity/npc/CatSpawner
[10Jan2026 02:46:42.252] [Server thread/DEBUG] [net.minecraftforge.coremod.transformer.CoreModBaseTransformer/COREMOD]: Transforming net/minecraft/world/entity/ai/village/VillageSiege
[10Jan2026 02:46:42.293] [Server thread/DEBUG] [mixin/]: Mixing perf.ticking_chunk_alloc.ChunkHolderMixin from modernfix-common.mixins.json into net.minecraft.server.level.ChunkHolder
[10Jan2026 02:46:42.300] [Server thread/DEBUG] [mixin/]: Mixing bugfix.paper_chunk_patches.ChunkMapMixin from modernfix-common.mixins.json into net.minecraft.server.level.ChunkMap
[10Jan2026 02:46:42.301] [Server thread/DEBUG] [mixin/]: Renaming synthetic method lambda$useLegacySchedulingLogic$1(Lnet/minecraft/world/level/chunk/ChunkStatus;Lnet/minecraft/world/level/ChunkPos;Lnet/minecraft/server/level/ChunkHolder;Lcom/mojang/datafixers/util/Either;)Ljava/util/concurrent/CompletionStage; to mda58a52$lambda$useLegacySchedulingLogic$1$0 in modernfix-common.mixins.json:bugfix.paper_chunk_patches.ChunkMapMixin
[10Jan2026 02:46:42.301] [Server thread/DEBUG] [mixin/]: Renaming synthetic method lambda$useLegacySchedulingLogic$0(Lnet/minecraft/server/level/ChunkHolder;Lnet/minecraft/world/level/chunk/ChunkAccess;)Ljava/util/concurrent/CompletableFuture; to mda58a52$lambda$useLegacySchedulingLogic$0$1 in modernfix-common.mixins.json:bugfix.paper_chunk_patches.ChunkMapMixin
[10Jan2026 02:46:42.303] [Server thread/DEBUG] [mixin/]: Mixing bugfix.chunk_deadlock.ChunkMapLoadMixin from modernfix-forge.mixins.json into net.minecraft.server.level.ChunkMap
[10Jan2026 02:46:42.304] [Server thread/DEBUG] [mixin/]: Mixing camera.ChunkMapMixin from securitycraft.mixins.json into net.minecraft.server.level.ChunkMap
[10Jan2026 02:46:42.305] [Server thread/DEBUG] [mixin/]: Renaming synthetic method lambda$securitycraft$onDropChunk$3(Lnet/minecraft/server/level/ServerPlayer;Lnet/minecraft/world/level/ChunkPos;Lnet/geforcemods/securitycraft/blockentities/SecurityCameraBlockEntity;)Z to mda58a52$lambda$securitycraft$onDropChunk$3$2 in securitycraft.mixins.json:camera.ChunkMapMixin
[10Jan2026 02:46:42.305] [Server thread/DEBUG] [mixin/]: Renaming synthetic method lambda$securitycraft$sendChunksToCameras$2(Lnet/minecraft/server/level/ServerPlayer;Lnet/minecraft/world/level/ChunkPos;Lnet/geforcemods/securitycraft/blockentities/SecurityCameraBlockEntity;)Z to mda58a52$lambda$securitycraft$sendChunksToCameras$2$3 in securitycraft.mixins.json:camera.ChunkMapMixin
[10Jan2026 02:46:42.305] [Server thread/DEBUG] [mixin/]: Renaming synthetic method lambda$securitycraft$trackCameraLoadedChunks$1(Lnet/minecraft/server/level/ServerPlayer;Lnet/minecraft/world/level/ChunkPos;Lnet/geforcemods/securitycraft/blockentities/SecurityCameraBlockEntity;)Z to mda58a52$lambda$securitycraft$trackCameraLoadedChunks$1$4 in securitycraft.mixins.json:camera.ChunkMapMixin
[10Jan2026 02:46:42.305] [Server thread/DEBUG] [mixin/]: Renaming synthetic method lambda$securitycraft$trackCameraLoadedChunks$0(Lnet/minecraft/server/level/ServerPlayer;Lnet/geforcemods/securitycraft/blockentities/SecurityCameraBlockEntity;)Z to mda58a52$lambda$securitycraft$trackCameraLoadedChunks$0$5 in securitycraft.mixins.json:camera.ChunkMapMixin
[10Jan2026 02:46:42.501] [Server thread/DEBUG] [mixin/]: Mixing perf.cache_strongholds.ChunkGeneratorMixin from modernfix-common.mixins.json into net.minecraft.world.level.chunk.ChunkGeneratorStructureState
[10Jan2026 02:46:42.501] [Server thread/DEBUG] [mixin/]: Renaming synthetic method lambda$saveCachedData$0(Ljava/util/List;)Ljava/util/List; to mda58a52$lambda$saveCachedData$0$0 in modernfix-common.mixins.json:perf.cache_strongholds.ChunkGeneratorMixin
[10Jan2026 02:46:42.581] [Server thread/DEBUG] [ModernFix/]: Loaded stronghold cache for dimension minecraft:overworld with 128 positions
[10Jan2026 02:46:42.633] [Server thread/DEBUG] [mixin/]: Mixing WalkNodeEvaluatorMixin from fossil_forge.mixins.json into net.minecraft.world.level.pathfinder.WalkNodeEvaluator
[10Jan2026 02:46:42.954] [Server thread/DEBUG] [mixin/]: Mixing MixinPiglinAi from curios.mixins.json into net.minecraft.world.entity.monster.piglin.PiglinAi
[10Jan2026 02:46:42.978] [Server thread/DEBUG] [mixin/]: Mixing ProjectileUtilMixin from morehitboxes.mixins.json into net.minecraft.world.entity.projectile.ProjectileUtil
[10Jan2026 02:46:43.132] [Server thread/DEBUG] [ModernFix/]: Loaded stronghold cache for dimension graveyard:past with 128 positions
[10Jan2026 02:46:43.152] [Server thread/DEBUG] [ModernFix/]: Loaded stronghold cache for dimension fossil:treasure_room with 1 positions
[10Jan2026 02:46:43.157] [Server thread/DEBUG] [ModernFix/]: Loaded stronghold cache for dimension fossil:anu_lair with 1 positions
[10Jan2026 02:46:43.181] [Server thread/INFO] [net.minecraft.server.MinecraftServer/]: Preparing start region for dimension minecraft:overworld
[10Jan2026 02:46:43.182] [Server thread/DEBUG] [mixin/]: Mixing bugfix.paper_chunk_patches.SortedArraySetMixin from modernfix-common.mixins.json into net.minecraft.util.SortedArraySet
[10Jan2026 02:46:43.384] [Server thread/DEBUG] [mixin/]: Mixing MixinChunkSerializer from architectury.mixins.json into net.minecraft.world.level.chunk.storage.ChunkSerializer
[10Jan2026 02:46:43.398] [Server thread/DEBUG] [mixin/]: Mixing perf.compact_bit_storage.PalettedContainerMixin from modernfix-common.mixins.json into net.minecraft.world.level.chunk.PalettedContainer
[10Jan2026 02:46:43.833] [Server thread/DEBUG] [net.minecraftforge.coremod.transformer.CoreModBaseTransformer/COREMOD]: Transforming net/minecraft/world/level/levelgen/structure/templatesystem/StructureTemplate
[10Jan2026 02:46:43.859] [Server thread/DEBUG] [mixin/]: Mixing passcode.StructureTemplateMixin from securitycraft.mixins.json into net.minecraft.world.level.levelgen.structure.templatesystem.StructureTemplate
[10Jan2026 02:46:43.875] [Server thread/DEBUG] [ModernFix/]: Using cached upgraded version of born_in_chaos_v1:mini_ferma
[10Jan2026 02:46:43.883] [Server thread/DEBUG] [mixin/]: Mixing perf.cache_blockstate_cache_arrays.AbstractBlockStateCacheMixin from modernfix-common.mixins.json into net.minecraft.world.level.block.state.BlockBehaviour$BlockStateBase$Cache
[10Jan2026 02:46:43.884] [Server thread/DEBUG] [mixin/]: Mixing BlockStateCacheMixin from ferritecore.blockstatecache.mixin.json into net.minecraft.world.level.block.state.BlockBehaviour$BlockStateBase$Cache
[10Jan2026 02:46:43.901] [Server thread/DEBUG] [mixin/]: Mixing SubShapeAccess from ferritecore.blockstatecache.mixin.json into net.minecraft.world.phys.shapes.SubShape
[10Jan2026 02:46:44.437] [Server thread/DEBUG] [ModernFix/]: Using cached upgraded version of graveyard:small_savanna_grave/small_savanna_grave_02
[10Jan2026 02:46:44.597] [Server thread/INFO] [net.minecraft.server.level.progress.LoggerChunkProgressListener/]: Preparing spawn area: 0%
[10Jan2026 02:46:44.598] [Server thread/INFO] [net.minecraft.server.level.progress.LoggerChunkProgressListener/]: Preparing spawn area: 0%
[10Jan2026 02:46:44.598] [Server thread/INFO] [net.minecraft.server.level.progress.LoggerChunkProgressListener/]: Preparing spawn area: 0%
[10Jan2026 02:46:44.682] [Server thread/INFO] [net.minecraft.server.level.progress.LoggerChunkProgressListener/]: Preparing spawn area: 0%
[10Jan2026 02:46:45.048] [Server thread/DEBUG] [io.netty.buffer.AbstractByteBuf/]: -Dio.netty.buffer.checkAccessible: true
[10Jan2026 02:46:45.048] [Server thread/DEBUG] [io.netty.buffer.AbstractByteBuf/]: -Dio.netty.buffer.checkBounds: true
[10Jan2026 02:46:45.048] [Server thread/DEBUG] [io.netty.util.ResourceLeakDetectorFactory/]: Loaded default ResourceLeakDetector: io.netty.util.ResourceLeakDetector@6d54cad2
[10Jan2026 02:46:45.403] [Server thread/INFO] [net.minecraft.server.level.progress.LoggerChunkProgressListener/]: Time elapsed: 2222 ms
[10Jan2026 02:46:45.404] [Server thread/INFO] [net.minecraft.server.dedicated.DedicatedServer/]: Done (4.081s)! For help, type "help"
[10Jan2026 02:46:45.413] [Server thread/DEBUG] [net.minecraftforge.network.DualStackUtils/]: Detected IPv6 address: "0:0:0:0:0:0:0:0"
[10Jan2026 02:46:45.466] [Server thread/DEBUG] [net.minecraftforge.common.ForgeI18n/CORE]: Loading I18N data entries: 13643
[10Jan2026 02:46:45.469] [Server thread/INFO] [net.minecraftforge.server.permission.PermissionAPI/]: Successfully initialized permission handler forge:default_handler
[10Jan2026 02:46:45.472] [Server thread/INFO] [com.becks.uniquedungeons.UniqueDungeons/]: HELLO from server starting
[10Jan2026 02:46:45.498] [Server thread/INFO] [Observable/]: Registered thread Server thread
[10Jan2026 02:46:45.499] [Server thread/WARN] [ModernFix/]: Dedicated server took 34.352 seconds to load
[10Jan2026 02:46:45.658] [Server thread/DEBUG] [net.minecraftforge.coremod.transformer.CoreModBaseTransformer/COREMOD]: Transforming net/minecraft/world/level/NaturalSpawner
[10Jan2026 02:46:45.676] [Server thread/DEBUG] [mixin/]: Mixing item.wearable.NaturalSpawnerMixin from mixins.artifacts.common.json into net.minecraft.world.level.NaturalSpawner
[10Jan2026 02:46:45.676] [Server thread/DEBUG] [mixin/]: Renaming synthetic method lambda$spawnCategoryForPosition$0(Lnet/minecraft/world/entity/Mob;Lnet/minecraft/world/item/ItemStack;)V to mda58a52$lambda$spawnCategoryForPosition$0$0 in mixins.artifacts.common.json:item.wearable.NaturalSpawnerMixin
[10Jan2026 02:46:45.677] [Server thread/DEBUG] [mixin/]: Mixing NaturalSpawnerMixin from fossil_common.mixins.json into net.minecraft.world.level.NaturalSpawner
[10Jan2026 02:46:45.710] [Server thread/DEBUG] [mixin/]: Mixing camera.TrackedEntityMixin from securitycraft.mixins.json into net.minecraft.server.level.ChunkMap$TrackedEntity
[10Jan2026 02:46:45.714] [Server thread/DEBUG] [net.minecraftforge.coremod.transformer.CoreModBaseTransformer/COREMOD]: Transforming m_8543_ with desc ()V
[10Jan2026 02:46:45.714] [Server thread/DEBUG] [mixin/]: Mixing ServerEntityMixin from fossil_common.mixins.json into net.minecraft.server.level.ServerEntity
[10Jan2026 02:46:45.715] [Server thread/DEBUG] [mixin/]: Renaming synthetic method lambda$fossilsArcheologyRevival$hasFAMobAsPassenger$0(Lnet/minecraft/world/entity/Entity;)Z to mda58a52$lambda$fossilsArcheologyRevival$hasFAMobAsPassenger$0$0 in fossil_common.mixins.json:ServerEntityMixin
[10Jan2026 02:46:45.777] [Server thread/DEBUG] [artifacts.Artifacts/]: Loaded artifacts.forge.platform.ForgePlatformHelper@40d1175c for service interface artifacts.platform.PlatformHelper
[10Jan2026 02:51:45.582] [Server thread/DEBUG] [net.minecraftforge.common.ForgeHooks/WP]: Gathering id map for writing to world save world
[10Jan2026 02:51:45.605] [Server thread/DEBUG] [net.minecraftforge.common.ForgeHooks/WP]: ID Map collection complete world
[10Jan2026 02:56:45.526] [Server thread/DEBUG] [net.minecraftforge.common.ForgeHooks/WP]: Gathering id map for writing to world save world
[10Jan2026 02:56:45.543] [Server thread/DEBUG] [net.minecraftforge.common.ForgeHooks/WP]: ID Map collection complete world
[10Jan2026 03:01:45.518] [Server thread/DEBUG] [net.minecraftforge.common.ForgeHooks/WP]: Gathering id map for writing to world save world
[10Jan2026 03:01:45.535] [Server thread/DEBUG] [net.minecraftforge.common.ForgeHooks/WP]: ID Map collection complete world
[10Jan2026 03:06:45.503] [Server thread/DEBUG] [net.minecraftforge.common.ForgeHooks/WP]: Gathering id map for writing to world save world
[10Jan2026 03:06:45.514] [Server thread/DEBUG] [net.minecraftforge.common.ForgeHooks/WP]: ID Map collection complete world
